id,phenomena,family,spoken_rendering,expected_summary,actual_summary,failure_signature,selected_because
rd-656bd4d41c8a7cda02a137e2,,family-exact-date-time-person-date,Join the dentist appointment for the birthday with Priya Shah on Tue Aug 4 at 16:15.,"{""ambiguity_policy"":""act"",""item_count"":1,""items"":[{""date"":""Tue Aug 4"",""facts"":[""join the dentist appointment for the birthday""],""forbidden_facts"":[],""location"":null,""needs_review"":false,""negation"":false,""person"":""Priya Shah"",""prohibition"":false,""recurrence"":null,""route"":""Today"",""state"":""outstanding"",""time"":""16:15"",""title"":""join the dentist appointment for the birthday"",""type"":""reminder""}],""operations"":[],""shared_context"":{""location"":null,""person"":null,""temporal"":null}}","{""items"":[{""analysis"":""Join the dentist appointment for the birthday with Priya Shah on Tue Aug 4 at 4:15 pm."",""delivery"":""none"",""due"":1785874500,""location"":""nil"",""needsReview"":false,""person"":null,""quote"":""Join the dentist appointment for the birthday with Priya Shah on Tue Aug 4 at 4:15 pm."",""rawQuote"":""Join the dentist appointment for the birthday with Priya Shah on Tue Aug 4 at 16:15"",""recurrence"":""nil"",""reminder"":null,""route"":""Today"",""state"":""resolved"",""title"":""Join the dentist appointment for the birthday with Priya Shah on Tue Aug 4 at 4:15 pm"",""type"":""event"",""wasRepaired"":true}],""operations"":[],""text"":""Join the dentist appointment for the birthday with Priya Shah on Tue Aug 4 at 16:15.""}",person_preservation|time_preservation|type:aee8c4776546e0a4,failure|hash_random_fill
rd-a2df21f5e83737eed16b9347,,family-two-tasks-shared-location-plain,"Print the handouts for the core project at Farm Boy. Also, call Maya about dinner with Maya Chen at Farm Boy.","{""ambiguity_policy"":""act"",""item_count"":2,""items"":[{""date"":null,""facts"":[""print the handouts for the core project""],""forbidden_facts"":[],""location"":""Farm Boy"",""needs_review"":false,""negation"":false,""person"":null,""prohibition"":false,""recurrence"":null,""route"":""Today"",""state"":""outstanding"",""time"":null,""title"":""print the handouts for the core project"",""type"":""task""},{""date"":null,""facts"":[""call Maya about dinner""],""forbidden_facts"":[],""location"":""Farm Boy"",""needs_review"":false,""negation"":false,""person"":""Maya Chen"",""prohibition"":false,""recurrence"":null,""route"":""Today"",""state"":""outstanding"",""time"":null,""title"":""call Maya about dinner"",""type"":""task""}],""operations"":[],""shared_context"":{""location"":""Farm Boy"",""person"":null,""temporal"":null}}","{""items"":[{""analysis"":""Print the handouts for the core project at Farm Boy"",""delivery"":""none"",""due"":null,""location"":""nil"",""needsReview"":false,""person"":null,""quote"":""Print the handouts for the core project at Farm Boy"",""rawQuote"":""Print the handouts for the core project at Farm Boy"",""recurrence"":""nil"",""reminder"":null,""route"":""Today"",""state"":""resolved"",""title"":""Print the handouts for the core project at Farm Boy"",""type"":""task"",""wasRepaired"":false},{""analysis"":""call Maya about dinner with Maya Chen at Farm Boy"",""delivery"":""none"",""due"":null,""location"":""nil"",""needsReview"":false,""person"":""Maya"",""quote"":""call Maya about dinner with Maya Chen at Farm Boy"",""rawQuote"":""call Maya about dinner with Maya Chen at Farm Boy"",""recurrence"":""nil"",""reminder"":null,""route"":""Today"",""state"":""resolved"",""title"":""Call Maya about dinner with Maya Chen at Farm Boy"",""type"":""personFollowUp"",""wasRepaired"":false}],""operations"":[],""text"":""Print the handouts for the core project at Farm Boy. Also, call Maya about dinner with Maya Chen at Farm Boy.""}",location_preservation|type:f801f2db117f0ea1,failure|hash_random_fill
rd-1ca5aa10370174307937068c,uncertainty|change-of-intent|sign-off-trailing-noise,family-ambiguous-review-person-date,"Maybe this is a task, maybe it's only a thought— I'm not sure whether this is a task or just something to keep, but a note for later: send the document to her for the birthday with Priya Shah, okay that's all.","{""ambiguity_policy"":""review"",""item_count"":1,""items"":[{""date"":null,""facts"":[""send the document to her for the birthday""],""forbidden_facts"":[],""location"":null,""needs_review"":true,""negation"":false,""person"":""Priya Shah"",""prohibition"":false,""recurrence"":null,""route"":""Memory"",""state"":""uncertain"",""time"":null,""title"":""send the document to her for the birthday"",""type"":""note""}],""operations"":[],""shared_context"":{""location"":null,""person"":null,""temporal"":null}}","{""items"":[{""analysis"":""Maybe this is a task, maybe it's only a thought— I'm not sure whether this is a task or just something to keep, but a note for later:"",""delivery"":""none"",""due"":null,""location"":""nil"",""needsReview"":false,""person"":null,""quote"":""Maybe this is a task, maybe it's only a thought— I'm not sure whether this is a task or just something to keep, but a note for later:"",""rawQuote"":""Maybe this is a task, maybe it's only a thought— I'm not sure whether this is a task or just something to keep, but a note for later:"",""recurrence"":""nil"",""reminder"":null,""route"":""Memory"",""state"":""resolved"",""title"":""This is a task, maybe it's only a thought— I'm not sure whether this is a task or just something to keep, but a note for later"",""type"":""note"",""wasRepaired"":false},{""analysis"":""send the document to her for the birthday with Priya Shah, okay that's all"",""delivery"":""none"",""due"":null,""location"":""nil"",""needsReview"":false,""person"":null,""quote"":""send the document to her for the birthday with Priya Shah, okay that's all"",""rawQuote"":""send the document to her for the birthday with Priya Shah, okay that's all"",""recurrence"":""nil"",""reminder"":null,""route"":""Today"",""state"":""resolved"",""title"":""Send the document to her for the birthday with Priya Shah, okay that's all"",""type"":""task"",""wasRepaired"":false}],""operations"":[],""text"":""Maybe this is a task, maybe it's only a thought— I'm not sure whether this is a task or just something to keep, but a note for later: send the document to her for the birthday with Priya Shah, okay that's all.""}",item_count|over_split|person_preservation|review_ambiguity_behavior|routing|type|wrong_merge:94983156efe3d36c,phenomenon_coverage|multi_phenomenon|failure|compound_failure|unusual_item_count|ai_candidate|suspicious_synthetic
rd-3de1e83ed24fcbdec3e11664,,family-two-tasks-shared-location-weekend-context,"Print the handouts for the family trip with Xochitl Rivera at Farm Boy on Sat Aug 8 at 11:00. Also, call Maya about dinner with Xochitl Rivera at Farm Boy on Sat Aug 8 at 11:00.","{""ambiguity_policy"":""act"",""item_count"":2,""items"":[{""date"":""Sat Aug 8"",""facts"":[""print the handouts for the family trip""],""forbidden_facts"":[],""location"":""Farm Boy"",""needs_review"":false,""negation"":false,""person"":""Xochitl Rivera"",""prohibition"":false,""recurrence"":null,""route"":""Today"",""state"":""outstanding"",""time"":""11:00"",""title"":""print the handouts for the family trip"",""type"":""task""},{""date"":""Sat Aug 8"",""facts"":[""call Maya about dinner""],""forbidden_facts"":[],""location"":""Farm Boy"",""needs_review"":false,""negation"":false,""person"":""Xochitl Rivera"",""prohibition"":false,""recurrence"":null,""route"":""Today"",""state"":""outstanding"",""time"":""11:00"",""title"":""call Maya about dinner"",""type"":""task""}],""operations"":[],""shared_context"":{""location"":""Farm Boy"",""person"":""Xochitl Rivera"",""temporal"":null}}","{""items"":[{""analysis"":""Print the handouts for the family trip with Xochitl Rivera at Farm Boy on Sat Aug 8 at 11:00"",""delivery"":""none"",""due"":1786201200,""location"":""nil"",""needsReview"":false,""person"":null,""quote"":""Print the handouts for the family trip with Xochitl Rivera at Farm Boy on Sat Aug 8 at 11:00"",""rawQuote"":""Print the handouts for the family trip with Xochitl Rivera at Farm Boy on Sat Aug 8 at 11:00"",""recurrence"":""nil"",""reminder"":null,""route"":""Today"",""state"":""resolved"",""title"":""Print the handouts for the family trip with Xochitl Rivera at Farm Boy on Sat Aug 8 at 11:00"",""type"":""task"",""wasRepaired"":false},{""analysis"":""call Maya about dinner with Xochitl Rivera at Farm Boy on Sat Aug 8 at 11:00"",""delivery"":""none"",""due"":1786244400,""location"":""nil"",""needsReview"":false,""person"":""Maya"",""quote"":""call Maya about dinner with Xochitl Rivera at Farm Boy on Sat Aug 8 at 11:00"",""rawQuote"":""call Maya about dinner with Xochitl Rivera at Farm Boy on Sat Aug 8 at 11:00"",""recurrence"":""nil"",""reminder"":null,""route"":""Today"",""state"":""resolved"",""title"":""Call Maya about dinner with Xochitl Rivera at Farm Boy on Sat Aug 8 at 11:00"",""type"":""personFollowUp"",""wasRepaired"":false}],""operations"":[],""text"":""Print the handouts for the family trip with Xochitl Rivera at Farm Boy on Sat Aug 8 at 11:00. Also, call Maya about dinner with Xochitl Rivera at Farm Boy on Sat Aug 8 at 11:00.""}",location_preservation|person_preservation|time_preservation|type:a8ea155a6d94fb7f,failure|hash_random_fill
rd-d608f79bc52d0fb52a7eda31,,family-prohibition-priority-context,Do not send the confidential draft for the tax filing with Hope Reed on Wed Aug 5.,"{""ambiguity_policy"":""act"",""item_count"":1,""items"":[{""date"":""Wed Aug 5"",""facts"":[""send the confidential draft for the tax filing""],""forbidden_facts"":[],""location"":null,""needs_review"":false,""negation"":true,""person"":""Hope Reed"",""prohibition"":true,""recurrence"":null,""route"":""Today"",""state"":""outstanding"",""time"":null,""title"":""send the confidential draft for the tax filing"",""type"":""task""}],""operations"":[],""shared_context"":{""location"":null,""person"":null,""temporal"":null}}","{""items"":[],""operations"":[{""operation"":""cancel"",""scoped"":false,""target"":""send the confidential draft for the tax filing with hope reed on wed aug 5""}],""text"":""Do not send the confidential draft for the tax filing with Hope Reed on Wed Aug 5.""}",cancellation_correctness|date_preservation|false_negative_item_creation|item_count|location_preservation|lost_information|person_preservation|recurrence_preservation|routing|time_preservation|title_content_preservation|type|under_split|wrong_merge:38bbeb4049f60a00,safety_critical|failure|compound_failure|unusual_item_count
rd-0f48e890a349b259d7e43a2a,self-correction-person|hesitation|sign-off-trailing-noise,family-negative-statement-person-time,"This is for Sam— sorry, for Noah Brooks. make a note that the invoice was not sent for the interview with Noah Brooks on Tue Aug 4 at 09:30, okay that's all.","{""ambiguity_policy"":""act"",""item_count"":1,""items"":[{""date"":""Tue Aug 4"",""facts"":[""record that the invoice was not sent for the interview""],""forbidden_facts"":[],""location"":null,""needs_review"":false,""negation"":true,""person"":""Noah Brooks"",""prohibition"":false,""recurrence"":null,""route"":""Memory"",""state"":""informational"",""time"":""09:30"",""title"":""record that the invoice was not sent for the interview"",""type"":""memory""}],""operations"":[],""shared_context"":{""location"":null,""person"":null,""temporal"":null}}","{""items"":[{""analysis"":""for Noah Brooks"",""delivery"":""none"",""due"":null,""location"":""nil"",""needsReview"":false,""person"":null,""quote"":""for Noah Brooks"",""rawQuote"":""for Sam— sorry, for Noah Brooks"",""recurrence"":""nil"",""reminder"":null,""route"":""Memory"",""state"":""resolved"",""title"":""For Noah Brooks"",""type"":""note"",""wasRepaired"":true},{""analysis"":""make a note that the invoice was not sent for the interview with Noah Brooks on Tue Aug 4 at 09:30, okay that's all"",""delivery"":""none"",""due"":null,""location"":""nil"",""needsReview"":false,""person"":null,""quote"":""make a note that the invoice was not sent for the interview with Noah Brooks on Tue Aug 4 at 09:30, okay that's all"",""rawQuote"":""make a note that the invoice was not sent for the interview with Noah Brooks on Tue Aug 4 at 09:30, okay that's all"",""recurrence"":""nil"",""reminder"":null,""route"":""Memory"",""state"":""resolved"",""title"":""The invoice was not sent for the interview with Noah Brooks on Tue Aug 4 at 09:30, okay that's all"",""type"":""note"",""wasRepaired"":false}],""operations"":[],""text"":""This is for Sam— sorry, for Noah Brooks. make a note that the invoice was not sent for the interview with Noah Brooks on Tue Aug 4 at 09:30, okay that's all.""}",date_preservation|item_count|lost_information|negation_correctness|over_split|person_preservation|routing|time_preservation|title_content_preservation|type|wrong_merge:947d29eef5cec453,phenomenon_coverage|safety_critical|multi_phenomenon|failure|compound_failure|unusual_item_count|ai_candidate
rd-50f27d93265ef691f1fb5d84,cancellation,family-cancellation-plain,"Okay, cancel the saved reminder to water the basil for the core project.","{""ambiguity_policy"":""act"",""item_count"":0,""items"":[],""operations"":[{""operation"":""cancel"",""scoped"":false,""target"":""water the basil for the core project""}],""shared_context"":{""location"":null,""person"":null,""temporal"":null}}","{""items"":[],""operations"":[{""operation"":""cancel"",""scoped"":false,""target"":""saved reminder to water the basil for the core project""}],""text"":""Okay, cancel the saved reminder to water the basil for the core project.""}",cancellation_correctness:78b75480f29ec647,phenomenon_coverage|safety_critical|failure
rd-b5e3fb407d75185b077d2089,never-mind-withdrawal,family-cancellation-plain,"Cancel the saved reminder to water the basil for the core project— no, never mind that withdrawal, keep it.","{""ambiguity_policy"":""act"",""item_count"":0,""items"":[],""operations"":[{""operation"":""cancel"",""scoped"":false,""target"":""water the basil for the core project""}],""shared_context"":{""location"":null,""person"":null,""temporal"":null}}","{""items"":[{""analysis"":""keep it"",""delivery"":""none"",""due"":null,""location"":""nil"",""needsReview"":false,""person"":null,""quote"":""keep it"",""rawQuote"":""keep it"",""recurrence"":""nil"",""reminder"":null,""route"":""Today"",""state"":""resolved"",""title"":""Keep it"",""type"":""task"",""wasRepaired"":false}],""operations"":[{""operation"":""cancel"",""scoped"":false,""target"":""that withdrawal""}],""text"":""Cancel the saved reminder to water the basil for the core project— no, never mind that withdrawal, keep it.""}",cancellation_correctness|false_positive_item_creation|item_count|over_split|routing|type|wrong_merge:ac0ac0aa1037c5c2,phenomenon_coverage|safety_critical|failure|compound_failure|unusual_item_count|suspicious_synthetic
rd-fc1850c2726ed22f95f06b6c,,family-recurrence-person,Take out the recycling for the client account with Maya Chen on Tue Aug 4 every Tuesday.,"{""ambiguity_policy"":""act"",""item_count"":1,""items"":[{""date"":""Tue Aug 4"",""facts"":[""take out the recycling for the client account""],""forbidden_facts"":[],""location"":null,""needs_review"":false,""negation"":false,""person"":""Maya Chen"",""prohibition"":false,""recurrence"":""weekly:tuesday"",""route"":""Today"",""state"":""outstanding"",""time"":null,""title"":""take out the recycling for the client account"",""type"":""reminder""}],""operations"":[],""shared_context"":{""location"":null,""person"":null,""temporal"":null}}","{""items"":[{""analysis"":""Take out the recycling for the client account with Maya Chen on Tue Aug 4 every Tuesday."",""delivery"":""none"",""due"":1785848400,""location"":""nil"",""needsReview"":false,""person"":null,""quote"":""Take out the recycling for the client account with Maya Chen on Tue Aug 4 every Tuesday."",""rawQuote"":""Take out the recycling for the client account with Maya Chen on Tue Aug 4 every Tuesday."",""recurrence"":""weekly x1 days[3]"",""reminder"":null,""route"":""Today"",""state"":""resolved"",""title"":""Take out the recycling for the client account with Maya Chen on Tue Aug 4 every Tuesday"",""type"":""task"",""wasRepaired"":false}],""operations"":[],""text"":""Take out the recycling for the client account with Maya Chen on Tue Aug 4 every Tuesday.""}",person_preservation|type:9d0cc991e51b6027,failure|hash_random_fill
rd-3650336eab10e9f5737b1072,self-correction-date|hesitation|sign-off-trailing-noise,family-date-correction-relative-date,"On Wednesday— sorry, on Sat Aug 8. remind me to renew the membership for the travel plan on Sat Aug 8, okay that's all.","{""ambiguity_policy"":""act"",""item_count"":1,""items"":[{""date"":""Sat Aug 8"",""facts"":[""renew the membership for the travel plan""],""forbidden_facts"":[""Fri Aug 7""],""location"":null,""needs_review"":false,""negation"":false,""person"":null,""prohibition"":false,""recurrence"":null,""route"":""Today"",""state"":""outstanding"",""time"":null,""title"":""renew the membership for the travel plan"",""type"":""task""}],""operations"":[],""shared_context"":{""location"":null,""person"":null,""temporal"":null}}","{""items"":[{""analysis"":""on Sat Aug 8"",""delivery"":""none"",""due"":1786161600,""location"":""nil"",""needsReview"":false,""person"":null,""quote"":""on Sat Aug 8"",""rawQuote"":""On Wednesday— sorry, on Sat Aug 8"",""recurrence"":""nil"",""reminder"":null,""route"":""Today"",""state"":""resolved"",""title"":""On Sat Aug 8"",""type"":""event"",""wasRepaired"":true},{""analysis"":""remind me to renew the membership for the travel plan on Sat Aug 8, okay that's all"",""delivery"":""notification"",""due"":1786161600,""location"":""nil"",""needsReview"":false,""person"":null,""quote"":""remind me to renew the membership for the travel plan on Sat Aug 8, okay that's all"",""rawQuote"":""remind me to renew the membership for the travel plan on Sat Aug 8, okay that's all"",""recurrence"":""nil"",""reminder"":1786194000,""route"":""Today"",""state"":""resolved"",""title"":""Renew the membership for the travel plan on Sat Aug 8, okay that's all"",""type"":""task"",""wasRepaired"":false}],""operations"":[],""text"":""On Wednesday— sorry, on Sat Aug 8. remind me to renew the membership for the travel plan on Sat Aug 8, okay that's all.""}",item_count|over_split|routing|type|wrong_merge:41caf148a3bc59f8,phenomenon_coverage|multi_phenomenon|failure|compound_failure|unusual_item_count|ai_candidate
rd-c8e1eeb0f5ddc904f8e9cdec,,family-person-correction-person,Send the photos for the client account with Priya Shah.,"{""ambiguity_policy"":""act"",""item_count"":1,""items"":[{""date"":null,""facts"":[""send the photos for the client account""],""forbidden_facts"":[""Maya Chen""],""location"":null,""needs_review"":false,""negation"":false,""person"":""Priya Shah"",""prohibition"":false,""recurrence"":null,""route"":""Today"",""state"":""outstanding"",""time"":null,""title"":""send the photos for the client account"",""type"":""task""}],""operations"":[],""shared_context"":{""location"":null,""person"":null,""temporal"":null}}","{""items"":[{""analysis"":""Send the photos for the client account with Priya Shah."",""delivery"":""none"",""due"":null,""location"":""nil"",""needsReview"":false,""person"":null,""quote"":""Send the photos for the client account with Priya Shah."",""rawQuote"":""Send the photos for the client account with Priya Shah."",""recurrence"":""nil"",""reminder"":null,""route"":""Today"",""state"":""resolved"",""title"":""Send the photos for the client account with Priya Shah"",""type"":""task"",""wasRepaired"":false}],""operations"":[],""text"":""Send the photos for the client account with Priya Shah.""}",person_preservation:9d2282de9a52bc8a,failure|hash_random_fill
rd-00e84eed71ef72804eeca00f,,family-cancellation-shared-context,Cancel the saved reminder to water the basil for the launch.,"{""ambiguity_policy"":""act"",""item_count"":0,""items"":[],""operations"":[{""operation"":""cancel"",""scoped"":false,""target"":""water the basil for the launch""}],""shared_context"":{""location"":null,""person"":null,""temporal"":null}}","{""items"":[],""operations"":[{""operation"":""cancel"",""scoped"":false,""target"":""saved reminder to water the basil for the launch""}],""text"":""Cancel the saved reminder to water the basil for the launch.""}",cancellation_correctness:78b75480f29ec647,safety_critical|failure
rd-f07b6b9f32df2e0685579e2c,hesitation|rambling-introduction|sign-off-trailing-noise,family-ambiguous-review-weekend-context,"Uh, quick thing: I'm not sure whether this is a task or just something to keep, but a note for later: send the document to her for the family trip with Xochitl Rivera. Anyway, thanks.","{""ambiguity_policy"":""review"",""item_count"":1,""items"":[{""date"":null,""facts"":[""send the document to her for the family trip""],""forbidden_facts"":[],""location"":null,""needs_review"":true,""negation"":false,""person"":""Xochitl Rivera"",""prohibition"":false,""recurrence"":null,""route"":""Memory"",""state"":""uncertain"",""time"":null,""title"":""send the document to her for the family trip"",""type"":""note""}],""operations"":[],""shared_context"":{""location"":null,""person"":null,""temporal"":null}}","{""items"":[{""analysis"":""send the document to her for the family trip with Xochitl Rivera"",""delivery"":""none"",""due"":null,""location"":""nil"",""needsReview"":false,""person"":null,""quote"":""quick thing: I'm not sure whether this is a task or just something to keep, but a note for later: send the document to her for the family trip with Xochitl Rivera. Anyway, thanks."",""rawQuote"":""quick thing: I'm not sure whether this is a task or just something to keep, but a note for later: send the document to her for the family trip with Xochitl Rivera. Anyway, thanks"",""recurrence"":""nil"",""reminder"":null,""route"":""Today"",""state"":""resolved"",""title"":""Send the document to her for the family trip with Xochitl Rivera"",""type"":""task"",""wasRepaired"":false}],""operations"":[],""text"":""Uh, quick thing: I'm not sure whether this is a task or just something to keep, but a note for later: send the document to her for the family trip with Xochitl Rivera. Anyway, thanks.""}",person_preservation|review_ambiguity_behavior|routing|type:6185011130765d60,phenomenon_coverage|multi_phenomenon|failure|ai_candidate
rd-1a771856fb0aa8a50efaeb1a,,family-completed-action-priority-context,Already file the tax receipt for the tax filing with Hope Reed on Wed Aug 5.,"{""ambiguity_policy"":""act"",""item_count"":1,""items"":[{""date"":""Wed Aug 5"",""facts"":[""file the tax receipt for the tax filing""],""forbidden_facts"":[],""location"":null,""needs_review"":false,""negation"":false,""person"":""Hope Reed"",""prohibition"":false,""recurrence"":null,""route"":""Memory"",""state"":""completed"",""time"":null,""title"":""file the tax receipt for the tax filing"",""type"":""memory""}],""operations"":[],""shared_context"":{""location"":null,""person"":null,""temporal"":null}}","{""items"":[],""operations"":[{""operation"":""complete"",""scoped"":false,""target"":""file the tax receipt for the tax filing with hope reed on wed aug 5""}],""text"":""Already file the tax receipt for the tax filing with Hope Reed on Wed Aug 5.""}",cancellation_correctness|date_preservation|false_negative_item_creation|item_count|location_preservation|lost_information|person_preservation|recurrence_preservation|routing|time_preservation|title_content_preservation|type|under_split|wrong_merge:38bbeb4049f60a00,failure|compound_failure|unusual_item_count|hash_random_fill
rd-40c5fb941f36a413fce779cd,,family-prohibition-shared-context,Do not send the confidential draft for the launch with Elena Costa at Farm Boy on Fri Aug 7 at 14:00.,"{""ambiguity_policy"":""act"",""item_count"":1,""items"":[{""date"":""Fri Aug 7"",""facts"":[""send the confidential draft for the launch""],""forbidden_facts"":[],""location"":""Farm Boy"",""needs_review"":false,""negation"":true,""person"":""Elena Costa"",""prohibition"":true,""recurrence"":null,""route"":""Today"",""state"":""outstanding"",""time"":""14:00"",""title"":""send the confidential draft for the launch"",""type"":""task""}],""operations"":[],""shared_context"":{""location"":null,""person"":null,""temporal"":null}}","{""items"":[],""operations"":[{""operation"":""cancel"",""scoped"":false,""target"":""send the confidential draft for the launch with elena costa at farm boy on fri aug 7 at 2:00 pm""}],""text"":""Do not send the confidential draft for the launch with Elena Costa at Farm Boy on Fri Aug 7 at 14:00.""}",cancellation_correctness|date_preservation|false_negative_item_creation|item_count|location_preservation|lost_information|person_preservation|recurrence_preservation|routing|time_preservation|title_content_preservation|type|under_split|wrong_merge:38bbeb4049f60a00,safety_critical|failure|compound_failure|unusual_item_count
rd-2fc579fccab881dd9b944395,,family-event-person-date,Attend the planning session for the birthday with Priya Shah on Tue Aug 4.,"{""ambiguity_policy"":""act"",""item_count"":1,""items"":[{""date"":""Tue Aug 4"",""facts"":[""attend the planning session for the birthday""],""forbidden_facts"":[],""location"":null,""needs_review"":false,""negation"":false,""person"":""Priya Shah"",""prohibition"":false,""recurrence"":null,""route"":""Today"",""state"":""outstanding"",""time"":null,""title"":""attend the planning session for the birthday"",""type"":""event""}],""operations"":[],""shared_context"":{""location"":null,""person"":null,""temporal"":null}}","{""items"":[{""analysis"":""Attend the planning session for the birthday with Priya Shah on Tue Aug 4."",""delivery"":""none"",""due"":1785816000,""location"":""nil"",""needsReview"":false,""person"":null,""quote"":""Attend the planning session for the birthday with Priya Shah on Tue Aug 4."",""rawQuote"":""Attend the planning session for the birthday with Priya Shah on Tue Aug 4."",""recurrence"":""nil"",""reminder"":null,""route"":""Today"",""state"":""resolved"",""title"":""Attend the planning session for the birthday with Priya Shah on Tue Aug 4"",""type"":""task"",""wasRepaired"":false}],""operations"":[],""text"":""Attend the planning session for the birthday with Priya Shah on Tue Aug 4.""}",person_preservation|type:9d0cc991e51b6027,failure|hash_random_fill
rd-203bd079493c3eddc46b798b,,family-task-plus-question-shared-context,"Call the venue for the launch with Elena Costa at Farm Boy on Fri Aug 7 at 14:00. Also, ask when the doors open.","{""ambiguity_policy"":""act"",""item_count"":2,""items"":[{""date"":""Fri Aug 7"",""facts"":[""call the venue for the launch""],""forbidden_facts"":[],""location"":""Farm Boy"",""needs_review"":false,""negation"":false,""person"":""Elena Costa"",""prohibition"":false,""recurrence"":null,""route"":""Today"",""state"":""outstanding"",""time"":""14:00"",""title"":""call the venue for the launch"",""type"":""task""},{""date"":null,""facts"":[""ask when the doors open""],""forbidden_facts"":[],""location"":null,""needs_review"":false,""negation"":false,""person"":null,""prohibition"":false,""recurrence"":null,""route"":""Memory"",""state"":""informational"",""time"":null,""title"":""ask when the doors open"",""type"":""note""}],""operations"":[],""shared_context"":{""location"":null,""person"":null,""temporal"":null}}","{""items"":[{""analysis"":""Call the venue for the launch with Elena Costa at Farm Boy on Fri Aug 7 at 2:00 pm"",""delivery"":""none"",""due"":1786125600,""location"":""nil"",""needsReview"":false,""person"":null,""quote"":""Call the venue for the launch with Elena Costa at Farm Boy on Fri Aug 7 at 2:00 pm"",""rawQuote"":""Call the venue for the launch with Elena Costa at Farm Boy on Fri Aug 7 at 14:00. Also"",""recurrence"":""nil"",""reminder"":null,""route"":""Today"",""state"":""resolved"",""title"":""Call the venue for the launch with Elena Costa at Farm Boy on Fri Aug 7 at 2:00 pm"",""type"":""task"",""wasRepaired"":true},{""analysis"":""ask when the doors open"",""delivery"":""none"",""due"":null,""location"":""nil"",""needsReview"":true,""person"":null,""quote"":""ask when the doors open"",""rawQuote"":""ask when the doors open"",""recurrence"":""nil"",""reminder"":null,""route"":""Today"",""state"":""resolved"",""title"":""Ask when the doors open"",""type"":""personFollowUp"",""wasRepaired"":false}],""operations"":[],""text"":""Call the venue for the launch with Elena Costa at Farm Boy on Fri Aug 7 at 14:00. Also, ask when the doors open.""}",location_preservation|person_preservation|routing|time_preservation|type:b9edb7e3b3728e13,failure|compound_failure|hash_random_fill
rd-f2a701cc6ce00af941c05e3c,,family-location-trigger-exact-time,Pick up the dry cleaning for the appointment at Farm Boy on Thu Aug 6 at 16:15.,"{""ambiguity_policy"":""act"",""item_count"":1,""items"":[{""date"":""Thu Aug 6"",""facts"":[""pick up the dry cleaning for the appointment""],""forbidden_facts"":[],""location"":""Farm Boy"",""needs_review"":false,""negation"":false,""person"":null,""prohibition"":false,""recurrence"":null,""route"":""Today"",""state"":""outstanding"",""time"":""16:15"",""title"":""pick up the dry cleaning for the appointment"",""type"":""reminder""}],""operations"":[],""shared_context"":{""location"":null,""person"":null,""temporal"":null}}","{""items"":[{""analysis"":""Pick up the dry cleaning for the appointment at Farm Boy on Thu Aug 6 at 4:15 pm."",""delivery"":""none"",""due"":1786047300,""location"":""nil"",""needsReview"":false,""person"":null,""quote"":""Pick up the dry cleaning for the appointment at Farm Boy on Thu Aug 6 at 4:15 pm."",""rawQuote"":""Pick up the dry cleaning for the appointment at Farm Boy on Thu Aug 6 at 16:15"",""recurrence"":""nil"",""reminder"":null,""route"":""Today"",""state"":""resolved"",""title"":""Pick up the dry cleaning for the appointment at Farm Boy on Thu Aug 6 at 4:15 pm"",""type"":""task"",""wasRepaired"":true}],""operations"":[],""text"":""Pick up the dry cleaning for the appointment at Farm Boy on Thu Aug 6 at 16:15.""}",location_preservation|time_preservation|type:72062a5c2647fac3,failure|hash_random_fill
rd-15b012580b0a51cdaa80ec00,self-correction-time,family-time-correction-exact-time,Do that at three— actually four. Call the clinic for the appointment on Thu Aug 6 at 16:00.,"{""ambiguity_policy"":""act"",""item_count"":1,""items"":[{""date"":""Thu Aug 6"",""facts"":[""call the clinic for the appointment""],""forbidden_facts"":[""15:00""],""location"":null,""needs_review"":false,""negation"":false,""person"":null,""prohibition"":false,""recurrence"":null,""route"":""Today"",""state"":""outstanding"",""time"":""16:00"",""title"":""call the clinic for the appointment"",""type"":""task""}],""operations"":[],""shared_context"":{""location"":null,""person"":null,""temporal"":null}}","{""items"":[{""analysis"":""Do that at four"",""delivery"":""none"",""due"":1785787200,""location"":""nil"",""needsReview"":false,""person"":null,""quote"":""Do that at four"",""rawQuote"":""Do that at three— actually four"",""recurrence"":""nil"",""reminder"":null,""route"":""Today"",""state"":""resolved"",""title"":""Do that at four"",""type"":""task"",""wasRepaired"":true},{""analysis"":""Call the clinic for the appointment on Thu Aug 6 at 4:00 pm"",""delivery"":""none"",""due"":1786046400,""location"":""nil"",""needsReview"":false,""person"":null,""quote"":""Call the clinic for the appointment on Thu Aug 6 at 4:00 pm"",""rawQuote"":""Call the clinic for the appointment on Thu Aug 6 at 16:00"",""recurrence"":""nil"",""reminder"":null,""route"":""Today"",""state"":""resolved"",""title"":""Call the clinic for the appointment on Thu Aug 6 at 4:00 pm"",""type"":""task"",""wasRepaired"":true}],""operations"":[],""text"":""Do that at three— actually four. Call the clinic for the appointment on Thu Aug 6 at 16:00.""}",item_count|over_split|routing|time_preservation|type|wrong_merge:5e5842ef74e4a709,phenomenon_coverage|failure|compound_failure|unusual_item_count
rd-e4ed248ebd79e1b1836f5059,,family-two-tasks-shared-time-priority-context,"Submit the expense report for the tax filing with Hope Reed on Wed Aug 5 at 16:15. Also, call Maya about dinner with Hope Reed on Wed Aug 5 at 16:15.","{""ambiguity_policy"":""act"",""item_count"":2,""items"":[{""date"":""Wed Aug 5"",""facts"":[""submit the expense report for the tax filing""],""forbidden_facts"":[],""location"":null,""needs_review"":false,""negation"":false,""person"":""Hope Reed"",""prohibition"":false,""recurrence"":null,""route"":""Today"",""state"":""outstanding"",""time"":""16:15"",""title"":""submit the expense report for the tax filing"",""type"":""task""},{""date"":""Wed Aug 5"",""facts"":[""call Maya about dinner""],""forbidden_facts"":[],""location"":null,""needs_review"":false,""negation"":false,""person"":""Hope Reed"",""prohibition"":false,""recurrence"":null,""route"":""Today"",""state"":""outstanding"",""time"":""16:15"",""title"":""call Maya about dinner"",""type"":""task""}],""operations"":[],""shared_context"":{""location"":null,""person"":""Hope Reed"",""temporal"":""Wed Aug 5 16:15""}}","{""items"":[{""analysis"":""Submit the expense report for the tax filing with Hope Reed on Wed Aug 5 at 4:15 pm"",""delivery"":""none"",""due"":1785960900,""location"":""nil"",""needsReview"":false,""person"":null,""quote"":""Submit the expense report for the tax filing with Hope Reed on Wed Aug 5 at 4:15 pm"",""rawQuote"":""Submit the expense report for the tax filing with Hope Reed on Wed Aug 5 at 16:15. Also"",""recurrence"":""nil"",""reminder"":null,""route"":""Today"",""state"":""resolved"",""title"":""Submit the expense report for the tax filing with Hope Reed on Wed Aug 5 at 4:15 pm"",""type"":""task"",""wasRepaired"":true},{""analysis"":""call Maya about dinner with Hope Reed on Wed Aug 5 at 4:15 pm"",""delivery"":""none"",""due"":1785960900,""location"":""nil"",""needsReview"":false,""person"":""Maya"",""quote"":""call Maya about dinner with Hope Reed on Wed Aug 5 at 4:15 pm"",""rawQuote"":""call Maya about dinner with Hope Reed on Wed Aug 5 at 16:15"",""recurrence"":""nil"",""reminder"":null,""route"":""Today"",""state"":""resolved"",""title"":""Call Maya about dinner with Hope Reed on Wed Aug 5 at 4:15 pm"",""type"":""personFollowUp"",""wasRepaired"":true}],""operations"":[],""text"":""Submit the expense report for the tax filing with Hope Reed on Wed Aug 5 at 16:15. Also, call Maya about dinner with Hope Reed on Wed Aug 5 at 16:15.""}",person_preservation|time_preservation|type:aee8c4776546e0a4,failure|hash_random_fill
rd-7ef21e4243a7efb339237a3a,,family-two-independent-tasks-plain,"Buy oat milk for the core project. Also, call Maya about dinner.","{""ambiguity_policy"":""act"",""item_count"":2,""items"":[{""date"":null,""facts"":[""buy oat milk for the core project""],""forbidden_facts"":[],""location"":null,""needs_review"":false,""negation"":false,""person"":null,""prohibition"":false,""recurrence"":null,""route"":""Today"",""state"":""outstanding"",""time"":null,""title"":""buy oat milk for the core project"",""type"":""task""},{""date"":null,""facts"":[""call Maya about dinner""],""forbidden_facts"":[],""location"":null,""needs_review"":false,""negation"":false,""person"":null,""prohibition"":false,""recurrence"":null,""route"":""Today"",""state"":""outstanding"",""time"":null,""title"":""call Maya about dinner"",""type"":""task""}],""operations"":[],""shared_context"":{""location"":null,""person"":null,""temporal"":null}}","{""items"":[{""analysis"":""Buy oat milk for the core project"",""delivery"":""none"",""due"":null,""location"":""nil"",""needsReview"":false,""person"":null,""quote"":""Buy oat milk for the core project"",""rawQuote"":""Buy oat milk for the core project"",""recurrence"":""nil"",""reminder"":null,""route"":""Today"",""state"":""resolved"",""title"":""Buy oat milk for the core project"",""type"":""shopping"",""wasRepaired"":false},{""analysis"":""call Maya about dinner"",""delivery"":""none"",""due"":null,""location"":""nil"",""needsReview"":false,""person"":""Maya"",""quote"":""call Maya about dinner"",""rawQuote"":""call Maya about dinner"",""recurrence"":""nil"",""reminder"":null,""route"":""Today"",""state"":""resolved"",""title"":""Call Maya about dinner"",""type"":""personFollowUp"",""wasRepaired"":false}],""operations"":[],""text"":""Buy oat milk for the core project. Also, call Maya about dinner.""}",invented_information|person_preservation|type:86dd6c58726ec962,failure|hash_random_fill
rd-f504d67468093a98c3a3070d,,family-memory-person-time,I want to remember that the window-seat preference for the interview with Noah Brooks on Tue Aug 4 at 09:30.,"{""ambiguity_policy"":""act"",""item_count"":1,""items"":[{""date"":""Tue Aug 4"",""facts"":[""remember the window-seat preference for the interview""],""forbidden_facts"":[],""location"":null,""needs_review"":false,""negation"":false,""person"":""Noah Brooks"",""prohibition"":false,""recurrence"":null,""route"":""Memory"",""state"":""informational"",""time"":""09:30"",""title"":""remember the window-seat preference for the interview"",""type"":""memory""}],""operations"":[],""shared_context"":{""location"":null,""person"":null,""temporal"":null}}","{""items"":[{""analysis"":""I want to remember that the window-seat preference for the interview with Noah Brooks on Tue Aug 4 at 09:30."",""delivery"":""none"",""due"":null,""location"":""nil"",""needsReview"":false,""person"":null,""quote"":""I want to remember that the window-seat preference for the interview with Noah Brooks on Tue Aug 4 at 09:30."",""rawQuote"":""I want to remember that the window-seat preference for the interview with Noah Brooks on Tue Aug 4 at 09:30."",""recurrence"":""nil"",""reminder"":null,""route"":""Memory"",""state"":""resolved"",""title"":""The window-seat preference for the interview with Noah Brooks on Tue Aug 4 at 09:30"",""type"":""note"",""wasRepaired"":false}],""operations"":[],""text"":""I want to remember that the window-seat preference for the interview with Noah Brooks on Tue Aug 4 at 09:30.""}",date_preservation|lost_information|person_preservation|time_preservation|title_content_preservation|type:4e8fd0bfd4963e9c,failure|compound_failure|ai_candidate|hash_random_fill
rd-89b4f55f89f0411cd7273609,,family-prohibition-named-location,Do not send the confidential draft for the errand at Farm Boy.,"{""ambiguity_policy"":""act"",""item_count"":1,""items"":[{""date"":null,""facts"":[""send the confidential draft for the errand""],""forbidden_facts"":[],""location"":""Farm Boy"",""needs_review"":false,""negation"":true,""person"":null,""prohibition"":true,""recurrence"":null,""route"":""Today"",""state"":""outstanding"",""time"":null,""title"":""send the confidential draft for the errand"",""type"":""task""}],""operations"":[],""shared_context"":{""location"":null,""person"":null,""temporal"":null}}","{""items"":[],""operations"":[{""operation"":""cancel"",""scoped"":false,""target"":""send the confidential draft for the errand at farm boy""}],""text"":""Do not send the confidential draft for the errand at Farm Boy.""}",cancellation_correctness|date_preservation|false_negative_item_creation|item_count|location_preservation|lost_information|person_preservation|recurrence_preservation|routing|time_preservation|title_content_preservation|type|under_split|wrong_merge:38bbeb4049f60a00,safety_critical|failure|compound_failure|unusual_item_count
rd-baaa4107480518329656613a,,family-change-of-mind-person,Order the blue notebook for the client account with Maya Chen.,"{""ambiguity_policy"":""act"",""item_count"":1,""items"":[{""date"":null,""facts"":[""order the blue notebook for the client account""],""forbidden_facts"":[""order the red notebook""],""location"":null,""needs_review"":false,""negation"":false,""person"":""Maya Chen"",""prohibition"":false,""recurrence"":null,""route"":""Today"",""state"":""outstanding"",""time"":null,""title"":""order the blue notebook for the client account"",""type"":""task""}],""operations"":[],""shared_context"":{""location"":null,""person"":null,""temporal"":null}}","{""items"":[{""analysis"":""Order the blue notebook for the client account with Maya Chen."",""delivery"":""none"",""due"":null,""location"":""nil"",""needsReview"":false,""person"":null,""quote"":""Order the blue notebook for the client account with Maya Chen."",""rawQuote"":""Order the blue notebook for the client account with Maya Chen."",""recurrence"":""nil"",""reminder"":null,""route"":""Today"",""state"":""resolved"",""title"":""Order the blue notebook for the client account with Maya Chen"",""type"":""shopping"",""wasRepaired"":false}],""operations"":[],""text"":""Order the blue notebook for the client account with Maya Chen.""}",person_preservation|type:9d0cc991e51b6027,failure|hash_random_fill
rd-42c9d075961824a3f0c41db2,,family-negative-statement-named-location,It is not true that record that the invoice was not sent for the errand at Farm Boy.,"{""ambiguity_policy"":""act"",""item_count"":1,""items"":[{""date"":null,""facts"":[""record that the invoice was not sent for the errand""],""forbidden_facts"":[],""location"":""Farm Boy"",""needs_review"":false,""negation"":true,""person"":null,""prohibition"":false,""recurrence"":null,""route"":""Memory"",""state"":""informational"",""time"":null,""title"":""record that the invoice was not sent for the errand"",""type"":""memory""}],""operations"":[],""shared_context"":{""location"":null,""person"":null,""temporal"":null}}","{""items"":[{""analysis"":""It is not true that record that the invoice was not sent for the errand at Farm Boy."",""delivery"":""none"",""due"":null,""location"":""nil"",""needsReview"":false,""person"":null,""quote"":""It is not true that record that the invoice was not sent for the errand at Farm Boy."",""rawQuote"":""It is not true that record that the invoice was not sent for the errand at Farm Boy."",""recurrence"":""nil"",""reminder"":null,""route"":""Memory"",""state"":""resolved"",""title"":""It is not true that record that the invoice was not sent for the errand at Farm Boy"",""type"":""note"",""wasRepaired"":false}],""operations"":[],""text"":""It is not true that record that the invoice was not sent for the errand at Farm Boy.""}",location_preservation|type:f801f2db117f0ea1,safety_critical|failure
rd-b5d2ae8b5a689b37b548d6d8,,family-idea-exact-time,Try a walking meeting for the appointment on Thu Aug 6 at 16:15.,"{""ambiguity_policy"":""act"",""item_count"":1,""items"":[{""date"":""Thu Aug 6"",""facts"":[""try a walking meeting for the appointment""],""forbidden_facts"":[],""location"":null,""needs_review"":false,""negation"":false,""person"":null,""prohibition"":false,""recurrence"":null,""route"":""Memory"",""state"":""informational"",""time"":""16:15"",""title"":""try a walking meeting for the appointment"",""type"":""idea""}],""operations"":[],""shared_context"":{""location"":null,""person"":null,""temporal"":null}}","{""items"":[{""analysis"":""Try a walking meeting for the appointment on Thu Aug 6 at 4:15 pm."",""delivery"":""none"",""due"":1786047300,""location"":""nil"",""needsReview"":false,""person"":null,""quote"":""Try a walking meeting for the appointment on Thu Aug 6 at 4:15 pm."",""rawQuote"":""Try a walking meeting for the appointment on Thu Aug 6 at 16:15"",""recurrence"":""nil"",""reminder"":null,""route"":""Today"",""state"":""resolved"",""title"":""Try a walking meeting for the appointment on Thu Aug 6 at 4:15 pm"",""type"":""event"",""wasRepaired"":true}],""operations"":[],""text"":""Try a walking meeting for the appointment on Thu Aug 6 at 16:15.""}",routing|time_preservation|type:51eec0850cd8f13b,failure|hash_random_fill
rd-d50bcd6986f75ac0443a5c9f,shared-time,family-two-tasks-shared-time-shared-context,"At that time, Submit the expense report for the launch with Elena Costa at Farm Boy on Fri Aug 7 at 14:00. Also, call Maya about dinner with Elena Costa at Farm Boy on Fri Aug 7 at 14:00.","{""ambiguity_policy"":""act"",""item_count"":2,""items"":[{""date"":""Fri Aug 7"",""facts"":[""submit the expense report for the launch""],""forbidden_facts"":[],""location"":""Farm Boy"",""needs_review"":false,""negation"":false,""person"":""Elena Costa"",""prohibition"":false,""recurrence"":null,""route"":""Today"",""state"":""outstanding"",""time"":""14:00"",""title"":""submit the expense report for the launch"",""type"":""task""},{""date"":""Fri Aug 7"",""facts"":[""call Maya about dinner""],""forbidden_facts"":[],""location"":""Farm Boy"",""needs_review"":false,""negation"":false,""person"":""Elena Costa"",""prohibition"":false,""recurrence"":null,""route"":""Today"",""state"":""outstanding"",""time"":""14:00"",""title"":""call Maya about dinner"",""type"":""task""}],""operations"":[],""shared_context"":{""location"":null,""person"":""Elena Costa"",""temporal"":""Fri Aug 7 14:00""}}","{""items"":[{""analysis"":""At that time"",""delivery"":""none"",""due"":null,""location"":""nil"",""needsReview"":false,""person"":null,""quote"":""At that time"",""rawQuote"":""At that time"",""recurrence"":""nil"",""reminder"":null,""route"":""Memory"",""state"":""resolved"",""title"":""At that time"",""type"":""note"",""wasRepaired"":false},{""analysis"":""Submit the expense report for the launch with Elena Costa at Farm Boy on Fri Aug 7 at 2:00 pm"",""delivery"":""none"",""due"":1786125600,""location"":""nil"",""needsReview"":false,""person"":null,""quote"":""Submit the expense report for the launch with Elena Costa at Farm Boy on Fri Aug 7 at 2:00 pm"",""rawQuote"":""Submit the expense report for the launch with Elena Costa at Farm Boy on Fri Aug 7 at 14:00. Also"",""recurrence"":""nil"",""reminder"":null,""route"":""Today"",""state"":""resolved"",""title"":""Submit the expense report for the launch with Elena Costa at Farm Boy on Fri Aug 7 at 2:00 pm"",""type"":""task"",""wasRepaired"":true},{""analysis"":""call Maya about dinner with Elena Costa at Farm Boy on Fri Aug 7 at 2:00 pm"",""delivery"":""none"",""due"":1786125600,""location"":""nil"",""needsReview"":false,""person"":""Maya"",""quote"":""call Maya about dinner with Elena Costa at Farm Boy on Fri Aug 7 at 2:00 pm"",""rawQuote"":""call Maya about dinner with Elena Costa at Farm Boy on Fri Aug 7 at 14:00"",""recurrence"":""nil"",""reminder"":null,""route"":""Today"",""state"":""resolved"",""title"":""Call Maya about dinner with Elena Costa at Farm Boy on Fri Aug 7 at 2:00 pm"",""type"":""personFollowUp"",""wasRepaired"":true}],""operations"":[],""text"":""At that time, Submit the expense report for the launch with Elena Costa at Farm Boy on Fri Aug 7 at 14:00. Also, call Maya about dinner with Elena Costa at Farm Boy on Fri Aug 7 at 14:00.""}",date_preservation|item_count|location_preservation|over_split|person_preservation|routing|time_preservation|type|wrong_merge:db1ec0a9416b5b37,phenomenon_coverage|failure|compound_failure|unusual_item_count
rd-72a559ae2f63c9e91f10bbd6,,family-information-plus-task-person-date,"The tea shelf is empty. Also, order more tea for the birthday with Priya Shah on Tue Aug 4.","{""ambiguity_policy"":""act"",""item_count"":2,""items"":[{""date"":null,""facts"":[""the tea shelf is empty""],""forbidden_facts"":[],""location"":null,""needs_review"":false,""negation"":false,""person"":null,""prohibition"":false,""recurrence"":null,""route"":""Memory"",""state"":""informational"",""time"":null,""title"":""the tea shelf is empty"",""type"":""memory""},{""date"":""Tue Aug 4"",""facts"":[""order more tea for the birthday""],""forbidden_facts"":[],""location"":null,""needs_review"":false,""negation"":false,""person"":""Priya Shah"",""prohibition"":false,""recurrence"":null,""route"":""Today"",""state"":""outstanding"",""time"":null,""title"":""order more tea for the birthday"",""type"":""task""}],""operations"":[],""shared_context"":{""location"":null,""person"":null,""temporal"":null}}","{""items"":[{""analysis"":""The tea shelf is empty"",""delivery"":""none"",""due"":null,""location"":""nil"",""needsReview"":false,""person"":null,""quote"":""The tea shelf is empty"",""rawQuote"":""The tea shelf is empty"",""recurrence"":""nil"",""reminder"":null,""route"":""Memory"",""state"":""resolved"",""title"":""The tea shelf is empty"",""type"":""note"",""wasRepaired"":false},{""analysis"":""order more tea for the birthday with Priya Shah on Tue Aug 4"",""delivery"":""none"",""due"":1785816000,""location"":""nil"",""needsReview"":false,""person"":null,""quote"":""order more tea for the birthday with Priya Shah on Tue Aug 4"",""rawQuote"":""order more tea for the birthday with Priya Shah on Tue Aug 4"",""recurrence"":""nil"",""reminder"":null,""route"":""Today"",""state"":""resolved"",""title"":""Order more tea for the birthday with Priya Shah on Tue Aug 4"",""type"":""shopping"",""wasRepaired"":false}],""operations"":[],""text"":""The tea shelf is empty. Also, order more tea for the birthday with Priya Shah on Tue Aug 4.""}",person_preservation|type:9d0cc991e51b6027,failure|hash_random_fill
rd-585129ca7d40cf48f24840ac,false-start|restart|sign-off-trailing-noise,family-completed-action-plain,"I lost my train of thought; okay, here it is. I already file the tax receipt for the core project, okay that's all.","{""ambiguity_policy"":""act"",""item_count"":1,""items"":[{""date"":null,""facts"":[""file the tax receipt for the core project""],""forbidden_facts"":[],""location"":null,""needs_review"":false,""negation"":false,""person"":null,""prohibition"":false,""recurrence"":null,""route"":""Memory"",""state"":""completed"",""time"":null,""title"":""file the tax receipt for the core project"",""type"":""memory""}],""operations"":[],""shared_context"":{""location"":null,""person"":null,""temporal"":null}}","{""items"":[{""analysis"":""I lost my train of thought"",""delivery"":""none"",""due"":null,""location"":""nil"",""needsReview"":false,""person"":null,""quote"":""I lost my train of thought"",""rawQuote"":""I lost my train of thought"",""recurrence"":""nil"",""reminder"":null,""route"":""Memory"",""state"":""resolved"",""title"":""I lost my train of thought"",""type"":""note"",""wasRepaired"":false},{""analysis"":""okay, here it is"",""delivery"":""none"",""due"":null,""location"":""nil"",""needsReview"":false,""person"":null,""quote"":""okay, here it is"",""rawQuote"":""okay, here it is"",""recurrence"":""nil"",""reminder"":null,""route"":""Memory"",""state"":""resolved"",""title"":""Here it is"",""type"":""note"",""wasRepaired"":false},{""analysis"":""I already file the tax receipt for the core project, okay that's all"",""delivery"":""none"",""due"":null,""location"":""nil"",""needsReview"":false,""person"":null,""quote"":""I already file the tax receipt for the core project, okay that's all"",""rawQuote"":""I already file the tax receipt for the core project, okay that's all"",""recurrence"":""nil"",""reminder"":null,""route"":""Memory"",""state"":""resolved"",""title"":""I already file the tax receipt for the core project, okay that's all"",""type"":""note"",""wasRepaired"":false}],""operations"":[],""text"":""I lost my train of thought; okay, here it is. I already file the tax receipt for the core project, okay that's all.""}",item_count|over_split|routing|type|wrong_merge:41caf148a3bc59f8,phenomenon_coverage|multi_phenomenon|failure|compound_failure|unusual_item_count|ai_candidate
rd-6373e84a54a6091be7c3fb71,hesitation,family-single-task-plain,"Send the, uh, project update for the core project.","{""ambiguity_policy"":""act"",""item_count"":1,""items"":[{""date"":null,""facts"":[""send the project update for the core project""],""forbidden_facts"":[],""location"":null,""needs_review"":false,""negation"":false,""person"":null,""prohibition"":false,""recurrence"":null,""route"":""Today"",""state"":""outstanding"",""time"":null,""title"":""send the project update for the core project"",""type"":""task""}],""operations"":[],""shared_context"":{""location"":null,""person"":null,""temporal"":null}}","{""items"":[{""analysis"":""Send the project update for the core project."",""delivery"":""none"",""due"":null,""location"":""nil"",""needsReview"":false,""person"":null,""quote"":""Send the project update for the core project."",""rawQuote"":""Send the, uh, project update for the core project"",""recurrence"":""nil"",""reminder"":null,""route"":""Today"",""state"":""resolved"",""title"":""Send the project update for the core project"",""type"":""task"",""wasRepaired"":true}],""operations"":[],""text"":""Send the, uh, project update for the core project.""}",,phenomenon_coverage
rd-7eecee6bf4377e1a3a215e62,filler-words|rambling-ending,family-negative-statement-relative-date,"Okay— make a note that the invoice was not sent for the travel plan on Tue Aug 4. Sorry, that's the whole note.","{""ambiguity_policy"":""act"",""item_count"":1,""items"":[{""date"":""Tue Aug 4"",""facts"":[""record that the invoice was not sent for the travel plan""],""forbidden_facts"":[],""location"":null,""needs_review"":false,""negation"":true,""person"":null,""prohibition"":false,""recurrence"":null,""route"":""Memory"",""state"":""informational"",""time"":null,""title"":""record that the invoice was not sent for the travel plan"",""type"":""memory""}],""operations"":[],""shared_context"":{""location"":null,""person"":null,""temporal"":null}}","{""items"":[{""analysis"":""— make a note that the invoice was not sent for the travel plan on Tue Aug 4"",""delivery"":""none"",""due"":null,""location"":""nil"",""needsReview"":false,""person"":null,""quote"":""— make a note that the invoice was not sent for the travel plan on Tue Aug 4"",""rawQuote"":""make a note that the invoice was not sent for the travel plan on Tue Aug 4"",""recurrence"":""nil"",""reminder"":null,""route"":""Memory"",""state"":""resolved"",""title"":""— Make a note that the invoice was not sent for the travel plan on Tue Aug 4"",""type"":""note"",""wasRepaired"":false},{""analysis"":""Sorry, that's the whole note"",""delivery"":""none"",""due"":null,""location"":""nil"",""needsReview"":false,""person"":null,""quote"":""Sorry, that's the whole note"",""rawQuote"":""Sorry, that's the whole note"",""recurrence"":""nil"",""reminder"":null,""route"":""Memory"",""state"":""resolved"",""title"":""Sorry, that's the whole note"",""type"":""note"",""wasRepaired"":false}],""operations"":[],""text"":""Okay— make a note that the invoice was not sent for the travel plan on Tue Aug 4. Sorry, that's the whole note.""}",date_preservation|item_count|lost_information|over_split|routing|title_content_preservation|type|wrong_merge:9ad0935d61955baf,phenomenon_coverage|safety_critical|multi_phenomenon|failure|compound_failure|unusual_item_count|ai_candidate
rd-48c1bc0f9f8ee073545ee9dd,filler-words|rephrasing|rambling-ending,family-completed-action-plain,"Okay, so, I already file the tax receipt for the core project—yeah, that's what I meant.","{""ambiguity_policy"":""act"",""item_count"":1,""items"":[{""date"":null,""facts"":[""file the tax receipt for the core project""],""forbidden_facts"":[],""location"":null,""needs_review"":false,""negation"":false,""person"":null,""prohibition"":false,""recurrence"":null,""route"":""Memory"",""state"":""completed"",""time"":null,""title"":""file the tax receipt for the core project"",""type"":""memory""}],""operations"":[],""shared_context"":{""location"":null,""person"":null,""temporal"":null}}","{""items"":[{""analysis"":""that's"",""delivery"":""none"",""due"":null,""location"":""nil"",""needsReview"":false,""person"":null,""quote"":""that's"",""rawQuote"":""that's"",""recurrence"":""nil"",""reminder"":null,""route"":""Memory"",""state"":""resolved"",""title"":""That's"",""type"":""note"",""wasRepaired"":false}],""operations"":[{""operation"":""complete"",""scoped"":false,""target"":""file the tax receipt for the core project—yeah""}],""text"":""Okay, so, I already file the tax receipt for the core project—yeah, that's what I meant.""}",cancellation_correctness|lost_information|title_content_preservation|type:20657c0a3527b7e6,phenomenon_coverage|multi_phenomenon|failure|ai_candidate
rd-6294aecb8f5e0826dd3c9940,,family-prohibition-relative-date,Do not send the confidential draft for the travel plan on Tue Aug 4.,"{""ambiguity_policy"":""act"",""item_count"":1,""items"":[{""date"":""Tue Aug 4"",""facts"":[""send the confidential draft for the travel plan""],""forbidden_facts"":[],""location"":null,""needs_review"":false,""negation"":true,""person"":null,""prohibition"":true,""recurrence"":null,""route"":""Today"",""state"":""outstanding"",""time"":null,""title"":""send the confidential draft for the travel plan"",""type"":""task""}],""operations"":[],""shared_context"":{""location"":null,""person"":null,""temporal"":null}}","{""items"":[],""operations"":[{""operation"":""cancel"",""scoped"":false,""target"":""send the confidential draft for the travel plan on tue aug 4""}],""text"":""Do not send the confidential draft for the travel plan on Tue Aug 4.""}",cancellation_correctness|date_preservation|false_negative_item_creation|item_count|location_preservation|lost_information|person_preservation|recurrence_preservation|routing|time_preservation|title_content_preservation|type|under_split|wrong_merge:38bbeb4049f60a00,safety_critical|failure|compound_failure|unusual_item_count
rd-9da41a09b2e5fa8c1da037ba,,family-change-of-mind-person-time,Order the blue notebook for the interview with Noah Brooks on Tue Aug 4 at 09:30.,"{""ambiguity_policy"":""act"",""item_count"":1,""items"":[{""date"":""Tue Aug 4"",""facts"":[""order the blue notebook for the interview""],""forbidden_facts"":[""order the red notebook""],""location"":null,""needs_review"":false,""negation"":false,""person"":""Noah Brooks"",""prohibition"":false,""recurrence"":null,""route"":""Today"",""state"":""outstanding"",""time"":""09:30"",""title"":""order the blue notebook for the interview"",""type"":""task""}],""operations"":[],""shared_context"":{""location"":null,""person"":null,""temporal"":null}}","{""items"":[{""analysis"":""Order the blue notebook for the interview with Noah Brooks on Tue Aug 4 at 09:30."",""delivery"":""none"",""due"":1785850200,""location"":""nil"",""needsReview"":false,""person"":null,""quote"":""Order the blue notebook for the interview with Noah Brooks on Tue Aug 4 at 09:30."",""rawQuote"":""Order the blue notebook for the interview with Noah Brooks on Tue Aug 4 at 09:30."",""recurrence"":""nil"",""reminder"":null,""route"":""Today"",""state"":""resolved"",""title"":""Order the blue notebook for the interview with Noah Brooks on Tue Aug 4 at 09:30"",""type"":""shopping"",""wasRepaired"":false}],""operations"":[],""text"":""Order the blue notebook for the interview with Noah Brooks on Tue Aug 4 at 09:30.""}",person_preservation|time_preservation|type:aee8c4776546e0a4,failure|hash_random_fill
rd-154c3459c1e8f3abc80f2f7f,homophone,family-single-task-plain,"Okay, send the project update for the core project.","{""ambiguity_policy"":""act"",""item_count"":1,""items"":[{""date"":null,""facts"":[""send the project update for the core project""],""forbidden_facts"":[],""location"":null,""needs_review"":false,""negation"":false,""person"":null,""prohibition"":false,""recurrence"":null,""route"":""Today"",""state"":""outstanding"",""time"":null,""title"":""send the project update for the core project"",""type"":""task""}],""operations"":[],""shared_context"":{""location"":null,""person"":null,""temporal"":null}}","{""items"":[{""analysis"":""send the project update for the core project."",""delivery"":""none"",""due"":null,""location"":""nil"",""needsReview"":false,""person"":null,""quote"":""send the project update for the core project."",""rawQuote"":""send the project update for the core project"",""recurrence"":""nil"",""reminder"":null,""route"":""Today"",""state"":""resolved"",""title"":""Send the project update for the core project"",""type"":""task"",""wasRepaired"":false}],""operations"":[],""text"":""Okay, send the project update for the core project.""}",,phenomenon_coverage|suspicious_synthetic
rd-04bf866bf19901940ddaab1c,,family-person-correction-shared-context,Send the photos for the launch with Priya Shah at Farm Boy on Fri Aug 7 at 14:00.,"{""ambiguity_policy"":""act"",""item_count"":1,""items"":[{""date"":""Fri Aug 7"",""facts"":[""send the photos for the launch""],""forbidden_facts"":[""Maya Chen""],""location"":""Farm Boy"",""needs_review"":false,""negation"":false,""person"":""Priya Shah"",""prohibition"":false,""recurrence"":null,""route"":""Today"",""state"":""outstanding"",""time"":""14:00"",""title"":""send the photos for the launch"",""type"":""task""}],""operations"":[],""shared_context"":{""location"":null,""person"":null,""temporal"":null}}","{""items"":[{""analysis"":""Send the photos for the launch with Priya Shah at Farm Boy on Fri Aug 7 at 2:00 pm."",""delivery"":""none"",""due"":1786125600,""location"":""nil"",""needsReview"":false,""person"":null,""quote"":""Send the photos for the launch with Priya Shah at Farm Boy on Fri Aug 7 at 2:00 pm."",""rawQuote"":""Send the photos for the launch with Priya Shah at Farm Boy on Fri Aug 7 at 14:00"",""recurrence"":""nil"",""reminder"":null,""route"":""Today"",""state"":""resolved"",""title"":""Send the photos for the launch with Priya Shah at Farm Boy on Fri Aug 7 at 2:00 pm"",""type"":""task"",""wasRepaired"":true}],""operations"":[],""text"":""Send the photos for the launch with Priya Shah at Farm Boy on Fri Aug 7 at 14:00.""}",location_preservation|person_preservation|time_preservation:3c5d20b22ef4ee19,failure|hash_random_fill
rd-3eb95b47b346be15e134a0d3,self-correction-date|hesitation|sign-off-trailing-noise,family-negative-statement-relative-date,"On Wednesday— sorry, on Tue Aug 4. make a note that the invoice was not sent for the travel plan on Tue Aug 4, okay that's all.","{""ambiguity_policy"":""act"",""item_count"":1,""items"":[{""date"":""Tue Aug 4"",""facts"":[""record that the invoice was not sent for the travel plan""],""forbidden_facts"":[],""location"":null,""needs_review"":false,""negation"":true,""person"":null,""prohibition"":false,""recurrence"":null,""route"":""Memory"",""state"":""informational"",""time"":null,""title"":""record that the invoice was not sent for the travel plan"",""type"":""memory""}],""operations"":[],""shared_context"":{""location"":null,""person"":null,""temporal"":null}}","{""items"":[{""analysis"":""on Tue Aug 4"",""delivery"":""none"",""due"":1785816000,""location"":""nil"",""needsReview"":false,""person"":null,""quote"":""on Tue Aug 4"",""rawQuote"":""On Wednesday— sorry, on Tue Aug 4"",""recurrence"":""nil"",""reminder"":null,""route"":""Today"",""state"":""resolved"",""title"":""On Tue Aug 4"",""type"":""event"",""wasRepaired"":true},{""analysis"":""make a note that the invoice was not sent for the travel plan on Tue Aug 4, okay that's all"",""delivery"":""none"",""due"":null,""location"":""nil"",""needsReview"":false,""person"":null,""quote"":""make a note that the invoice was not sent for the travel plan on Tue Aug 4, okay that's all"",""rawQuote"":""make a note that the invoice was not sent for the travel plan on Tue Aug 4, okay that's all"",""recurrence"":""nil"",""reminder"":null,""route"":""Memory"",""state"":""resolved"",""title"":""The invoice was not sent for the travel plan on Tue Aug 4, okay that's all"",""type"":""note"",""wasRepaired"":false}],""operations"":[],""text"":""On Wednesday— sorry, on Tue Aug 4. make a note that the invoice was not sent for the travel plan on Tue Aug 4, okay that's all.""}",item_count|lost_information|negation_correctness|over_split|routing|title_content_preservation|type|wrong_merge:04a5e8a7b78bc7cd,phenomenon_coverage|safety_critical|multi_phenomenon|failure|compound_failure|unusual_item_count|ai_candidate
rd-e15d505a6944a4c2030c397d,,family-task-plus-memory-exact-time,"Book the train for the appointment on Thu Aug 6 at 16:15. Also, Maya prefers the quiet car with Maya Chen.","{""ambiguity_policy"":""act"",""item_count"":2,""items"":[{""date"":""Thu Aug 6"",""facts"":[""book the train for the appointment""],""forbidden_facts"":[],""location"":null,""needs_review"":false,""negation"":false,""person"":null,""prohibition"":false,""recurrence"":null,""route"":""Today"",""state"":""outstanding"",""time"":""16:15"",""title"":""book the train for the appointment"",""type"":""task""},{""date"":null,""facts"":[""Maya prefers the quiet car""],""forbidden_facts"":[],""location"":null,""needs_review"":false,""negation"":false,""person"":""Maya Chen"",""prohibition"":false,""recurrence"":null,""route"":""Memory"",""state"":""informational"",""time"":null,""title"":""Maya prefers the quiet car"",""type"":""memory""}],""operations"":[],""shared_context"":{""location"":null,""person"":null,""temporal"":null}}","{""items"":[{""analysis"":""Book the train for the appointment on Thu Aug 6 at 4:15 pm"",""delivery"":""none"",""due"":1786047300,""location"":""nil"",""needsReview"":false,""person"":null,""quote"":""Book the train for the appointment on Thu Aug 6 at 4:15 pm"",""rawQuote"":""Book the train for the appointment on Thu Aug 6 at 16:15. Also"",""recurrence"":""nil"",""reminder"":null,""route"":""Today"",""state"":""resolved"",""title"":""Book the train for the appointment on Thu Aug 6 at 4:15 pm"",""type"":""task"",""wasRepaired"":true},{""analysis"":""Maya prefers the quiet car with Maya Chen"",""delivery"":""none"",""due"":null,""location"":""nil"",""needsReview"":false,""person"":""Maya"",""quote"":""Maya prefers the quiet car with Maya Chen"",""rawQuote"":""Maya prefers the quiet car with Maya Chen"",""recurrence"":""nil"",""reminder"":null,""route"":""Memory"",""state"":""resolved"",""title"":""Maya prefers the quiet car with Maya Chen"",""type"":""note"",""wasRepaired"":false}],""operations"":[],""text"":""Book the train for the appointment on Thu Aug 6 at 16:15. Also, Maya prefers the quiet car with Maya Chen.""}",time_preservation|type:956fb00c919831ff,failure|hash_random_fill
rd-250fb26980ec26127f9e4c12,,family-idea-person-time,Try a walking meeting for the interview with Noah Brooks on Tue Aug 4 at 09:30.,"{""ambiguity_policy"":""act"",""item_count"":1,""items"":[{""date"":""Tue Aug 4"",""facts"":[""try a walking meeting for the interview""],""forbidden_facts"":[],""location"":null,""needs_review"":false,""negation"":false,""person"":""Noah Brooks"",""prohibition"":false,""recurrence"":null,""route"":""Memory"",""state"":""informational"",""time"":""09:30"",""title"":""try a walking meeting for the interview"",""type"":""idea""}],""operations"":[],""shared_context"":{""location"":null,""person"":null,""temporal"":null}}","{""items"":[{""analysis"":""Try a walking meeting for the interview with Noah Brooks on Tue Aug 4 at 09:30."",""delivery"":""none"",""due"":1785850200,""location"":""nil"",""needsReview"":false,""person"":null,""quote"":""Try a walking meeting for the interview with Noah Brooks on Tue Aug 4 at 09:30."",""rawQuote"":""Try a walking meeting for the interview with Noah Brooks on Tue Aug 4 at 09:30."",""recurrence"":""nil"",""reminder"":null,""route"":""Today"",""state"":""resolved"",""title"":""Try a walking meeting for the interview with Noah Brooks on Tue Aug 4 at 09:30"",""type"":""event"",""wasRepaired"":false}],""operations"":[],""text"":""Try a walking meeting for the interview with Noah Brooks on Tue Aug 4 at 09:30.""}",person_preservation|routing|time_preservation|type:413ff3d087d1bd65,failure|hash_random_fill
rd-27268d365919ab1bbe584c7f,,family-prohibition-weekend-context,Do not send the confidential draft for the family trip with Xochitl Rivera at Farm Boy on Sat Aug 8 at 11:00.,"{""ambiguity_policy"":""act"",""item_count"":1,""items"":[{""date"":""Sat Aug 8"",""facts"":[""send the confidential draft for the family trip""],""forbidden_facts"":[],""location"":""Farm Boy"",""needs_review"":false,""negation"":true,""person"":""Xochitl Rivera"",""prohibition"":true,""recurrence"":null,""route"":""Today"",""state"":""outstanding"",""time"":""11:00"",""title"":""send the confidential draft for the family trip"",""type"":""task""}],""operations"":[],""shared_context"":{""location"":null,""person"":null,""temporal"":null}}","{""items"":[],""operations"":[{""operation"":""cancel"",""scoped"":false,""target"":""send the confidential draft for the family trip with xochitl rivera at farm boy on sat aug 8 at 11:00""}],""text"":""Do not send the confidential draft for the family trip with Xochitl Rivera at Farm Boy on Sat Aug 8 at 11:00.""}",cancellation_correctness|date_preservation|false_negative_item_creation|item_count|location_preservation|lost_information|person_preservation|recurrence_preservation|routing|time_preservation|title_content_preservation|type|under_split|wrong_merge:38bbeb4049f60a00,safety_critical|failure|compound_failure|unusual_item_count
rd-cc7bad5c3b4ac5ec214480f4,,family-partial-review-person-date,Maybe follow up about the proposal for the birthday with Priya Shah…,"{""ambiguity_policy"":""preserve-only"",""item_count"":1,""items"":[{""date"":null,""facts"":[""follow up about the proposal for the birthday""],""forbidden_facts"":[],""location"":null,""needs_review"":true,""negation"":false,""person"":""Priya Shah"",""prohibition"":false,""recurrence"":null,""route"":""Memory"",""state"":""uncertain"",""time"":null,""title"":""follow up about the proposal for the birthday"",""type"":""note""}],""operations"":[],""shared_context"":{""location"":null,""person"":null,""temporal"":null}}","{""items"":[{""analysis"":""Maybe follow up about the proposal for the birthday with Priya Shah…"",""delivery"":""none"",""due"":null,""location"":""nil"",""needsReview"":false,""person"":null,""quote"":""Maybe follow up about the proposal for the birthday with Priya Shah…"",""rawQuote"":""Maybe follow up about the proposal for the birthday with Priya Shah…"",""recurrence"":""nil"",""reminder"":null,""route"":""Today"",""state"":""resolved"",""title"":""Follow up about the proposal for the birthday with Priya Shah…"",""type"":""task"",""wasRepaired"":false}],""operations"":[],""text"":""Maybe follow up about the proposal for the birthday with Priya Shah…""}",person_preservation|review_ambiguity_behavior|routing|type:6185011130765d60,failure|hash_random_fill
rd-bccabbda4001080441cf8444,asr-substitution,family-single-task-plain,Send the project up date for the core project.,"{""ambiguity_policy"":""act"",""item_count"":1,""items"":[{""date"":null,""facts"":[""send the project update for the core project""],""forbidden_facts"":[],""location"":null,""needs_review"":false,""negation"":false,""person"":null,""prohibition"":false,""recurrence"":null,""route"":""Today"",""state"":""outstanding"",""time"":null,""title"":""send the project update for the core project"",""type"":""task""}],""operations"":[],""shared_context"":{""location"":null,""person"":null,""temporal"":null}}","{""items"":[{""analysis"":""Send the project up date for the core project."",""delivery"":""none"",""due"":null,""location"":""nil"",""needsReview"":false,""person"":null,""quote"":""Send the project up date for the core project."",""rawQuote"":""Send the project up date for the core project."",""recurrence"":""nil"",""reminder"":null,""route"":""Today"",""state"":""resolved"",""title"":""Send the project up date for the core project"",""type"":""task"",""wasRepaired"":false}],""operations"":[],""text"":""Send the project up date for the core project.""}",lost_information|title_content_preservation:0ed975de8cafff00,phenomenon_coverage|failure
rd-e8bd7e668136d8e891a9873f,,family-person-fact-weekend-context,Remember the design-team detail for the family trip with Xochitl Rivera at Farm Boy on Sat Aug 8 at 11:00.,"{""ambiguity_policy"":""act"",""item_count"":1,""items"":[{""date"":""Sat Aug 8"",""facts"":[""remember the design-team detail for the family trip""],""forbidden_facts"":[],""location"":""Farm Boy"",""needs_review"":false,""negation"":false,""person"":""Xochitl Rivera"",""prohibition"":false,""recurrence"":null,""route"":""Memory"",""state"":""informational"",""time"":""11:00"",""title"":""remember the design-team detail for the family trip"",""type"":""personFact""}],""operations"":[],""shared_context"":{""location"":null,""person"":null,""temporal"":null}}","{""items"":[{""analysis"":""Remember the design-team detail for the family trip with Xochitl Rivera at Farm Boy on Sat Aug 8 at 11:00."",""delivery"":""none"",""due"":null,""location"":""nil"",""needsReview"":false,""person"":null,""quote"":""Remember the design-team detail for the family trip with Xochitl Rivera at Farm Boy on Sat Aug 8 at 11:00."",""rawQuote"":""Remember the design-team detail for the family trip with Xochitl Rivera at Farm Boy on Sat Aug 8 at 11:00."",""recurrence"":""nil"",""reminder"":null,""route"":""Memory"",""state"":""resolved"",""title"":""The design-team detail for the family trip with Xochitl Rivera at Farm Boy on Sat Aug 8 at 11:00"",""type"":""note"",""wasRepaired"":false}],""operations"":[],""text"":""Remember the design-team detail for the family trip with Xochitl Rivera at Farm Boy on Sat Aug 8 at 11:00.""}",date_preservation|location_preservation|person_preservation|time_preservation|type:46796d449069e092,failure|compound_failure|hash_random_fill
rd-f72e47ca022ce996c855db22,,family-reminder-exact-time,Water the basil for the appointment on Thu Aug 6 at 16:15.,"{""ambiguity_policy"":""act"",""item_count"":1,""items"":[{""date"":""Thu Aug 6"",""facts"":[""water the basil for the appointment""],""forbidden_facts"":[],""location"":null,""needs_review"":false,""negation"":false,""person"":null,""prohibition"":false,""recurrence"":null,""route"":""Today"",""state"":""outstanding"",""time"":""16:15"",""title"":""water the basil for the appointment"",""type"":""reminder""}],""operations"":[],""shared_context"":{""location"":null,""person"":null,""temporal"":null}}","{""items"":[{""analysis"":""Water the basil for the appointment on Thu Aug 6 at 4:15 pm."",""delivery"":""none"",""due"":1786047300,""location"":""nil"",""needsReview"":false,""person"":null,""quote"":""Water the basil for the appointment on Thu Aug 6 at 4:15 pm."",""rawQuote"":""Water the basil for the appointment on Thu Aug 6 at 16:15"",""recurrence"":""nil"",""reminder"":null,""route"":""Today"",""state"":""resolved"",""title"":""Water the basil for the appointment on Thu Aug 6 at 4:15 pm"",""type"":""task"",""wasRepaired"":true}],""operations"":[],""text"":""Water the basil for the appointment on Thu Aug 6 at 16:15.""}",time_preservation|type:956fb00c919831ff,failure|hash_random_fill
rd-1e180f3396ddadad2b8bd963,self-correction-person|hesitation|sign-off-trailing-noise,family-memory-person,"This is for Sam— sorry, for Maya Chen. a note for later: the window-seat preference for the client account with Maya Chen, okay that's all.","{""ambiguity_policy"":""act"",""item_count"":1,""items"":[{""date"":null,""facts"":[""remember the window-seat preference for the client account""],""forbidden_facts"":[],""location"":null,""needs_review"":false,""negation"":false,""person"":""Maya Chen"",""prohibition"":false,""recurrence"":null,""route"":""Memory"",""state"":""informational"",""time"":null,""title"":""remember the window-seat preference for the client account"",""type"":""memory""}],""operations"":[],""shared_context"":{""location"":null,""person"":null,""temporal"":null}}","{""items"":[{""analysis"":""for Maya Chen. a note for later: the window-seat preference for the client account with Maya Chen, okay that's all."",""delivery"":""none"",""due"":null,""location"":""nil"",""needsReview"":false,""person"":null,""quote"":""for Maya Chen. a note for later: the window-seat preference for the client account with Maya Chen, okay that's all."",""rawQuote"":""for Sam— sorry, for Maya Chen. a note for later: the window-seat preference for the client account with Maya Chen, okay that's all"",""recurrence"":""nil"",""reminder"":null,""route"":""Memory"",""state"":""resolved"",""title"":""For Maya Chen. a note for later: the window-seat preference for the client account with Maya Chen, okay that's all"",""type"":""note"",""wasRepaired"":true}],""operations"":[],""text"":""This is for Sam— sorry, for Maya Chen. a note for later: the window-seat preference for the client account with Maya Chen, okay that's all.""}",lost_information|person_preservation|title_content_preservation|type:52d7f15a05d7955f,phenomenon_coverage|multi_phenomenon|failure|ai_candidate
rd-6a430d6b96a6db52f2aae3b5,self-correction-person|hesitation|sign-off-trailing-noise,family-location-trigger-person-time,"This is for Sam— sorry, for Noah Brooks. I need a reminder to pick up the dry cleaning for the interview with Noah Brooks at Farm Boy on Tue Aug 4 at 09:30, okay that's all.","{""ambiguity_policy"":""act"",""item_count"":1,""items"":[{""date"":""Tue Aug 4"",""facts"":[""pick up the dry cleaning for the interview""],""forbidden_facts"":[],""location"":""Farm Boy"",""needs_review"":false,""negation"":false,""person"":""Noah Brooks"",""prohibition"":false,""recurrence"":null,""route"":""Today"",""state"":""outstanding"",""time"":""09:30"",""title"":""pick up the dry cleaning for the interview"",""type"":""reminder""}],""operations"":[],""shared_context"":{""location"":null,""person"":null,""temporal"":null}}","{""items"":[{""analysis"":""for Noah Brooks"",""delivery"":""none"",""due"":null,""location"":""nil"",""needsReview"":false,""person"":null,""quote"":""for Noah Brooks"",""rawQuote"":""for Sam— sorry, for Noah Brooks"",""recurrence"":""nil"",""reminder"":null,""route"":""Memory"",""state"":""resolved"",""title"":""For Noah Brooks"",""type"":""note"",""wasRepaired"":true},{""analysis"":""I need a reminder to pick up the dry cleaning for the interview with Noah Brooks at Farm Boy on Tue Aug 4 at 09:30, okay that's all"",""delivery"":""notification"",""due"":1785850200,""location"":""nil"",""needsReview"":false,""person"":null,""quote"":""I need a reminder to pick up the dry cleaning for the interview with Noah Brooks at Farm Boy on Tue Aug 4 at 09:30, okay that's all"",""rawQuote"":""I need a reminder to pick up the dry cleaning for the interview with Noah Brooks at Farm Boy on Tue Aug 4 at 09:30, okay that's all"",""recurrence"":""nil"",""reminder"":1785850200,""route"":""Today"",""state"":""resolved"",""title"":""Pick up the dry cleaning for the interview with Noah Brooks at Farm Boy on Tue Aug 4 at 09:30, okay that's all"",""type"":""task"",""wasRepaired"":false}],""operations"":[],""text"":""This is for Sam— sorry, for Noah Brooks. I need a reminder to pick up the dry cleaning for the interview with Noah Brooks at Farm Boy on Tue Aug 4 at 09:30, okay that's all.""}",date_preservation|item_count|location_preservation|over_split|person_preservation|routing|time_preservation|type|wrong_merge:db1ec0a9416b5b37,phenomenon_coverage|multi_phenomenon|failure|compound_failure|unusual_item_count|ai_candidate
rd-fa757dd1e0b9c9fe06deec88,,family-date-correction-person-date,Renew the membership for the birthday with Priya Shah on Sat Aug 8.,"{""ambiguity_policy"":""act"",""item_count"":1,""items"":[{""date"":""Sat Aug 8"",""facts"":[""renew the membership for the birthday""],""forbidden_facts"":[""Fri Aug 7""],""location"":null,""needs_review"":false,""negation"":false,""person"":""Priya Shah"",""prohibition"":false,""recurrence"":null,""route"":""Today"",""state"":""outstanding"",""time"":null,""title"":""renew the membership for the birthday"",""type"":""task""}],""operations"":[],""shared_context"":{""location"":null,""person"":null,""temporal"":null}}","{""items"":[{""analysis"":""Renew the membership for the birthday with Priya Shah on Sat Aug 8."",""delivery"":""none"",""due"":1786161600,""location"":""nil"",""needsReview"":false,""person"":null,""quote"":""Renew the membership for the birthday with Priya Shah on Sat Aug 8."",""rawQuote"":""Renew the membership for the birthday with Priya Shah on Sat Aug 8."",""recurrence"":""nil"",""reminder"":null,""route"":""Today"",""state"":""resolved"",""title"":""Renew the membership for the birthday with Priya Shah on Sat Aug 8"",""type"":""task"",""wasRepaired"":false}],""operations"":[],""text"":""Renew the membership for the birthday with Priya Shah on Sat Aug 8.""}",person_preservation:9d2282de9a52bc8a,failure|hash_random_fill
rd-f7299150bc888bd8a014c121,,family-task-plus-memory-weekend-context,"Book the train for the family trip with Xochitl Rivera at Farm Boy on Sat Aug 8 at 11:00. Also, Maya prefers the quiet car with Maya Chen.","{""ambiguity_policy"":""act"",""item_count"":2,""items"":[{""date"":""Sat Aug 8"",""facts"":[""book the train for the family trip""],""forbidden_facts"":[],""location"":""Farm Boy"",""needs_review"":false,""negation"":false,""person"":""Xochitl Rivera"",""prohibition"":false,""recurrence"":null,""route"":""Today"",""state"":""outstanding"",""time"":""11:00"",""title"":""book the train for the family trip"",""type"":""task""},{""date"":null,""facts"":[""Maya prefers the quiet car""],""forbidden_facts"":[],""location"":null,""needs_review"":false,""negation"":false,""person"":""Maya Chen"",""prohibition"":false,""recurrence"":null,""route"":""Memory"",""state"":""informational"",""time"":null,""title"":""Maya prefers the quiet car"",""type"":""memory""}],""operations"":[],""shared_context"":{""location"":null,""person"":null,""temporal"":null}}","{""items"":[{""analysis"":""Book the train for the family trip with Xochitl Rivera at Farm Boy on Sat Aug 8 at 11:00"",""delivery"":""none"",""due"":1786201200,""location"":""nil"",""needsReview"":false,""person"":null,""quote"":""Book the train for the family trip with Xochitl Rivera at Farm Boy on Sat Aug 8 at 11:00"",""rawQuote"":""Book the train for the family trip with Xochitl Rivera at Farm Boy on Sat Aug 8 at 11:00"",""recurrence"":""nil"",""reminder"":null,""route"":""Today"",""state"":""resolved"",""title"":""Book the train for the family trip with Xochitl Rivera at Farm Boy on Sat Aug 8 at 11:00"",""type"":""task"",""wasRepaired"":false},{""analysis"":""Maya prefers the quiet car with Maya Chen"",""delivery"":""none"",""due"":null,""location"":""nil"",""needsReview"":false,""person"":""Maya"",""quote"":""Maya prefers the quiet car with Maya Chen"",""rawQuote"":""Maya prefers the quiet car with Maya Chen"",""recurrence"":""nil"",""reminder"":null,""route"":""Memory"",""state"":""resolved"",""title"":""Maya prefers the quiet car with Maya Chen"",""type"":""note"",""wasRepaired"":false}],""operations"":[],""text"":""Book the train for the family trip with Xochitl Rivera at Farm Boy on Sat Aug 8 at 11:00. Also, Maya prefers the quiet car with Maya Chen.""}",location_preservation|person_preservation|time_preservation|type:a8ea155a6d94fb7f,failure|hash_random_fill
rd-2ffbb00c585e00d108e17bc5,hesitation|rambling-introduction|sign-off-trailing-noise,family-two-independent-tasks-priority-context,"Uh, quick thing: remind me to buy oat milk for the tax filing with Hope Reed on Wed Aug 5; and also add this to my list: call Maya about dinner. Anyway, thanks.","{""ambiguity_policy"":""act"",""item_count"":2,""items"":[{""date"":""Wed Aug 5"",""facts"":[""buy oat milk for the tax filing""],""forbidden_facts"":[],""location"":null,""needs_review"":false,""negation"":false,""person"":""Hope Reed"",""prohibition"":false,""recurrence"":null,""route"":""Today"",""state"":""outstanding"",""time"":null,""title"":""buy oat milk for the tax filing"",""type"":""task""},{""date"":null,""facts"":[""call Maya about dinner""],""forbidden_facts"":[],""location"":null,""needs_review"":false,""negation"":false,""person"":null,""prohibition"":false,""recurrence"":null,""route"":""Today"",""state"":""outstanding"",""time"":null,""title"":""call Maya about dinner"",""type"":""task""}],""operations"":[],""shared_context"":{""location"":null,""person"":null,""temporal"":null}}","{""items"":[{""analysis"":""call Maya about dinner"",""delivery"":""none"",""due"":null,""location"":""nil"",""needsReview"":false,""person"":""Maya"",""quote"":""quick thing: remind me to buy oat milk for the tax filing with Hope Reed on Wed Aug 5; and also add this to my list: call Maya about dinner. Anyway, thanks."",""rawQuote"":""quick thing: remind me to buy oat milk for the tax filing with Hope Reed on Wed Aug 5; and also add this to my list: call Maya about dinner. Anyway, thanks"",""recurrence"":""nil"",""reminder"":null,""route"":""Today"",""state"":""resolved"",""title"":""Call Maya about dinner"",""type"":""personFollowUp"",""wasRepaired"":false}],""operations"":[],""text"":""Uh, quick thing: remind me to buy oat milk for the tax filing with Hope Reed on Wed Aug 5; and also add this to my list: call Maya about dinner. Anyway, thanks.""}",date_preservation|item_count|location_preservation|person_preservation|recurrence_preservation|routing|time_preservation|type|under_split|wrong_merge:d9a3178f3aa5350a,phenomenon_coverage|multi_phenomenon|failure|compound_failure|unusual_item_count|ai_candidate
rd-661014e855327bfae7fbae35,,family-prohibition-plain,Do not send the confidential draft for the core project.,"{""ambiguity_policy"":""act"",""item_count"":1,""items"":[{""date"":null,""facts"":[""send the confidential draft for the core project""],""forbidden_facts"":[],""location"":null,""needs_review"":false,""negation"":true,""person"":null,""prohibition"":true,""recurrence"":null,""route"":""Today"",""state"":""outstanding"",""time"":null,""title"":""send the confidential draft for the core project"",""type"":""task""}],""operations"":[],""shared_context"":{""location"":null,""person"":null,""temporal"":null}}","{""items"":[],""operations"":[{""operation"":""cancel"",""scoped"":false,""target"":""send the confidential draft for the core project""}],""text"":""Do not send the confidential draft for the core project.""}",cancellation_correctness|date_preservation|false_negative_item_creation|item_count|location_preservation|lost_information|person_preservation|recurrence_preservation|routing|time_preservation|title_content_preservation|type|under_split|wrong_merge:38bbeb4049f60a00,safety_critical|failure|compound_failure|unusual_item_count
rd-60545305e6c3889d3d9e09eb,hesitation|rambling-introduction|sign-off-trailing-noise,family-single-task-person-date,"Uh, quick thing: remind me to send the project update for the birthday with Priya Shah on Tue Aug 4. Anyway, thanks.","{""ambiguity_policy"":""act"",""item_count"":1,""items"":[{""date"":""Tue Aug 4"",""facts"":[""send the project update for the birthday""],""forbidden_facts"":[],""location"":null,""needs_review"":false,""negation"":false,""person"":""Priya Shah"",""prohibition"":false,""recurrence"":null,""route"":""Today"",""state"":""outstanding"",""time"":null,""title"":""send the project update for the birthday"",""type"":""task""}],""operations"":[],""shared_context"":{""location"":null,""person"":null,""temporal"":null}}","{""items"":[{""analysis"":""quick thing: remind me to send the project update for the birthday with Priya Shah on Tue Aug 4. Anyway, thanks."",""delivery"":""none"",""due"":null,""location"":""nil"",""needsReview"":true,""person"":null,""quote"":""quick thing: remind me to send the project update for the birthday with Priya Shah on Tue Aug 4. Anyway, thanks."",""rawQuote"":""quick thing: remind me to send the project update for the birthday with Priya Shah on Tue Aug 4. Anyway, thanks"",""recurrence"":""nil"",""reminder"":null,""route"":""Memory"",""state"":""resolved"",""title"":""Review captured thought"",""type"":""unclear"",""wasRepaired"":false}],""operations"":[],""text"":""Uh, quick thing: remind me to send the project update for the birthday with Priya Shah on Tue Aug 4. Anyway, thanks.""}",date_preservation|person_preservation|routing|type:09c33796cf220753,phenomenon_coverage|multi_phenomenon|failure|ai_candidate
rd-86b4ce258315bd154182b7f5,quoted-speech,family-memory-plain,"Maya said, “Remember the window-seat preference for the core project.”","{""ambiguity_policy"":""act"",""item_count"":1,""items"":[{""date"":null,""facts"":[""remember the window-seat preference for the core project""],""forbidden_facts"":[],""location"":null,""needs_review"":false,""negation"":false,""person"":null,""prohibition"":false,""recurrence"":null,""route"":""Memory"",""state"":""informational"",""time"":null,""title"":""remember the window-seat preference for the core project"",""type"":""memory""}],""operations"":[],""shared_context"":{""location"":null,""person"":null,""temporal"":null}}","{""items"":[{""analysis"":""Maya said, “Remember the window-seat preference for the core project.”"",""delivery"":""none"",""due"":null,""location"":""nil"",""needsReview"":false,""person"":""Maya"",""quote"":""Maya said, “Remember the window-seat preference for the core project.”"",""rawQuote"":""Maya said, “Remember the window-seat preference for the core project.”"",""recurrence"":""nil"",""reminder"":null,""route"":""Memory"",""state"":""resolved"",""title"":""Maya said, “Remember the window-seat preference for the core project.”"",""type"":""note"",""wasRepaired"":false}],""operations"":[],""text"":""Maya said, “Remember the window-seat preference for the core project.”""}",invented_information|person_preservation|type:86dd6c58726ec962,phenomenon_coverage|failure
rd-cf7dc5715bad27c01d5a2cfe,,family-completed-action-shared-context,Already file the tax receipt for the launch with Elena Costa at Farm Boy on Fri Aug 7 at 14:00.,"{""ambiguity_policy"":""act"",""item_count"":1,""items"":[{""date"":""Fri Aug 7"",""facts"":[""file the tax receipt for the launch""],""forbidden_facts"":[],""location"":""Farm Boy"",""needs_review"":false,""negation"":false,""person"":""Elena Costa"",""prohibition"":false,""recurrence"":null,""route"":""Memory"",""state"":""completed"",""time"":""14:00"",""title"":""file the tax receipt for the launch"",""type"":""memory""}],""operations"":[],""shared_context"":{""location"":null,""person"":null,""temporal"":null}}","{""items"":[],""operations"":[{""operation"":""complete"",""scoped"":false,""target"":""file the tax receipt for the launch with elena costa at farm boy on fri aug 7 at 2:00 pm""}],""text"":""Already file the tax receipt for the launch with Elena Costa at Farm Boy on Fri Aug 7 at 14:00.""}",cancellation_correctness|date_preservation|false_negative_item_creation|item_count|location_preservation|lost_information|person_preservation|recurrence_preservation|routing|time_preservation|title_content_preservation|type|under_split|wrong_merge:38bbeb4049f60a00,failure|compound_failure|unusual_item_count|hash_random_fill
rd-b7659877281d45d5089dfd07,,family-memory-plain,A note for later: the window-seat preference for the core project.,"{""ambiguity_policy"":""act"",""item_count"":1,""items"":[{""date"":null,""facts"":[""remember the window-seat preference for the core project""],""forbidden_facts"":[],""location"":null,""needs_review"":false,""negation"":false,""person"":null,""prohibition"":false,""recurrence"":null,""route"":""Memory"",""state"":""informational"",""time"":null,""title"":""remember the window-seat preference for the core project"",""type"":""memory""}],""operations"":[],""shared_context"":{""location"":null,""person"":null,""temporal"":null}}","{""items"":[{""analysis"":""A note for later: the window-seat preference for the core project."",""delivery"":""none"",""due"":null,""location"":""nil"",""needsReview"":false,""person"":null,""quote"":""A note for later: the window-seat preference for the core project."",""rawQuote"":""A note for later: the window-seat preference for the core project."",""recurrence"":""nil"",""reminder"":null,""route"":""Memory"",""state"":""resolved"",""title"":""A note for later: the window-seat preference for the core project"",""type"":""note"",""wasRepaired"":false}],""operations"":[],""text"":""A note for later: the window-seat preference for the core project.""}",lost_information|title_content_preservation|type:43fb43fe4b2743b1,failure|ai_candidate|hash_random_fill
rd-b75e354807656ec384aa6355,self-correction-person|hesitation|sign-off-trailing-noise,family-change-of-mind-person-date,"This is for Sam— sorry, for Priya Shah. remind me to order the blue notebook for the birthday with Priya Shah on Tue Aug 4, okay that's all.","{""ambiguity_policy"":""act"",""item_count"":1,""items"":[{""date"":""Tue Aug 4"",""facts"":[""order the blue notebook for the birthday""],""forbidden_facts"":[""order the red notebook""],""location"":null,""needs_review"":false,""negation"":false,""person"":""Priya Shah"",""prohibition"":false,""recurrence"":null,""route"":""Today"",""state"":""outstanding"",""time"":null,""title"":""order the blue notebook for the birthday"",""type"":""task""}],""operations"":[],""shared_context"":{""location"":null,""person"":null,""temporal"":null}}","{""items"":[{""analysis"":""for Priya Shah"",""delivery"":""none"",""due"":null,""location"":""nil"",""needsReview"":false,""person"":null,""quote"":""for Priya Shah"",""rawQuote"":""for Sam— sorry, for Priya Shah"",""recurrence"":""nil"",""reminder"":null,""route"":""Memory"",""state"":""resolved"",""title"":""For Priya Shah"",""type"":""note"",""wasRepaired"":true},{""analysis"":""remind me to order the blue notebook for the birthday with Priya Shah on Tue Aug 4, okay that's all"",""delivery"":""notification"",""due"":1785816000,""location"":""nil"",""needsReview"":false,""person"":null,""quote"":""remind me to order the blue notebook for the birthday with Priya Shah on Tue Aug 4, okay that's all"",""rawQuote"":""remind me to order the blue notebook for the birthday with Priya Shah on Tue Aug 4, okay that's all"",""recurrence"":""nil"",""reminder"":1785848400,""route"":""Today"",""state"":""resolved"",""title"":""Order the blue notebook for the birthday with Priya Shah on Tue Aug 4, okay that's all"",""type"":""shopping"",""wasRepaired"":false}],""operations"":[],""text"":""This is for Sam— sorry, for Priya Shah. remind me to order the blue notebook for the birthday with Priya Shah on Tue Aug 4, okay that's all.""}",date_preservation|item_count|over_split|person_preservation|routing|type|wrong_merge:59da48662667f98e,phenomenon_coverage|multi_phenomenon|failure|compound_failure|unusual_item_count|ai_candidate
rd-16d4c81e8e4053833b04d86c,,family-information-plus-task-plain,"The tea shelf is empty. Also, order more tea for the core project.","{""ambiguity_policy"":""act"",""item_count"":2,""items"":[{""date"":null,""facts"":[""the tea shelf is empty""],""forbidden_facts"":[],""location"":null,""needs_review"":false,""negation"":false,""person"":null,""prohibition"":false,""recurrence"":null,""route"":""Memory"",""state"":""informational"",""time"":null,""title"":""the tea shelf is empty"",""type"":""memory""},{""date"":null,""facts"":[""order more tea for the core project""],""forbidden_facts"":[],""location"":null,""needs_review"":false,""negation"":false,""person"":null,""prohibition"":false,""recurrence"":null,""route"":""Today"",""state"":""outstanding"",""time"":null,""title"":""order more tea for the core project"",""type"":""task""}],""operations"":[],""shared_context"":{""location"":null,""person"":null,""temporal"":null}}","{""items"":[{""analysis"":""The tea shelf is empty"",""delivery"":""none"",""due"":null,""location"":""nil"",""needsReview"":false,""person"":null,""quote"":""The tea shelf is empty"",""rawQuote"":""The tea shelf is empty"",""recurrence"":""nil"",""reminder"":null,""route"":""Memory"",""state"":""resolved"",""title"":""The tea shelf is empty"",""type"":""note"",""wasRepaired"":false},{""analysis"":""order more tea for the core project"",""delivery"":""none"",""due"":null,""location"":""nil"",""needsReview"":false,""person"":null,""quote"":""order more tea for the core project"",""rawQuote"":""order more tea for the core project"",""recurrence"":""nil"",""reminder"":null,""route"":""Today"",""state"":""resolved"",""title"":""Order more tea for the core project"",""type"":""shopping"",""wasRepaired"":false}],""operations"":[],""text"":""The tea shelf is empty. Also, order more tea for the core project.""}",type:177d7631d2f6bfa4,failure|hash_random_fill
rd-067808f42d5f571d261fa29e,,family-single-task-relative-date,Send the project update for the travel plan on Tue Aug 4.,"{""ambiguity_policy"":""act"",""item_count"":1,""items"":[{""date"":""Tue Aug 4"",""facts"":[""send the project update for the travel plan""],""forbidden_facts"":[],""location"":null,""needs_review"":false,""negation"":false,""person"":null,""prohibition"":false,""recurrence"":null,""route"":""Today"",""state"":""outstanding"",""time"":null,""title"":""send the project update for the travel plan"",""type"":""task""}],""operations"":[],""shared_context"":{""location"":null,""person"":null,""temporal"":null}}","{""items"":[{""analysis"":""Send the project update for the travel plan on Tue Aug 4."",""delivery"":""none"",""due"":1785816000,""location"":""nil"",""needsReview"":false,""person"":null,""quote"":""Send the project update for the travel plan on Tue Aug 4."",""rawQuote"":""Send the project update for the travel plan on Tue Aug 4."",""recurrence"":""nil"",""reminder"":null,""route"":""Today"",""state"":""resolved"",""title"":""Send the project update for the travel plan on Tue Aug 4"",""type"":""task"",""wasRepaired"":false}],""operations"":[],""text"":""Send the project update for the travel plan on Tue Aug 4.""}",,hash_random_fill
rd-a1ada214a8507aa9bc69caca,self-correction-time|hesitation|sign-off-trailing-noise,family-prohibition-exact-time,"At three— no, at 16:15. do not send the confidential draft for the appointment on Thu Aug 6 at 16:15, okay that's all.","{""ambiguity_policy"":""act"",""item_count"":1,""items"":[{""date"":""Thu Aug 6"",""facts"":[""send the confidential draft for the appointment""],""forbidden_facts"":[],""location"":null,""needs_review"":false,""negation"":true,""person"":null,""prohibition"":true,""recurrence"":null,""route"":""Today"",""state"":""outstanding"",""time"":""16:15"",""title"":""send the confidential draft for the appointment"",""type"":""task""}],""operations"":[],""shared_context"":{""location"":null,""person"":null,""temporal"":null}}","{""items"":[{""analysis"":""At 4:15 pm"",""delivery"":""none"",""due"":1785788100,""location"":""nil"",""needsReview"":false,""person"":null,""quote"":""At 4:15 pm"",""rawQuote"":""At three— no, at 16:15. do"",""recurrence"":""nil"",""reminder"":null,""route"":""Today"",""state"":""resolved"",""title"":""At 4:15 pm"",""type"":""event"",""wasRepaired"":true},{""analysis"":""do not send the confidential draft for the appointment on Thu Aug 6 at 4:15 pm, okay that's all"",""delivery"":""none"",""due"":null,""location"":""nil"",""needsReview"":true,""person"":null,""quote"":""do not send the confidential draft for the appointment on Thu Aug 6 at 4:15 pm, okay that's all"",""rawQuote"":""do not send the confidential draft for the appointment on Thu Aug 6 at 16:15, okay that's all"",""recurrence"":""nil"",""reminder"":null,""route"":""Memory"",""state"":""resolved"",""title"":""Do not send the confidential draft for the appointment on Thu Aug 6 at 4:15 pm, okay that's all"",""type"":""unclear"",""wasRepaired"":true}],""operations"":[],""text"":""At three— no, at 16:15. do not send the confidential draft for the appointment on Thu Aug 6 at 16:15, okay that's all.""}",item_count|negation_correctness|over_split|prohibition_correctness|routing|time_preservation|type|wrong_merge:34ab77eef27e51af,phenomenon_coverage|safety_critical|multi_phenomenon|failure|compound_failure|unusual_item_count|ai_candidate
rd-be95f4fd184ae449c8818a23,,family-event-priority-context,Attend the planning session for the tax filing with Hope Reed on Wed Aug 5.,"{""ambiguity_policy"":""act"",""item_count"":1,""items"":[{""date"":""Wed Aug 5"",""facts"":[""attend the planning session for the tax filing""],""forbidden_facts"":[],""location"":null,""needs_review"":false,""negation"":false,""person"":""Hope Reed"",""prohibition"":false,""recurrence"":null,""route"":""Today"",""state"":""outstanding"",""time"":null,""title"":""attend the planning session for the tax filing"",""type"":""event""}],""operations"":[],""shared_context"":{""location"":null,""person"":null,""temporal"":null}}","{""items"":[{""analysis"":""Attend the planning session for the tax filing with Hope Reed on Wed Aug 5."",""delivery"":""none"",""due"":1785902400,""location"":""nil"",""needsReview"":false,""person"":null,""quote"":""Attend the planning session for the tax filing with Hope Reed on Wed Aug 5."",""rawQuote"":""Attend the planning session for the tax filing with Hope Reed on Wed Aug 5."",""recurrence"":""nil"",""reminder"":null,""route"":""Today"",""state"":""resolved"",""title"":""Attend the planning session for the tax filing with Hope Reed on Wed Aug 5"",""type"":""task"",""wasRepaired"":false}],""operations"":[],""text"":""Attend the planning session for the tax filing with Hope Reed on Wed Aug 5.""}",person_preservation|type:9d0cc991e51b6027,failure|hash_random_fill
rd-b2020494a4006157b44015fb,self-correction-person|hesitation|sign-off-trailing-noise,family-person-fact-person-time,"This is for Sam— sorry, for Noah Brooks. a note for later: the design-team detail for the interview with Noah Brooks on Tue Aug 4 at 09:30, okay that's all.","{""ambiguity_policy"":""act"",""item_count"":1,""items"":[{""date"":""Tue Aug 4"",""facts"":[""remember the design-team detail for the interview""],""forbidden_facts"":[],""location"":null,""needs_review"":false,""negation"":false,""person"":""Noah Brooks"",""prohibition"":false,""recurrence"":null,""route"":""Memory"",""state"":""informational"",""time"":""09:30"",""title"":""remember the design-team detail for the interview"",""type"":""personFact""}],""operations"":[],""shared_context"":{""location"":null,""person"":null,""temporal"":null}}","{""items"":[{""analysis"":""for Noah Brooks. a note for later: the design-team detail for the interview with Noah Brooks on Tue Aug 4 at 09:30, okay that's all."",""delivery"":""none"",""due"":1785850200,""location"":""nil"",""needsReview"":false,""person"":null,""quote"":""for Noah Brooks. a note for later: the design-team detail for the interview with Noah Brooks on Tue Aug 4 at 09:30, okay that's all."",""rawQuote"":""for Sam— sorry, for Noah Brooks. a note for later: the design-team detail for the interview with Noah Brooks on Tue Aug 4 at 09:30, okay that's all"",""recurrence"":""nil"",""reminder"":null,""route"":""Today"",""state"":""resolved"",""title"":""For Noah Brooks. a note for later: the design-team detail for the interview with Noah Brooks on Tue Aug 4 at 09:30, okay that's all"",""type"":""event"",""wasRepaired"":true}],""operations"":[],""text"":""This is for Sam— sorry, for Noah Brooks. a note for later: the design-team detail for the interview with Noah Brooks on Tue Aug 4 at 09:30, okay that's all.""}",lost_information|person_preservation|routing|time_preservation|title_content_preservation|type:ca695cf0f48218f6,phenomenon_coverage|multi_phenomenon|failure|compound_failure|ai_candidate
rd-d80e8a6bd9422832bac8349c,,family-person-fact-shared-context,A note for later: the design-team detail for the launch with Elena Costa at Farm Boy on Fri Aug 7 at 14:00.,"{""ambiguity_policy"":""act"",""item_count"":1,""items"":[{""date"":""Fri Aug 7"",""facts"":[""remember the design-team detail for the launch""],""forbidden_facts"":[],""location"":""Farm Boy"",""needs_review"":false,""negation"":false,""person"":""Elena Costa"",""prohibition"":false,""recurrence"":null,""route"":""Memory"",""state"":""informational"",""time"":""14:00"",""title"":""remember the design-team detail for the launch"",""type"":""personFact""}],""operations"":[],""shared_context"":{""location"":null,""person"":null,""temporal"":null}}","{""items"":[{""analysis"":""A note for later: the design-team detail for the launch with Elena Costa at Farm Boy on Fri Aug 7 at 2:00 pm."",""delivery"":""none"",""due"":null,""location"":""nil"",""needsReview"":false,""person"":null,""quote"":""A note for later: the design-team detail for the launch with Elena Costa at Farm Boy on Fri Aug 7 at 2:00 pm."",""rawQuote"":""A note for later: the design-team detail for the launch with Elena Costa at Farm Boy on Fri Aug 7 at 14:00"",""recurrence"":""nil"",""reminder"":null,""route"":""Memory"",""state"":""resolved"",""title"":""A note for later: the design-team detail for the launch with Elena Costa at Farm Boy on Fri Aug 7 at 2:00 pm"",""type"":""note"",""wasRepaired"":true}],""operations"":[],""text"":""A note for later: the design-team detail for the launch with Elena Costa at Farm Boy on Fri Aug 7 at 14:00.""}",date_preservation|location_preservation|lost_information|person_preservation|time_preservation|title_content_preservation|type:c58a6b027807b18f,failure|compound_failure|ai_candidate|hash_random_fill
rd-369556ea5eb9b930debf2a74,,family-exact-date-time-named-location,Join the dentist appointment for the errand at Farm Boy on Tue Aug 4 at 16:15.,"{""ambiguity_policy"":""act"",""item_count"":1,""items"":[{""date"":""Tue Aug 4"",""facts"":[""join the dentist appointment for the errand""],""forbidden_facts"":[],""location"":""Farm Boy"",""needs_review"":false,""negation"":false,""person"":null,""prohibition"":false,""recurrence"":null,""route"":""Today"",""state"":""outstanding"",""time"":""16:15"",""title"":""join the dentist appointment for the errand"",""type"":""reminder""}],""operations"":[],""shared_context"":{""location"":null,""person"":null,""temporal"":null}}","{""items"":[{""analysis"":""Join the dentist appointment for the errand at Farm Boy on Tue Aug 4 at 4:15 pm."",""delivery"":""none"",""due"":1785874500,""location"":""nil"",""needsReview"":false,""person"":null,""quote"":""Join the dentist appointment for the errand at Farm Boy on Tue Aug 4 at 4:15 pm."",""rawQuote"":""Join the dentist appointment for the errand at Farm Boy on Tue Aug 4 at 16:15"",""recurrence"":""nil"",""reminder"":null,""route"":""Today"",""state"":""resolved"",""title"":""Join the dentist appointment for the errand at Farm Boy on Tue Aug 4 at 4:15 pm"",""type"":""event"",""wasRepaired"":true}],""operations"":[],""text"":""Join the dentist appointment for the errand at Farm Boy on Tue Aug 4 at 16:15.""}",location_preservation|time_preservation|type:72062a5c2647fac3,failure|hash_random_fill
rd-b4518b419468e91cb527abf8,self-correction-person|hesitation|sign-off-trailing-noise,family-date-correction-priority-context,"This is for Sam— sorry, for Hope Reed. make sure I remember to renew the membership for the tax filing with Hope Reed on Sat Aug 8, okay that's all.","{""ambiguity_policy"":""act"",""item_count"":1,""items"":[{""date"":""Sat Aug 8"",""facts"":[""renew the membership for the tax filing""],""forbidden_facts"":[""Fri Aug 7""],""location"":null,""needs_review"":false,""negation"":false,""person"":""Hope Reed"",""prohibition"":false,""recurrence"":null,""route"":""Today"",""state"":""outstanding"",""time"":null,""title"":""renew the membership for the tax filing"",""type"":""task""}],""operations"":[],""shared_context"":{""location"":null,""person"":null,""temporal"":null}}","{""items"":[{""analysis"":""for Hope Reed"",""delivery"":""none"",""due"":null,""location"":""nil"",""needsReview"":false,""person"":null,""quote"":""for Hope Reed"",""rawQuote"":""for Sam— sorry, for Hope Reed"",""recurrence"":""nil"",""reminder"":null,""route"":""Memory"",""state"":""resolved"",""title"":""For Hope Reed"",""type"":""note"",""wasRepaired"":true},{""analysis"":""make sure I remember to renew the membership for the tax filing with Hope Reed on Sat Aug 8, okay that's all"",""delivery"":""none"",""due"":1786161600,""location"":""nil"",""needsReview"":false,""person"":null,""quote"":""make sure I remember to renew the membership for the tax filing with Hope Reed on Sat Aug 8, okay that's all"",""rawQuote"":""make sure I remember to renew the membership for the tax filing with Hope Reed on Sat Aug 8, okay that's all"",""recurrence"":""nil"",""reminder"":null,""route"":""Today"",""state"":""resolved"",""title"":""Renew the membership for the tax filing with Hope Reed on Sat Aug 8, okay that's all"",""type"":""task"",""wasRepaired"":false}],""operations"":[],""text"":""This is for Sam— sorry, for Hope Reed. make sure I remember to renew the membership for the tax filing with Hope Reed on Sat Aug 8, okay that's all.""}",date_preservation|item_count|over_split|person_preservation|routing|type|wrong_merge:59da48662667f98e,phenomenon_coverage|multi_phenomenon|failure|compound_failure|unusual_item_count|ai_candidate
rd-33ea5aced356da2c59e64de3,,family-task-plus-question-weekend-context,"Call the venue for the family trip with Xochitl Rivera at Farm Boy on Sat Aug 8 at 11:00. Also, ask when the doors open.","{""ambiguity_policy"":""act"",""item_count"":2,""items"":[{""date"":""Sat Aug 8"",""facts"":[""call the venue for the family trip""],""forbidden_facts"":[],""location"":""Farm Boy"",""needs_review"":false,""negation"":false,""person"":""Xochitl Rivera"",""prohibition"":false,""recurrence"":null,""route"":""Today"",""state"":""outstanding"",""time"":""11:00"",""title"":""call the venue for the family trip"",""type"":""task""},{""date"":null,""facts"":[""ask when the doors open""],""forbidden_facts"":[],""location"":null,""needs_review"":false,""negation"":false,""person"":null,""prohibition"":false,""recurrence"":null,""route"":""Memory"",""state"":""informational"",""time"":null,""title"":""ask when the doors open"",""type"":""note""}],""operations"":[],""shared_context"":{""location"":null,""person"":null,""temporal"":null}}","{""items"":[{""analysis"":""Call the venue for the family trip with Xochitl Rivera at Farm Boy on Sat Aug 8 at 11:00"",""delivery"":""none"",""due"":1786201200,""location"":""nil"",""needsReview"":false,""person"":null,""quote"":""Call the venue for the family trip with Xochitl Rivera at Farm Boy on Sat Aug 8 at 11:00"",""rawQuote"":""Call the venue for the family trip with Xochitl Rivera at Farm Boy on Sat Aug 8 at 11:00"",""recurrence"":""nil"",""reminder"":null,""route"":""Today"",""state"":""resolved"",""title"":""Call the venue for the family trip with Xochitl Rivera at Farm Boy on Sat Aug 8 at 11:00"",""type"":""task"",""wasRepaired"":false},{""analysis"":""ask when the doors open"",""delivery"":""none"",""due"":null,""location"":""nil"",""needsReview"":true,""person"":null,""quote"":""ask when the doors open"",""rawQuote"":""ask when the doors open"",""recurrence"":""nil"",""reminder"":null,""route"":""Today"",""state"":""resolved"",""title"":""Ask when the doors open"",""type"":""personFollowUp"",""wasRepaired"":false}],""operations"":[],""text"":""Call the venue for the family trip with Xochitl Rivera at Farm Boy on Sat Aug 8 at 11:00. Also, ask when the doors open.""}",location_preservation|person_preservation|routing|time_preservation|type:b9edb7e3b3728e13,failure|compound_failure|hash_random_fill
rd-d5fb6eee9f075ce138f48be1,,family-exact-date-time-person,Join the dentist appointment for the client account with Maya Chen on Tue Aug 4 at 16:15.,"{""ambiguity_policy"":""act"",""item_count"":1,""items"":[{""date"":""Tue Aug 4"",""facts"":[""join the dentist appointment for the client account""],""forbidden_facts"":[],""location"":null,""needs_review"":false,""negation"":false,""person"":""Maya Chen"",""prohibition"":false,""recurrence"":null,""route"":""Today"",""state"":""outstanding"",""time"":""16:15"",""title"":""join the dentist appointment for the client account"",""type"":""reminder""}],""operations"":[],""shared_context"":{""location"":null,""person"":null,""temporal"":null}}","{""items"":[{""analysis"":""Join the dentist appointment for the client account with Maya Chen on Tue Aug 4 at 4:15 pm."",""delivery"":""none"",""due"":1785874500,""location"":""nil"",""needsReview"":false,""person"":null,""quote"":""Join the dentist appointment for the client account with Maya Chen on Tue Aug 4 at 4:15 pm."",""rawQuote"":""Join the dentist appointment for the client account with Maya Chen on Tue Aug 4 at 16:15"",""recurrence"":""nil"",""reminder"":null,""route"":""Today"",""state"":""resolved"",""title"":""Join the dentist appointment for the client account with Maya Chen on Tue Aug 4 at 4:15 pm"",""type"":""event"",""wasRepaired"":true}],""operations"":[],""text"":""Join the dentist appointment for the client account with Maya Chen on Tue Aug 4 at 16:15.""}",person_preservation|time_preservation|type:aee8c4776546e0a4,failure|hash_random_fill
rd-c41f08912d8b0d9b978917a0,,family-event-named-location,Attend the planning session for the errand at Farm Boy.,"{""ambiguity_policy"":""act"",""item_count"":1,""items"":[{""date"":null,""facts"":[""attend the planning session for the errand""],""forbidden_facts"":[],""location"":""Farm Boy"",""needs_review"":false,""negation"":false,""person"":null,""prohibition"":false,""recurrence"":null,""route"":""Today"",""state"":""outstanding"",""time"":null,""title"":""attend the planning session for the errand"",""type"":""event""}],""operations"":[],""shared_context"":{""location"":null,""person"":null,""temporal"":null}}","{""items"":[{""analysis"":""Attend the planning session for the errand at Farm Boy."",""delivery"":""none"",""due"":null,""location"":""nil"",""needsReview"":false,""person"":null,""quote"":""Attend the planning session for the errand at Farm Boy."",""rawQuote"":""Attend the planning session for the errand at Farm Boy."",""recurrence"":""nil"",""reminder"":null,""route"":""Today"",""state"":""resolved"",""title"":""Attend the planning session for the errand at Farm Boy"",""type"":""task"",""wasRepaired"":false}],""operations"":[],""text"":""Attend the planning session for the errand at Farm Boy.""}",location_preservation|type:f801f2db117f0ea1,failure|hash_random_fill
rd-ba6e9e2c395f532bac43a935,,family-person-fact-plain,Remember the design-team detail for the core project with Maya Chen.,"{""ambiguity_policy"":""act"",""item_count"":1,""items"":[{""date"":null,""facts"":[""remember the design-team detail for the core project""],""forbidden_facts"":[],""location"":null,""needs_review"":false,""negation"":false,""person"":""Maya Chen"",""prohibition"":false,""recurrence"":null,""route"":""Memory"",""state"":""informational"",""time"":null,""title"":""remember the design-team detail for the core project"",""type"":""personFact""}],""operations"":[],""shared_context"":{""location"":null,""person"":null,""temporal"":null}}","{""items"":[{""analysis"":""Remember the design-team detail for the core project with Maya Chen."",""delivery"":""none"",""due"":null,""location"":""nil"",""needsReview"":false,""person"":null,""quote"":""Remember the design-team detail for the core project with Maya Chen."",""rawQuote"":""Remember the design-team detail for the core project with Maya Chen."",""recurrence"":""nil"",""reminder"":null,""route"":""Memory"",""state"":""resolved"",""title"":""The design-team detail for the core project with Maya Chen"",""type"":""note"",""wasRepaired"":false}],""operations"":[],""text"":""Remember the design-team detail for the core project with Maya Chen.""}",person_preservation|type:9d0cc991e51b6027,failure|hash_random_fill
rd-8b868a124a15c8d4fbe816a2,rambling-introduction|sign-off-trailing-noise,family-completed-action-priority-context,"Before I lose the thought, I already file the tax receipt for the tax filing with Hope Reed on Wed Aug 5—okay, done.","{""ambiguity_policy"":""act"",""item_count"":1,""items"":[{""date"":""Wed Aug 5"",""facts"":[""file the tax receipt for the tax filing""],""forbidden_facts"":[],""location"":null,""needs_review"":false,""negation"":false,""person"":""Hope Reed"",""prohibition"":false,""recurrence"":null,""route"":""Memory"",""state"":""completed"",""time"":null,""title"":""file the tax receipt for the tax filing"",""type"":""memory""}],""operations"":[],""shared_context"":{""location"":null,""person"":null,""temporal"":null}}","{""items"":[{""analysis"":""Before I lose the thought, done"",""delivery"":""none"",""due"":null,""location"":""nil"",""needsReview"":false,""person"":null,""quote"":""Before I lose the thought, done"",""rawQuote"":""Before I lose the thought, I already file the tax receipt for the tax filing with Hope Reed on Wed Aug 5—okay, done"",""recurrence"":""nil"",""reminder"":null,""route"":""Memory"",""state"":""resolved"",""title"":""Before I lose the thought, done"",""type"":""note"",""wasRepaired"":true}],""operations"":[{""operation"":""complete"",""scoped"":false,""target"":""file the tax receipt for the tax filing with hope reed on wed aug 5—okay""}],""text"":""Before I lose the thought, I already file the tax receipt for the tax filing with Hope Reed on Wed Aug 5—okay, done.""}",cancellation_correctness|date_preservation|lost_information|person_preservation|title_content_preservation|type:9cc97bc9f4b586e7,phenomenon_coverage|multi_phenomenon|failure|compound_failure|ai_candidate
rd-f21fb600ccebc1f9cd4e67a2,,family-person-correction-weekend-context,Send the photos for the family trip with Priya Shah at Farm Boy on Sat Aug 8 at 11:00.,"{""ambiguity_policy"":""act"",""item_count"":1,""items"":[{""date"":""Sat Aug 8"",""facts"":[""send the photos for the family trip""],""forbidden_facts"":[""Maya Chen""],""location"":""Farm Boy"",""needs_review"":false,""negation"":false,""person"":""Priya Shah"",""prohibition"":false,""recurrence"":null,""route"":""Today"",""state"":""outstanding"",""time"":""11:00"",""title"":""send the photos for the family trip"",""type"":""task""}],""operations"":[],""shared_context"":{""location"":null,""person"":null,""temporal"":null}}","{""items"":[{""analysis"":""Send the photos for the family trip with Priya Shah at Farm Boy on Sat Aug 8 at 11:00."",""delivery"":""none"",""due"":1786201200,""location"":""nil"",""needsReview"":false,""person"":null,""quote"":""Send the photos for the family trip with Priya Shah at Farm Boy on Sat Aug 8 at 11:00."",""rawQuote"":""Send the photos for the family trip with Priya Shah at Farm Boy on Sat Aug 8 at 11:00."",""recurrence"":""nil"",""reminder"":null,""route"":""Today"",""state"":""resolved"",""title"":""Send the photos for the family trip with Priya Shah at Farm Boy on Sat Aug 8 at 11:00"",""type"":""task"",""wasRepaired"":false}],""operations"":[],""text"":""Send the photos for the family trip with Priya Shah at Farm Boy on Sat Aug 8 at 11:00.""}",location_preservation|person_preservation|time_preservation:3c5d20b22ef4ee19,failure|hash_random_fill
rd-5efb693116db8e6fe6bf1b5c,false-start|sign-off-trailing-noise,family-idea-plain,"I nearly forgot— remember that try a walking meeting for the core project. Thanks, that's it.","{""ambiguity_policy"":""act"",""item_count"":1,""items"":[{""date"":null,""facts"":[""try a walking meeting for the core project""],""forbidden_facts"":[],""location"":null,""needs_review"":false,""negation"":false,""person"":null,""prohibition"":false,""recurrence"":null,""route"":""Memory"",""state"":""informational"",""time"":null,""title"":""try a walking meeting for the core project"",""type"":""idea""}],""operations"":[],""shared_context"":{""location"":null,""person"":null,""temporal"":null}}","{""items"":[{""analysis"":""I nearly forgot— remember that try a walking meeting for the core project"",""delivery"":""none"",""due"":null,""location"":""nil"",""needsReview"":false,""person"":null,""quote"":""I nearly forgot— remember that try a walking meeting for the core project"",""rawQuote"":""I nearly forgot— remember that try a walking meeting for the core project"",""recurrence"":""nil"",""reminder"":null,""route"":""Today"",""state"":""resolved"",""title"":""I nearly forgot— remember that try a walking meeting for the core project"",""type"":""event"",""wasRepaired"":false},{""analysis"":""Thanks, that's it"",""delivery"":""none"",""due"":null,""location"":""nil"",""needsReview"":false,""person"":null,""quote"":""Thanks, that's it"",""rawQuote"":""Thanks, that's it"",""recurrence"":""nil"",""reminder"":null,""route"":""Memory"",""state"":""resolved"",""title"":""Thanks, that's it"",""type"":""note"",""wasRepaired"":false}],""operations"":[],""text"":""I nearly forgot— remember that try a walking meeting for the core project. Thanks, that's it.""}",item_count|over_split|routing|type|wrong_merge:41caf148a3bc59f8,phenomenon_coverage|multi_phenomenon|failure|compound_failure|unusual_item_count|ai_candidate
rd-bf4309f8e4e45b53757d59a1,,family-date-only-plain,Note the warranty date for the core project on Tue Aug 4.,"{""ambiguity_policy"":""act"",""item_count"":1,""items"":[{""date"":""Tue Aug 4"",""facts"":[""note the warranty date for the core project""],""forbidden_facts"":[],""location"":null,""needs_review"":false,""negation"":false,""person"":null,""prohibition"":false,""recurrence"":null,""route"":""Memory"",""state"":""informational"",""time"":null,""title"":""note the warranty date for the core project"",""type"":""note""}],""operations"":[],""shared_context"":{""location"":null,""person"":null,""temporal"":null}}","{""items"":[{""analysis"":""Note the warranty date for the core project on Tue Aug 4."",""delivery"":""none"",""due"":null,""location"":""nil"",""needsReview"":false,""person"":null,""quote"":""Note the warranty date for the core project on Tue Aug 4."",""rawQuote"":""Note the warranty date for the core project on Tue Aug 4."",""recurrence"":""nil"",""reminder"":null,""route"":""Memory"",""state"":""resolved"",""title"":""The warranty date for the core project on Tue Aug 4"",""type"":""note"",""wasRepaired"":false}],""operations"":[],""text"":""Note the warranty date for the core project on Tue Aug 4.""}",date_preservation:20325a4e0b711399,failure|hash_random_fill
rd-2ce8b9b3c74a702c7f6d2e85,,family-recurrence-weekend-context,Take out the recycling for the family trip with Xochitl Rivera at Farm Boy on Sat Aug 8 at 11:00 every Tuesday.,"{""ambiguity_policy"":""act"",""item_count"":1,""items"":[{""date"":""Sat Aug 8"",""facts"":[""take out the recycling for the family trip""],""forbidden_facts"":[],""location"":""Farm Boy"",""needs_review"":false,""negation"":false,""person"":""Xochitl Rivera"",""prohibition"":false,""recurrence"":""weekly:tuesday"",""route"":""Today"",""state"":""outstanding"",""time"":""11:00"",""title"":""take out the recycling for the family trip"",""type"":""reminder""}],""operations"":[],""shared_context"":{""location"":null,""person"":null,""temporal"":null}}","{""items"":[{""analysis"":""Take out the recycling for the family trip with Xochitl Rivera at Farm Boy on Sat Aug 8 at 11:00 every Tuesday."",""delivery"":""none"",""due"":1785855600,""location"":""nil"",""needsReview"":false,""person"":null,""quote"":""Take out the recycling for the family trip with Xochitl Rivera at Farm Boy on Sat Aug 8 at 11:00 every Tuesday."",""rawQuote"":""Take out the recycling for the family trip with Xochitl Rivera at Farm Boy on Sat Aug 8 at 11:00 every Tuesday."",""recurrence"":""weekly x1 days[3]"",""reminder"":null,""route"":""Today"",""state"":""resolved"",""title"":""Take out the recycling for the family trip with Xochitl Rivera at Farm Boy on Sat Aug 8 at 11:00 every Tuesday"",""type"":""task"",""wasRepaired"":false}],""operations"":[],""text"":""Take out the recycling for the family trip with Xochitl Rivera at Farm Boy on Sat Aug 8 at 11:00 every Tuesday.""}",location_preservation|person_preservation|time_preservation|type:a8ea155a6d94fb7f,failure|hash_random_fill
rd-d51190b4dbbc2c509ff08b48,,family-recurrence-plain,Take out the recycling for the core project on Tue Aug 4 every Tuesday.,"{""ambiguity_policy"":""act"",""item_count"":1,""items"":[{""date"":""Tue Aug 4"",""facts"":[""take out the recycling for the core project""],""forbidden_facts"":[],""location"":null,""needs_review"":false,""negation"":false,""person"":null,""prohibition"":false,""recurrence"":""weekly:tuesday"",""route"":""Today"",""state"":""outstanding"",""time"":null,""title"":""take out the recycling for the core project"",""type"":""reminder""}],""operations"":[],""shared_context"":{""location"":null,""person"":null,""temporal"":null}}","{""items"":[{""analysis"":""Take out the recycling for the core project on Tue Aug 4 every Tuesday."",""delivery"":""none"",""due"":1785848400,""location"":""nil"",""needsReview"":false,""person"":null,""quote"":""Take out the recycling for the core project on Tue Aug 4 every Tuesday."",""rawQuote"":""Take out the recycling for the core project on Tue Aug 4 every Tuesday."",""recurrence"":""weekly x1 days[3]"",""reminder"":null,""route"":""Today"",""state"":""resolved"",""title"":""Take out the recycling for the core project on Tue Aug 4 every Tuesday"",""type"":""task"",""wasRepaired"":false}],""operations"":[],""text"":""Take out the recycling for the core project on Tue Aug 4 every Tuesday.""}",type:177d7631d2f6bfa4,failure|hash_random_fill
rd-32f1d136481e28521c90df1f,sequencing,family-two-independent-tasks-plain,"First buy oat milk, then call Maya about dinner.","{""ambiguity_policy"":""act"",""item_count"":2,""items"":[{""date"":null,""facts"":[""buy oat milk for the core project""],""forbidden_facts"":[],""location"":null,""needs_review"":false,""negation"":false,""person"":null,""prohibition"":false,""recurrence"":null,""route"":""Today"",""state"":""outstanding"",""time"":null,""title"":""buy oat milk for the core project"",""type"":""task""},{""date"":null,""facts"":[""call Maya about dinner""],""forbidden_facts"":[],""location"":null,""needs_review"":false,""negation"":false,""person"":null,""prohibition"":false,""recurrence"":null,""route"":""Today"",""state"":""outstanding"",""time"":null,""title"":""call Maya about dinner"",""type"":""task""}],""operations"":[],""shared_context"":{""location"":null,""person"":null,""temporal"":null}}","{""items"":[{""analysis"":""buy oat milk"",""delivery"":""none"",""due"":null,""location"":""nil"",""needsReview"":false,""person"":null,""quote"":""buy oat milk"",""rawQuote"":""buy oat milk"",""recurrence"":""nil"",""reminder"":null,""route"":""Today"",""state"":""resolved"",""title"":""Buy oat milk"",""type"":""shopping"",""wasRepaired"":false},{""analysis"":""call Maya about dinner"",""delivery"":""none"",""due"":null,""location"":""nil"",""needsReview"":false,""person"":""Maya"",""quote"":""call Maya about dinner"",""rawQuote"":""call Maya about dinner"",""recurrence"":""nil"",""reminder"":null,""route"":""Today"",""state"":""resolved"",""title"":""Call Maya about dinner"",""type"":""personFollowUp"",""wasRepaired"":false}],""operations"":[],""text"":""First buy oat milk, then call Maya about dinner.""}",invented_information|lost_information|person_preservation|title_content_preservation|type:309fa88057a3d6c1,phenomenon_coverage|failure|compound_failure
rd-c53d60c4400055db9f45b26a,,family-task-plus-memory-person-date,"Book the train for the birthday with Priya Shah on Tue Aug 4. Also, Maya prefers the quiet car with Maya Chen.","{""ambiguity_policy"":""act"",""item_count"":2,""items"":[{""date"":""Tue Aug 4"",""facts"":[""book the train for the birthday""],""forbidden_facts"":[],""location"":null,""needs_review"":false,""negation"":false,""person"":""Priya Shah"",""prohibition"":false,""recurrence"":null,""route"":""Today"",""state"":""outstanding"",""time"":null,""title"":""book the train for the birthday"",""type"":""task""},{""date"":null,""facts"":[""Maya prefers the quiet car""],""forbidden_facts"":[],""location"":null,""needs_review"":false,""negation"":false,""person"":""Maya Chen"",""prohibition"":false,""recurrence"":null,""route"":""Memory"",""state"":""informational"",""time"":null,""title"":""Maya prefers the quiet car"",""type"":""memory""}],""operations"":[],""shared_context"":{""location"":null,""person"":null,""temporal"":null}}","{""items"":[{""analysis"":""Book the train for the birthday with Priya Shah on Tue Aug 4"",""delivery"":""none"",""due"":1785816000,""location"":""nil"",""needsReview"":false,""person"":null,""quote"":""Book the train for the birthday with Priya Shah on Tue Aug 4"",""rawQuote"":""Book the train for the birthday with Priya Shah on Tue Aug 4"",""recurrence"":""nil"",""reminder"":null,""route"":""Today"",""state"":""resolved"",""title"":""Book the train for the birthday with Priya Shah on Tue Aug 4"",""type"":""task"",""wasRepaired"":false},{""analysis"":""Maya prefers the quiet car with Maya Chen"",""delivery"":""none"",""due"":null,""location"":""nil"",""needsReview"":false,""person"":""Maya"",""quote"":""Maya prefers the quiet car with Maya Chen"",""rawQuote"":""Maya prefers the quiet car with Maya Chen"",""recurrence"":""nil"",""reminder"":null,""route"":""Memory"",""state"":""resolved"",""title"":""Maya prefers the quiet car with Maya Chen"",""type"":""note"",""wasRepaired"":false}],""operations"":[],""text"":""Book the train for the birthday with Priya Shah on Tue Aug 4. Also, Maya prefers the quiet car with Maya Chen.""}",person_preservation|type:9d0cc991e51b6027,failure|hash_random_fill
rd-552a7c585fe1bb294822a13c,self-correction-person|hesitation|sign-off-trailing-noise,family-person-fact-shared-context,"This is for Sam— sorry, for Elena Costa. I want to remember that the design-team detail for the launch with Elena Costa at Farm Boy on Fri Aug 7 at 14:00, okay that's all.","{""ambiguity_policy"":""act"",""item_count"":1,""items"":[{""date"":""Fri Aug 7"",""facts"":[""remember the design-team detail for the launch""],""forbidden_facts"":[],""location"":""Farm Boy"",""needs_review"":false,""negation"":false,""person"":""Elena Costa"",""prohibition"":false,""recurrence"":null,""route"":""Memory"",""state"":""informational"",""time"":""14:00"",""title"":""remember the design-team detail for the launch"",""type"":""personFact""}],""operations"":[],""shared_context"":{""location"":null,""person"":null,""temporal"":null}}","{""items"":[{""analysis"":""for Elena Costa"",""delivery"":""none"",""due"":null,""location"":""nil"",""needsReview"":false,""person"":null,""quote"":""for Elena Costa"",""rawQuote"":""for Sam— sorry, for Elena Costa"",""recurrence"":""nil"",""reminder"":null,""route"":""Memory"",""state"":""resolved"",""title"":""For Elena Costa"",""type"":""note"",""wasRepaired"":true},{""analysis"":""I want to remember that the design-team detail for the launch with Elena Costa at Farm Boy on Fri Aug 7 at 2:00 pm, okay that's all"",""delivery"":""none"",""due"":null,""location"":""nil"",""needsReview"":false,""person"":null,""quote"":""I want to remember that the design-team detail for the launch with Elena Costa at Farm Boy on Fri Aug 7 at 2:00 pm, okay that's all"",""rawQuote"":""I want to remember that the design-team detail for the launch with Elena Costa at Farm Boy on Fri Aug 7 at 14:00, okay that's all"",""recurrence"":""nil"",""reminder"":null,""route"":""Memory"",""state"":""resolved"",""title"":""The design-team detail for the launch with Elena Costa at Farm Boy on Fri Aug 7 at 2:00 pm, okay that's all"",""type"":""note"",""wasRepaired"":true}],""operations"":[],""text"":""This is for Sam— sorry, for Elena Costa. I want to remember that the design-team detail for the launch with Elena Costa at Farm Boy on Fri Aug 7 at 14:00, okay that's all.""}",date_preservation|item_count|location_preservation|lost_information|over_split|person_preservation|routing|time_preservation|title_content_preservation|type|wrong_merge:99c9152ae5d43ce8,phenomenon_coverage|multi_phenomenon|failure|compound_failure|unusual_item_count|ai_candidate
rd-eaf79d6a63b5655b79c31582,,family-memory-named-location,Remember the window-seat preference for the errand at Farm Boy.,"{""ambiguity_policy"":""act"",""item_count"":1,""items"":[{""date"":null,""facts"":[""remember the window-seat preference for the errand""],""forbidden_facts"":[],""location"":""Farm Boy"",""needs_review"":false,""negation"":false,""person"":null,""prohibition"":false,""recurrence"":null,""route"":""Memory"",""state"":""informational"",""time"":null,""title"":""remember the window-seat preference for the errand"",""type"":""memory""}],""operations"":[],""shared_context"":{""location"":null,""person"":null,""temporal"":null}}","{""items"":[{""analysis"":""Remember the window-seat preference for the errand at Farm Boy."",""delivery"":""none"",""due"":null,""location"":""nil"",""needsReview"":false,""person"":null,""quote"":""Remember the window-seat preference for the errand at Farm Boy."",""rawQuote"":""Remember the window-seat preference for the errand at Farm Boy."",""recurrence"":""nil"",""reminder"":null,""route"":""Memory"",""state"":""resolved"",""title"":""The window-seat preference for the errand at Farm Boy"",""type"":""note"",""wasRepaired"":false}],""operations"":[],""text"":""Remember the window-seat preference for the errand at Farm Boy.""}",location_preservation|type:f801f2db117f0ea1,failure|hash_random_fill
rd-f49cad65d77cc7a4937e83d1,filler-words|hesitation|rambling-introduction,family-prohibition-exact-time,"So there's one thing, um, do not send the confidential draft for the appointment on Thu Aug 6 at 16:15, and that's everything.","{""ambiguity_policy"":""act"",""item_count"":1,""items"":[{""date"":""Thu Aug 6"",""facts"":[""send the confidential draft for the appointment""],""forbidden_facts"":[],""location"":null,""needs_review"":false,""negation"":true,""person"":null,""prohibition"":true,""recurrence"":null,""route"":""Today"",""state"":""outstanding"",""time"":""16:15"",""title"":""send the confidential draft for the appointment"",""type"":""task""}],""operations"":[],""shared_context"":{""location"":null,""person"":null,""temporal"":null}}","{""items"":[{""analysis"":""there's one thing"",""delivery"":""none"",""due"":null,""location"":""nil"",""needsReview"":false,""person"":null,""quote"":""there's one thing"",""rawQuote"":""there's one thing"",""recurrence"":""nil"",""reminder"":null,""route"":""Memory"",""state"":""resolved"",""title"":""There's one thing"",""type"":""note"",""wasRepaired"":false},{""analysis"":""do not send the confidential draft for the appointment on Thu Aug 6 at 4:15 pm, and that's everything"",""delivery"":""none"",""due"":null,""location"":""nil"",""needsReview"":true,""person"":null,""quote"":""do not send the confidential draft for the appointment on Thu Aug 6 at 4:15 pm, and that's everything"",""rawQuote"":""do not send the confidential draft for the appointment on Thu Aug 6 at 16:15, and that's everything"",""recurrence"":""nil"",""reminder"":null,""route"":""Memory"",""state"":""resolved"",""title"":""Do not send the confidential draft for the appointment on Thu Aug 6 at 4:15 pm, and that's everything"",""type"":""unclear"",""wasRepaired"":true}],""operations"":[],""text"":""So there's one thing, um, do not send the confidential draft for the appointment on Thu Aug 6 at 16:15, and that's everything.""}",date_preservation|item_count|negation_correctness|over_split|prohibition_correctness|routing|time_preservation|type|wrong_merge:3c5447ef06298c37,phenomenon_coverage|safety_critical|multi_phenomenon|failure|compound_failure|unusual_item_count|ai_candidate
rd-7f215c5e137a3f82002cf5f5,self-correction-date|hesitation|sign-off-trailing-noise,family-single-task-relative-date,"On Wednesday— sorry, on Tue Aug 4. make sure I remember to send the project update for the travel plan on Tue Aug 4, okay that's all.","{""ambiguity_policy"":""act"",""item_count"":1,""items"":[{""date"":""Tue Aug 4"",""facts"":[""send the project update for the travel plan""],""forbidden_facts"":[],""location"":null,""needs_review"":false,""negation"":false,""person"":null,""prohibition"":false,""recurrence"":null,""route"":""Today"",""state"":""outstanding"",""time"":null,""title"":""send the project update for the travel plan"",""type"":""task""}],""operations"":[],""shared_context"":{""location"":null,""person"":null,""temporal"":null}}","{""items"":[{""analysis"":""on Tue Aug 4"",""delivery"":""none"",""due"":1785816000,""location"":""nil"",""needsReview"":false,""person"":null,""quote"":""on Tue Aug 4"",""rawQuote"":""On Wednesday— sorry, on Tue Aug 4"",""recurrence"":""nil"",""reminder"":null,""route"":""Today"",""state"":""resolved"",""title"":""On Tue Aug 4"",""type"":""event"",""wasRepaired"":true},{""analysis"":""make sure I remember to send the project update for the travel plan on Tue Aug 4, okay that's all"",""delivery"":""none"",""due"":1785816000,""location"":""nil"",""needsReview"":false,""person"":null,""quote"":""make sure I remember to send the project update for the travel plan on Tue Aug 4, okay that's all"",""rawQuote"":""make sure I remember to send the project update for the travel plan on Tue Aug 4, okay that's all"",""recurrence"":""nil"",""reminder"":null,""route"":""Today"",""state"":""resolved"",""title"":""Send the project update for the travel plan on Tue Aug 4, okay that's all"",""type"":""task"",""wasRepaired"":false}],""operations"":[],""text"":""On Wednesday— sorry, on Tue Aug 4. make sure I remember to send the project update for the travel plan on Tue Aug 4, okay that's all.""}",item_count|over_split|routing|type|wrong_merge:41caf148a3bc59f8,phenomenon_coverage|multi_phenomenon|failure|compound_failure|unusual_item_count|ai_candidate
rd-166f8fa19b68b5cba30c9815,,family-two-independent-tasks-person-date,"Buy oat milk for the birthday with Priya Shah on Tue Aug 4. Also, call Maya about dinner.","{""ambiguity_policy"":""act"",""item_count"":2,""items"":[{""date"":""Tue Aug 4"",""facts"":[""buy oat milk for the birthday""],""forbidden_facts"":[],""location"":null,""needs_review"":false,""negation"":false,""person"":""Priya Shah"",""prohibition"":false,""recurrence"":null,""route"":""Today"",""state"":""outstanding"",""time"":null,""title"":""buy oat milk for the birthday"",""type"":""task""},{""date"":null,""facts"":[""call Maya about dinner""],""forbidden_facts"":[],""location"":null,""needs_review"":false,""negation"":false,""person"":null,""prohibition"":false,""recurrence"":null,""route"":""Today"",""state"":""outstanding"",""time"":null,""title"":""call Maya about dinner"",""type"":""task""}],""operations"":[],""shared_context"":{""location"":null,""person"":null,""temporal"":null}}","{""items"":[{""analysis"":""Buy oat milk for the birthday with Priya Shah on Tue Aug 4"",""delivery"":""none"",""due"":1785816000,""location"":""nil"",""needsReview"":false,""person"":null,""quote"":""Buy oat milk for the birthday with Priya Shah on Tue Aug 4"",""rawQuote"":""Buy oat milk for the birthday with Priya Shah on Tue Aug 4"",""recurrence"":""nil"",""reminder"":null,""route"":""Today"",""state"":""resolved"",""title"":""Buy oat milk for the birthday with Priya Shah on Tue Aug 4"",""type"":""shopping"",""wasRepaired"":false},{""analysis"":""call Maya about dinner"",""delivery"":""none"",""due"":null,""location"":""nil"",""needsReview"":false,""person"":""Maya"",""quote"":""call Maya about dinner"",""rawQuote"":""call Maya about dinner"",""recurrence"":""nil"",""reminder"":null,""route"":""Today"",""state"":""resolved"",""title"":""Call Maya about dinner"",""type"":""personFollowUp"",""wasRepaired"":false}],""operations"":[],""text"":""Buy oat milk for the birthday with Priya Shah on Tue Aug 4. Also, call Maya about dinner.""}",person_preservation|type:9d0cc991e51b6027,failure|hash_random_fill
rd-5f6a6d1c65d8f8e68059e066,,family-information-plus-task-exact-time,"The tea shelf is empty. Also, order more tea for the appointment on Thu Aug 6 at 16:15.","{""ambiguity_policy"":""act"",""item_count"":2,""items"":[{""date"":null,""facts"":[""the tea shelf is empty""],""forbidden_facts"":[],""location"":null,""needs_review"":false,""negation"":false,""person"":null,""prohibition"":false,""recurrence"":null,""route"":""Memory"",""state"":""informational"",""time"":null,""title"":""the tea shelf is empty"",""type"":""memory""},{""date"":""Thu Aug 6"",""facts"":[""order more tea for the appointment""],""forbidden_facts"":[],""location"":null,""needs_review"":false,""negation"":false,""person"":null,""prohibition"":false,""recurrence"":null,""route"":""Today"",""state"":""outstanding"",""time"":""16:15"",""title"":""order more tea for the appointment"",""type"":""task""}],""operations"":[],""shared_context"":{""location"":null,""person"":null,""temporal"":null}}","{""items"":[{""analysis"":""The tea shelf is empty"",""delivery"":""none"",""due"":null,""location"":""nil"",""needsReview"":false,""person"":null,""quote"":""The tea shelf is empty"",""rawQuote"":""The tea shelf is empty"",""recurrence"":""nil"",""reminder"":null,""route"":""Memory"",""state"":""resolved"",""title"":""The tea shelf is empty"",""type"":""note"",""wasRepaired"":false},{""analysis"":""order more tea for the appointment on Thu Aug 6 at 4:15 pm"",""delivery"":""none"",""due"":1786047300,""location"":""nil"",""needsReview"":false,""person"":null,""quote"":""order more tea for the appointment on Thu Aug 6 at 4:15 pm"",""rawQuote"":""order more tea for the appointment on Thu Aug 6 at 16:15"",""recurrence"":""nil"",""reminder"":null,""route"":""Today"",""state"":""resolved"",""title"":""Order more tea for the appointment on Thu Aug 6 at 4:15 pm"",""type"":""shopping"",""wasRepaired"":true}],""operations"":[],""text"":""The tea shelf is empty. Also, order more tea for the appointment on Thu Aug 6 at 16:15.""}",time_preservation|type:956fb00c919831ff,failure|hash_random_fill
rd-3f451825feb21242b5330496,,family-recurrence-exact-time,Take out the recycling for the appointment on Thu Aug 6 at 16:15 every Tuesday.,"{""ambiguity_policy"":""act"",""item_count"":1,""items"":[{""date"":""Thu Aug 6"",""facts"":[""take out the recycling for the appointment""],""forbidden_facts"":[],""location"":null,""needs_review"":false,""negation"":false,""person"":null,""prohibition"":false,""recurrence"":""weekly:tuesday"",""route"":""Today"",""state"":""outstanding"",""time"":""16:15"",""title"":""take out the recycling for the appointment"",""type"":""reminder""}],""operations"":[],""shared_context"":{""location"":null,""person"":null,""temporal"":null}}","{""items"":[{""analysis"":""Take out the recycling for the appointment on Thu Aug 6 at 4:15 pm every Tuesday."",""delivery"":""none"",""due"":1785874500,""location"":""nil"",""needsReview"":false,""person"":null,""quote"":""Take out the recycling for the appointment on Thu Aug 6 at 4:15 pm every Tuesday."",""rawQuote"":""Take out the recycling for the appointment on Thu Aug 6 at 16:15 every Tuesday"",""recurrence"":""weekly x1 days[3]"",""reminder"":null,""route"":""Today"",""state"":""resolved"",""title"":""Take out the recycling for the appointment on Thu Aug 6 at 4:15 pm every Tuesday"",""type"":""task"",""wasRepaired"":true}],""operations"":[],""text"":""Take out the recycling for the appointment on Thu Aug 6 at 16:15 every Tuesday.""}",time_preservation|type:956fb00c919831ff,failure|hash_random_fill
rd-73cf5c1872b1a6ee6b348e18,,family-task-plus-question-named-location,"Call the venue for the errand at Farm Boy. Also, ask when the doors open.","{""ambiguity_policy"":""act"",""item_count"":2,""items"":[{""date"":null,""facts"":[""call the venue for the errand""],""forbidden_facts"":[],""location"":""Farm Boy"",""needs_review"":false,""negation"":false,""person"":null,""prohibition"":false,""recurrence"":null,""route"":""Today"",""state"":""outstanding"",""time"":null,""title"":""call the venue for the errand"",""type"":""task""},{""date"":null,""facts"":[""ask when the doors open""],""forbidden_facts"":[],""location"":null,""needs_review"":false,""negation"":false,""person"":null,""prohibition"":false,""recurrence"":null,""route"":""Memory"",""state"":""informational"",""time"":null,""title"":""ask when the doors open"",""type"":""note""}],""operations"":[],""shared_context"":{""location"":null,""person"":null,""temporal"":null}}","{""items"":[{""analysis"":""Call the venue for the errand at Farm Boy"",""delivery"":""none"",""due"":null,""location"":""nil"",""needsReview"":false,""person"":null,""quote"":""Call the venue for the errand at Farm Boy"",""rawQuote"":""Call the venue for the errand at Farm Boy"",""recurrence"":""nil"",""reminder"":null,""route"":""Today"",""state"":""resolved"",""title"":""Call the venue for the errand at Farm Boy"",""type"":""task"",""wasRepaired"":false},{""analysis"":""ask when the doors open"",""delivery"":""none"",""due"":null,""location"":""nil"",""needsReview"":true,""person"":null,""quote"":""ask when the doors open"",""rawQuote"":""ask when the doors open"",""recurrence"":""nil"",""reminder"":null,""route"":""Today"",""state"":""resolved"",""title"":""Ask when the doors open"",""type"":""personFollowUp"",""wasRepaired"":false}],""operations"":[],""text"":""Call the venue for the errand at Farm Boy. Also, ask when the doors open.""}",location_preservation|routing|type:4c4e29b691e6e37f,failure|hash_random_fill
rd-54d7bcd9c6b64bdc8f63188a,change-of-intent,family-change-of-mind-plain,"Order the red notebook— actually, Order the blue notebook for the core project.","{""ambiguity_policy"":""act"",""item_count"":1,""items"":[{""date"":null,""facts"":[""order the blue notebook for the core project""],""forbidden_facts"":[""order the red notebook""],""location"":null,""needs_review"":false,""negation"":false,""person"":null,""prohibition"":false,""recurrence"":null,""route"":""Today"",""state"":""outstanding"",""time"":null,""title"":""order the blue notebook for the core project"",""type"":""task""}],""operations"":[],""shared_context"":{""location"":null,""person"":null,""temporal"":null}}","{""items"":[{""analysis"":""Order the blue notebook for the core project."",""delivery"":""none"",""due"":null,""location"":""nil"",""needsReview"":false,""person"":null,""quote"":""Order the blue notebook for the core project."",""rawQuote"":""Order the red notebook— actually, Order the blue notebook for the core project"",""recurrence"":""nil"",""reminder"":null,""route"":""Today"",""state"":""resolved"",""title"":""Order the blue notebook for the core project"",""type"":""shopping"",""wasRepaired"":true}],""operations"":[],""text"":""Order the red notebook— actually, Order the blue notebook for the core project.""}",type:177d7631d2f6bfa4,phenomenon_coverage|failure
rd-b574e2539c7da70addcacb13,self-correction-location,family-location-trigger-named-location,"Do that at home— sorry, at work. Pick up the dry cleaning for the errand at Farm Boy.","{""ambiguity_policy"":""act"",""item_count"":1,""items"":[{""date"":null,""facts"":[""pick up the dry cleaning for the errand""],""forbidden_facts"":[],""location"":""Farm Boy"",""needs_review"":false,""negation"":false,""person"":null,""prohibition"":false,""recurrence"":null,""route"":""Today"",""state"":""outstanding"",""time"":null,""title"":""pick up the dry cleaning for the errand"",""type"":""reminder""}],""operations"":[],""shared_context"":{""location"":null,""person"":null,""temporal"":null}}","{""items"":[{""analysis"":""at work"",""delivery"":""none"",""due"":null,""location"":""nil"",""needsReview"":false,""person"":null,""quote"":""at work"",""rawQuote"":""at home— sorry, at work"",""recurrence"":""nil"",""reminder"":null,""route"":""Memory"",""state"":""resolved"",""title"":""At work"",""type"":""note"",""wasRepaired"":true},{""analysis"":""Pick up the dry cleaning for the errand at Farm Boy"",""delivery"":""none"",""due"":null,""location"":""nil"",""needsReview"":false,""person"":null,""quote"":""Pick up the dry cleaning for the errand at Farm Boy"",""rawQuote"":""Pick up the dry cleaning for the errand at Farm Boy"",""recurrence"":""nil"",""reminder"":null,""route"":""Today"",""state"":""resolved"",""title"":""Pick up the dry cleaning for the errand at Farm Boy"",""type"":""task"",""wasRepaired"":false}],""operations"":[],""text"":""Do that at home— sorry, at work. Pick up the dry cleaning for the errand at Farm Boy.""}",item_count|location_preservation|over_split|routing|type|wrong_merge:e0e7cda5f91fed24,phenomenon_coverage|failure|compound_failure|unusual_item_count|suspicious_synthetic
rd-6b7aeaad80770aad72334a08,,family-time-correction-person-date,Call the clinic for the birthday with Priya Shah on Tue Aug 4 at 16:00.,"{""ambiguity_policy"":""act"",""item_count"":1,""items"":[{""date"":""Tue Aug 4"",""facts"":[""call the clinic for the birthday""],""forbidden_facts"":[""15:00""],""location"":null,""needs_review"":false,""negation"":false,""person"":""Priya Shah"",""prohibition"":false,""recurrence"":null,""route"":""Today"",""state"":""outstanding"",""time"":""16:00"",""title"":""call the clinic for the birthday"",""type"":""task""}],""operations"":[],""shared_context"":{""location"":null,""person"":null,""temporal"":null}}","{""items"":[{""analysis"":""Call the clinic for the birthday with Priya Shah on Tue Aug 4 at 4:00 pm."",""delivery"":""none"",""due"":1785873600,""location"":""nil"",""needsReview"":false,""person"":null,""quote"":""Call the clinic for the birthday with Priya Shah on Tue Aug 4 at 4:00 pm."",""rawQuote"":""Call the clinic for the birthday with Priya Shah on Tue Aug 4 at 16:00"",""recurrence"":""nil"",""reminder"":null,""route"":""Today"",""state"":""resolved"",""title"":""Call the clinic for the birthday with Priya Shah on Tue Aug 4 at 4:00 pm"",""type"":""task"",""wasRepaired"":true}],""operations"":[],""text"":""Call the clinic for the birthday with Priya Shah on Tue Aug 4 at 16:00.""}",person_preservation|time_preservation:166c60e27900812c,failure|hash_random_fill
rd-7ed0aba734ed2e876e0fd0a0,,family-memory-weekend-context,Remember the window-seat preference for the family trip with Xochitl Rivera at Farm Boy on Sat Aug 8 at 11:00.,"{""ambiguity_policy"":""act"",""item_count"":1,""items"":[{""date"":""Sat Aug 8"",""facts"":[""remember the window-seat preference for the family trip""],""forbidden_facts"":[],""location"":""Farm Boy"",""needs_review"":false,""negation"":false,""person"":""Xochitl Rivera"",""prohibition"":false,""recurrence"":null,""route"":""Memory"",""state"":""informational"",""time"":""11:00"",""title"":""remember the window-seat preference for the family trip"",""type"":""memory""}],""operations"":[],""shared_context"":{""location"":null,""person"":null,""temporal"":null}}","{""items"":[{""analysis"":""Remember the window-seat preference for the family trip with Xochitl Rivera at Farm Boy on Sat Aug 8 at 11:00."",""delivery"":""none"",""due"":null,""location"":""nil"",""needsReview"":false,""person"":null,""quote"":""Remember the window-seat preference for the family trip with Xochitl Rivera at Farm Boy on Sat Aug 8 at 11:00."",""rawQuote"":""Remember the window-seat preference for the family trip with Xochitl Rivera at Farm Boy on Sat Aug 8 at 11:00."",""recurrence"":""nil"",""reminder"":null,""route"":""Memory"",""state"":""resolved"",""title"":""The window-seat preference for the family trip with Xochitl Rivera at Farm Boy on Sat Aug 8 at 11:00"",""type"":""note"",""wasRepaired"":false}],""operations"":[],""text"":""Remember the window-seat preference for the family trip with Xochitl Rivera at Farm Boy on Sat Aug 8 at 11:00.""}",date_preservation|location_preservation|person_preservation|time_preservation|type:46796d449069e092,failure|compound_failure|hash_random_fill
rd-b0e3fbedd3eccf7cfb5bedd7,false-start|restart|sign-off-trailing-noise,family-cancellation-shared-context,"I lost my train of thought; okay, here it is. cancel the saved reminder to water the basil for the launch, okay that's all.","{""ambiguity_policy"":""act"",""item_count"":0,""items"":[],""operations"":[{""operation"":""cancel"",""scoped"":false,""target"":""water the basil for the launch""}],""shared_context"":{""location"":null,""person"":null,""temporal"":null}}","{""items"":[{""analysis"":""I lost my train of thought"",""delivery"":""none"",""due"":null,""location"":""nil"",""needsReview"":false,""person"":null,""quote"":""I lost my train of thought"",""rawQuote"":""I lost my train of thought"",""recurrence"":""nil"",""reminder"":null,""route"":""Memory"",""state"":""resolved"",""title"":""I lost my train of thought"",""type"":""note"",""wasRepaired"":false},{""analysis"":""okay, here it is"",""delivery"":""none"",""due"":null,""location"":""nil"",""needsReview"":false,""person"":null,""quote"":""okay, here it is"",""rawQuote"":""okay, here it is"",""recurrence"":""nil"",""reminder"":null,""route"":""Memory"",""state"":""resolved"",""title"":""Here it is"",""type"":""note"",""wasRepaired"":false},{""analysis"":""cancel the saved reminder to water the basil for the launch, okay that's all"",""delivery"":""none"",""due"":null,""location"":""nil"",""needsReview"":true,""person"":null,""quote"":""cancel the saved reminder to water the basil for the launch, okay that's all"",""rawQuote"":""cancel the saved reminder to water the basil for the launch, okay that's all"",""recurrence"":""nil"",""reminder"":null,""route"":""Memory"",""state"":""resolved"",""title"":""Cancel the saved reminder to water the basil for the launch, okay that's all"",""type"":""unclear"",""wasRepaired"":false}],""operations"":[],""text"":""I lost my train of thought; okay, here it is. cancel the saved reminder to water the basil for the launch, okay that's all.""}",cancellation_correctness|false_positive_item_creation|item_count|over_split|routing|type|wrong_merge:ac0ac0aa1037c5c2,phenomenon_coverage|safety_critical|multi_phenomenon|failure|compound_failure|unusual_item_count|ai_candidate
rd-82a1a27bd65daddaec6e0763,,family-two-independent-tasks-priority-context,"Buy oat milk for the tax filing with Hope Reed on Wed Aug 5. Also, call Maya about dinner.","{""ambiguity_policy"":""act"",""item_count"":2,""items"":[{""date"":""Wed Aug 5"",""facts"":[""buy oat milk for the tax filing""],""forbidden_facts"":[],""location"":null,""needs_review"":false,""negation"":false,""person"":""Hope Reed"",""prohibition"":false,""recurrence"":null,""route"":""Today"",""state"":""outstanding"",""time"":null,""title"":""buy oat milk for the tax filing"",""type"":""task""},{""date"":null,""facts"":[""call Maya about dinner""],""forbidden_facts"":[],""location"":null,""needs_review"":false,""negation"":false,""person"":null,""prohibition"":false,""recurrence"":null,""route"":""Today"",""state"":""outstanding"",""time"":null,""title"":""call Maya about dinner"",""type"":""task""}],""operations"":[],""shared_context"":{""location"":null,""person"":null,""temporal"":null}}","{""items"":[{""analysis"":""Buy oat milk for the tax filing with Hope Reed on Wed Aug 5"",""delivery"":""none"",""due"":1785902400,""location"":""nil"",""needsReview"":false,""person"":null,""quote"":""Buy oat milk for the tax filing with Hope Reed on Wed Aug 5"",""rawQuote"":""Buy oat milk for the tax filing with Hope Reed on Wed Aug 5"",""recurrence"":""nil"",""reminder"":null,""route"":""Today"",""state"":""resolved"",""title"":""Buy oat milk for the tax filing with Hope Reed on Wed Aug 5"",""type"":""shopping"",""wasRepaired"":false},{""analysis"":""call Maya about dinner"",""delivery"":""none"",""due"":null,""location"":""nil"",""needsReview"":false,""person"":""Maya"",""quote"":""call Maya about dinner"",""rawQuote"":""call Maya about dinner"",""recurrence"":""nil"",""reminder"":null,""route"":""Today"",""state"":""resolved"",""title"":""Call Maya about dinner"",""type"":""personFollowUp"",""wasRepaired"":false}],""operations"":[],""text"":""Buy oat milk for the tax filing with Hope Reed on Wed Aug 5. Also, call Maya about dinner.""}",person_preservation|type:9d0cc991e51b6027,failure|hash_random_fill
rd-f2c49766dba86423f10ea188,false-start|sign-off-trailing-noise,family-date-correction-priority-context,"I nearly forgot— I need a reminder to renew the membership for the tax filing with Hope Reed on Sat Aug 8. Thanks, that's it.","{""ambiguity_policy"":""act"",""item_count"":1,""items"":[{""date"":""Sat Aug 8"",""facts"":[""renew the membership for the tax filing""],""forbidden_facts"":[""Fri Aug 7""],""location"":null,""needs_review"":false,""negation"":false,""person"":""Hope Reed"",""prohibition"":false,""recurrence"":null,""route"":""Today"",""state"":""outstanding"",""time"":null,""title"":""renew the membership for the tax filing"",""type"":""task""}],""operations"":[],""shared_context"":{""location"":null,""person"":null,""temporal"":null}}","{""items"":[{""analysis"":""I nearly forgot— I need a reminder to renew the membership for the tax filing with Hope Reed on Sat Aug 8"",""delivery"":""notification"",""due"":1786161600,""location"":""nil"",""needsReview"":false,""person"":null,""quote"":""I nearly forgot— I need a reminder to renew the membership for the tax filing with Hope Reed on Sat Aug 8"",""rawQuote"":""I nearly forgot— I need a reminder to renew the membership for the tax filing with Hope Reed on Sat Aug 8"",""recurrence"":""nil"",""reminder"":1786194000,""route"":""Today"",""state"":""resolved"",""title"":""I nearly forgot— I need a reminder to renew the membership for the tax filing with Hope Reed on Sat Aug 8"",""type"":""task"",""wasRepaired"":false},{""analysis"":""Thanks, that's it"",""delivery"":""none"",""due"":null,""location"":""nil"",""needsReview"":false,""person"":null,""quote"":""Thanks, that's it"",""rawQuote"":""Thanks, that's it"",""recurrence"":""nil"",""reminder"":null,""route"":""Memory"",""state"":""resolved"",""title"":""Thanks, that's it"",""type"":""note"",""wasRepaired"":false}],""operations"":[],""text"":""I nearly forgot— I need a reminder to renew the membership for the tax filing with Hope Reed on Sat Aug 8. Thanks, that's it.""}",item_count|over_split|person_preservation|routing|time_preservation|type|wrong_merge:fec4b5ad8290f659,phenomenon_coverage|multi_phenomenon|failure|compound_failure|unusual_item_count|ai_candidate
rd-7b027e8cc390b2d4e47d1bd9,,family-single-task-named-location,Make a task to send the project update for the errand at Farm Boy.,"{""ambiguity_policy"":""act"",""item_count"":1,""items"":[{""date"":null,""facts"":[""send the project update for the errand""],""forbidden_facts"":[],""location"":""Farm Boy"",""needs_review"":false,""negation"":false,""person"":null,""prohibition"":false,""recurrence"":null,""route"":""Today"",""state"":""outstanding"",""time"":null,""title"":""send the project update for the errand"",""type"":""task""}],""operations"":[],""shared_context"":{""location"":null,""person"":null,""temporal"":null}}","{""items"":[{""analysis"":""Make a task to send the project update for the errand at Farm Boy."",""delivery"":""none"",""due"":null,""location"":""nil"",""needsReview"":false,""person"":null,""quote"":""Make a task to send the project update for the errand at Farm Boy."",""rawQuote"":""Make a task to send the project update for the errand at Farm Boy."",""recurrence"":""nil"",""reminder"":null,""route"":""Today"",""state"":""resolved"",""title"":""Make a task to send the project update for the errand at Farm Boy"",""type"":""task"",""wasRepaired"":false}],""operations"":[],""text"":""Make a task to send the project update for the errand at Farm Boy.""}",location_preservation:ebb663aabb81d6cd,failure|ai_candidate|hash_random_fill
rd-6c1517f25fc5179d272fc732,,family-information-plus-task-person-time,"The tea shelf is empty. Also, order more tea for the interview with Noah Brooks on Tue Aug 4 at 09:30.","{""ambiguity_policy"":""act"",""item_count"":2,""items"":[{""date"":null,""facts"":[""the tea shelf is empty""],""forbidden_facts"":[],""location"":null,""needs_review"":false,""negation"":false,""person"":null,""prohibition"":false,""recurrence"":null,""route"":""Memory"",""state"":""informational"",""time"":null,""title"":""the tea shelf is empty"",""type"":""memory""},{""date"":""Tue Aug 4"",""facts"":[""order more tea for the interview""],""forbidden_facts"":[],""location"":null,""needs_review"":false,""negation"":false,""person"":""Noah Brooks"",""prohibition"":false,""recurrence"":null,""route"":""Today"",""state"":""outstanding"",""time"":""09:30"",""title"":""order more tea for the interview"",""type"":""task""}],""operations"":[],""shared_context"":{""location"":null,""person"":null,""temporal"":null}}","{""items"":[{""analysis"":""The tea shelf is empty"",""delivery"":""none"",""due"":null,""location"":""nil"",""needsReview"":false,""person"":null,""quote"":""The tea shelf is empty"",""rawQuote"":""The tea shelf is empty"",""recurrence"":""nil"",""reminder"":null,""route"":""Memory"",""state"":""resolved"",""title"":""The tea shelf is empty"",""type"":""note"",""wasRepaired"":false},{""analysis"":""order more tea for the interview with Noah Brooks on Tue Aug 4 at 09:30"",""delivery"":""none"",""due"":1785850200,""location"":""nil"",""needsReview"":false,""person"":null,""quote"":""order more tea for the interview with Noah Brooks on Tue Aug 4 at 09:30"",""rawQuote"":""order more tea for the interview with Noah Brooks on Tue Aug 4 at 09:30"",""recurrence"":""nil"",""reminder"":null,""route"":""Today"",""state"":""resolved"",""title"":""Order more tea for the interview with Noah Brooks on Tue Aug 4 at 09:30"",""type"":""shopping"",""wasRepaired"":false}],""operations"":[],""text"":""The tea shelf is empty. Also, order more tea for the interview with Noah Brooks on Tue Aug 4 at 09:30.""}",person_preservation|time_preservation|type:aee8c4776546e0a4,failure|hash_random_fill
rd-ec9637fd44ec8d8585512d30,false-start|sign-off-trailing-noise,family-single-task-named-location,"I nearly forgot— make a task to send the project update for the errand at Farm Boy. Thanks, that's it.","{""ambiguity_policy"":""act"",""item_count"":1,""items"":[{""date"":null,""facts"":[""send the project update for the errand""],""forbidden_facts"":[],""location"":""Farm Boy"",""needs_review"":false,""negation"":false,""person"":null,""prohibition"":false,""recurrence"":null,""route"":""Today"",""state"":""outstanding"",""time"":null,""title"":""send the project update for the errand"",""type"":""task""}],""operations"":[],""shared_context"":{""location"":null,""person"":null,""temporal"":null}}","{""items"":[{""analysis"":""I nearly forgot— make a task to send the project update for the errand at Farm Boy"",""delivery"":""none"",""due"":null,""location"":""nil"",""needsReview"":false,""person"":null,""quote"":""I nearly forgot— make a task to send the project update for the errand at Farm Boy"",""rawQuote"":""I nearly forgot— make a task to send the project update for the errand at Farm Boy"",""recurrence"":""nil"",""reminder"":null,""route"":""Memory"",""state"":""resolved"",""title"":""I nearly forgot— make a task to send the project update for the errand at Farm Boy"",""type"":""note"",""wasRepaired"":false},{""analysis"":""Thanks, that's it"",""delivery"":""none"",""due"":null,""location"":""nil"",""needsReview"":false,""person"":null,""quote"":""Thanks, that's it"",""rawQuote"":""Thanks, that's it"",""recurrence"":""nil"",""reminder"":null,""route"":""Memory"",""state"":""resolved"",""title"":""Thanks, that's it"",""type"":""note"",""wasRepaired"":false}],""operations"":[],""text"":""I nearly forgot— make a task to send the project update for the errand at Farm Boy. Thanks, that's it.""}",item_count|location_preservation|over_split|routing|type|wrong_merge:e0e7cda5f91fed24,phenomenon_coverage|multi_phenomenon|failure|compound_failure|unusual_item_count|ai_candidate
rd-1e2770eae56bf82ebda89d4d,,family-single-task-plain,Send the project update for the core project.,"{""ambiguity_policy"":""act"",""item_count"":1,""items"":[{""date"":null,""facts"":[""send the project update for the core project""],""forbidden_facts"":[],""location"":null,""needs_review"":false,""negation"":false,""person"":null,""prohibition"":false,""recurrence"":null,""route"":""Today"",""state"":""outstanding"",""time"":null,""title"":""send the project update for the core project"",""type"":""task""}],""operations"":[],""shared_context"":{""location"":null,""person"":null,""temporal"":null}}","{""items"":[{""analysis"":""Send the project update for the core project."",""delivery"":""none"",""due"":null,""location"":""nil"",""needsReview"":false,""person"":null,""quote"":""Send the project update for the core project."",""rawQuote"":""Send the project update for the core project."",""recurrence"":""nil"",""reminder"":null,""route"":""Today"",""state"":""resolved"",""title"":""Send the project update for the core project"",""type"":""task"",""wasRepaired"":false}],""operations"":[],""text"":""Send the project update for the core project.""}",,hash_random_fill
rd-c03cb02634e8c93a3caff8eb,self-correction-person|hesitation|sign-off-trailing-noise,family-single-task-priority-context,"This is for Sam— sorry, for Hope Reed. make sure I remember to send the project update for the tax filing with Hope Reed on Wed Aug 5, okay that's all.","{""ambiguity_policy"":""act"",""item_count"":1,""items"":[{""date"":""Wed Aug 5"",""facts"":[""send the project update for the tax filing""],""forbidden_facts"":[],""location"":null,""needs_review"":false,""negation"":false,""person"":""Hope Reed"",""prohibition"":false,""recurrence"":null,""route"":""Today"",""state"":""outstanding"",""time"":null,""title"":""send the project update for the tax filing"",""type"":""task""}],""operations"":[],""shared_context"":{""location"":null,""person"":null,""temporal"":null}}","{""items"":[{""analysis"":""for Hope Reed"",""delivery"":""none"",""due"":null,""location"":""nil"",""needsReview"":false,""person"":null,""quote"":""for Hope Reed"",""rawQuote"":""for Sam— sorry, for Hope Reed"",""recurrence"":""nil"",""reminder"":null,""route"":""Memory"",""state"":""resolved"",""title"":""For Hope Reed"",""type"":""note"",""wasRepaired"":true},{""analysis"":""make sure I remember to send the project update for the tax filing with Hope Reed on Wed Aug 5, okay that's all"",""delivery"":""none"",""due"":1785902400,""location"":""nil"",""needsReview"":false,""person"":null,""quote"":""make sure I remember to send the project update for the tax filing with Hope Reed on Wed Aug 5, okay that's all"",""rawQuote"":""make sure I remember to send the project update for the tax filing with Hope Reed on Wed Aug 5, okay that's all"",""recurrence"":""nil"",""reminder"":null,""route"":""Today"",""state"":""resolved"",""title"":""Send the project update for the tax filing with Hope Reed on Wed Aug 5, okay that's all"",""type"":""task"",""wasRepaired"":false}],""operations"":[],""text"":""This is for Sam— sorry, for Hope Reed. make sure I remember to send the project update for the tax filing with Hope Reed on Wed Aug 5, okay that's all.""}",date_preservation|item_count|over_split|person_preservation|routing|type|wrong_merge:59da48662667f98e,phenomenon_coverage|multi_phenomenon|failure|compound_failure|unusual_item_count|ai_candidate
rd-218e9337c5bc4dd0c8508d2a,,family-exact-date-time-person-time,Join the dentist appointment for the interview with Noah Brooks on Tue Aug 4 at 09:30.,"{""ambiguity_policy"":""act"",""item_count"":1,""items"":[{""date"":""Tue Aug 4"",""facts"":[""join the dentist appointment for the interview""],""forbidden_facts"":[],""location"":null,""needs_review"":false,""negation"":false,""person"":""Noah Brooks"",""prohibition"":false,""recurrence"":null,""route"":""Today"",""state"":""outstanding"",""time"":""09:30"",""title"":""join the dentist appointment for the interview"",""type"":""reminder""}],""operations"":[],""shared_context"":{""location"":null,""person"":null,""temporal"":null}}","{""items"":[{""analysis"":""Join the dentist appointment for the interview with Noah Brooks on Tue Aug 4 at 09:30."",""delivery"":""none"",""due"":1785850200,""location"":""nil"",""needsReview"":false,""person"":null,""quote"":""Join the dentist appointment for the interview with Noah Brooks on Tue Aug 4 at 09:30."",""rawQuote"":""Join the dentist appointment for the interview with Noah Brooks on Tue Aug 4 at 09:30."",""recurrence"":""nil"",""reminder"":null,""route"":""Today"",""state"":""resolved"",""title"":""Join the dentist appointment for the interview with Noah Brooks on Tue Aug 4 at 09:30"",""type"":""event"",""wasRepaired"":false}],""operations"":[],""text"":""Join the dentist appointment for the interview with Noah Brooks on Tue Aug 4 at 09:30.""}",person_preservation|time_preservation|type:aee8c4776546e0a4,failure|hash_random_fill
rd-16b1698aaeaba8b47d3ca82d,relative-duration,family-reminder-plain,"In ninety minutes, Water the basil for the core project.","{""ambiguity_policy"":""act"",""item_count"":1,""items"":[{""date"":null,""facts"":[""water the basil for the core project""],""forbidden_facts"":[],""location"":null,""needs_review"":false,""negation"":false,""person"":null,""prohibition"":false,""recurrence"":null,""route"":""Today"",""state"":""outstanding"",""time"":null,""title"":""water the basil for the core project"",""type"":""reminder""}],""operations"":[],""shared_context"":{""location"":null,""person"":null,""temporal"":null}}","{""items"":[{""analysis"":""In ninety minutes"",""delivery"":""none"",""due"":null,""location"":""nil"",""needsReview"":false,""person"":null,""quote"":""In ninety minutes"",""rawQuote"":""In ninety minutes"",""recurrence"":""nil"",""reminder"":null,""route"":""Memory"",""state"":""resolved"",""title"":""In ninety minutes"",""type"":""note"",""wasRepaired"":false},{""analysis"":""Water the basil for the core project"",""delivery"":""none"",""due"":null,""location"":""nil"",""needsReview"":false,""person"":null,""quote"":""Water the basil for the core project"",""rawQuote"":""Water the basil for the core project"",""recurrence"":""nil"",""reminder"":null,""route"":""Today"",""state"":""resolved"",""title"":""Water the basil for the core project"",""type"":""task"",""wasRepaired"":false}],""operations"":[],""text"":""In ninety minutes, Water the basil for the core project.""}",item_count|over_split|routing|type|wrong_merge:41caf148a3bc59f8,phenomenon_coverage|failure|compound_failure|unusual_item_count
rd-68387f0ec0346ca6bfeac981,numbered-list,family-two-independent-tasks-plain,"One, buy oat milk. Two, call Maya about dinner.","{""ambiguity_policy"":""act"",""item_count"":2,""items"":[{""date"":null,""facts"":[""buy oat milk for the core project""],""forbidden_facts"":[],""location"":null,""needs_review"":false,""negation"":false,""person"":null,""prohibition"":false,""recurrence"":null,""route"":""Today"",""state"":""outstanding"",""time"":null,""title"":""buy oat milk for the core project"",""type"":""task""},{""date"":null,""facts"":[""call Maya about dinner""],""forbidden_facts"":[],""location"":null,""needs_review"":false,""negation"":false,""person"":null,""prohibition"":false,""recurrence"":null,""route"":""Today"",""state"":""outstanding"",""time"":null,""title"":""call Maya about dinner"",""type"":""task""}],""operations"":[],""shared_context"":{""location"":null,""person"":null,""temporal"":null}}","{""items"":[{""analysis"":""One"",""delivery"":""none"",""due"":null,""location"":""nil"",""needsReview"":false,""person"":null,""quote"":""One"",""rawQuote"":""One"",""recurrence"":""nil"",""reminder"":null,""route"":""Memory"",""state"":""resolved"",""title"":""One"",""type"":""note"",""wasRepaired"":false},{""analysis"":""buy oat milk"",""delivery"":""none"",""due"":null,""location"":""nil"",""needsReview"":false,""person"":null,""quote"":""buy oat milk"",""rawQuote"":""buy oat milk"",""recurrence"":""nil"",""reminder"":null,""route"":""Today"",""state"":""resolved"",""title"":""Buy oat milk"",""type"":""shopping"",""wasRepaired"":false},{""analysis"":""Two"",""delivery"":""none"",""due"":null,""location"":""nil"",""needsReview"":false,""person"":null,""quote"":""Two"",""rawQuote"":""Two"",""recurrence"":""nil"",""reminder"":null,""route"":""Memory"",""state"":""resolved"",""title"":""Two"",""type"":""note"",""wasRepaired"":false},{""analysis"":""call Maya about dinner"",""delivery"":""none"",""due"":null,""location"":""nil"",""needsReview"":false,""person"":""Maya"",""quote"":""call Maya about dinner"",""rawQuote"":""call Maya about dinner"",""recurrence"":""nil"",""reminder"":null,""route"":""Today"",""state"":""resolved"",""title"":""Call Maya about dinner"",""type"":""personFollowUp"",""wasRepaired"":false}],""operations"":[],""text"":""One, buy oat milk. Two, call Maya about dinner.""}",invented_information|item_count|lost_information|over_split|routing|title_content_preservation|type|wrong_merge:637ef3f2b1c2ae55,phenomenon_coverage|failure|compound_failure|unusual_item_count
rd-b4873adb2ee1289d81478ce8,,family-location-trigger-person-time,Remind me to pick up the dry cleaning for the interview with Noah Brooks at Farm Boy on Tue Aug 4 at 09:30.,"{""ambiguity_policy"":""act"",""item_count"":1,""items"":[{""date"":""Tue Aug 4"",""facts"":[""pick up the dry cleaning for the interview""],""forbidden_facts"":[],""location"":""Farm Boy"",""needs_review"":false,""negation"":false,""person"":""Noah Brooks"",""prohibition"":false,""recurrence"":null,""route"":""Today"",""state"":""outstanding"",""time"":""09:30"",""title"":""pick up the dry cleaning for the interview"",""type"":""reminder""}],""operations"":[],""shared_context"":{""location"":null,""person"":null,""temporal"":null}}","{""items"":[{""analysis"":""Remind me to pick up the dry cleaning for the interview with Noah Brooks at Farm Boy on Tue Aug 4 at 09:30."",""delivery"":""notification"",""due"":1785850200,""location"":""nil"",""needsReview"":false,""person"":null,""quote"":""Remind me to pick up the dry cleaning for the interview with Noah Brooks at Farm Boy on Tue Aug 4 at 09:30."",""rawQuote"":""Remind me to pick up the dry cleaning for the interview with Noah Brooks at Farm Boy on Tue Aug 4 at 09:30."",""recurrence"":""nil"",""reminder"":1785850200,""route"":""Today"",""state"":""resolved"",""title"":""Pick up the dry cleaning for the interview with Noah Brooks at Farm Boy on Tue Aug 4"",""type"":""task"",""wasRepaired"":false}],""operations"":[],""text"":""Remind me to pick up the dry cleaning for the interview with Noah Brooks at Farm Boy on Tue Aug 4 at 09:30.""}",location_preservation|person_preservation|type:3c9b7a511157e6da,failure|ai_candidate|hash_random_fill
rd-4d1b513dedcb0a9ea0133ed1,,family-recurrence-priority-context,Take out the recycling for the tax filing with Hope Reed on Wed Aug 5 every Tuesday.,"{""ambiguity_policy"":""act"",""item_count"":1,""items"":[{""date"":""Wed Aug 5"",""facts"":[""take out the recycling for the tax filing""],""forbidden_facts"":[],""location"":null,""needs_review"":false,""negation"":false,""person"":""Hope Reed"",""prohibition"":false,""recurrence"":""weekly:tuesday"",""route"":""Today"",""state"":""outstanding"",""time"":null,""title"":""take out the recycling for the tax filing"",""type"":""reminder""}],""operations"":[],""shared_context"":{""location"":null,""person"":null,""temporal"":null}}","{""items"":[{""analysis"":""Take out the recycling for the tax filing with Hope Reed on Wed Aug 5 every Tuesday."",""delivery"":""none"",""due"":1785848400,""location"":""nil"",""needsReview"":false,""person"":null,""quote"":""Take out the recycling for the tax filing with Hope Reed on Wed Aug 5 every Tuesday."",""rawQuote"":""Take out the recycling for the tax filing with Hope Reed on Wed Aug 5 every Tuesday."",""recurrence"":""weekly x1 days[3]"",""reminder"":null,""route"":""Today"",""state"":""resolved"",""title"":""Take out the recycling for the tax filing with Hope Reed on Wed Aug 5 every Tuesday"",""type"":""task"",""wasRepaired"":false}],""operations"":[],""text"":""Take out the recycling for the tax filing with Hope Reed on Wed Aug 5 every Tuesday.""}",person_preservation|type:9d0cc991e51b6027,failure|hash_random_fill
rd-ae46d208c3dd4a658b142057,conjunction-ambiguity,family-two-independent-tasks-plain,"Okay, buy oat milk for the core project. Also, call Maya about dinner.","{""ambiguity_policy"":""act"",""item_count"":2,""items"":[{""date"":null,""facts"":[""buy oat milk for the core project""],""forbidden_facts"":[],""location"":null,""needs_review"":false,""negation"":false,""person"":null,""prohibition"":false,""recurrence"":null,""route"":""Today"",""state"":""outstanding"",""time"":null,""title"":""buy oat milk for the core project"",""type"":""task""},{""date"":null,""facts"":[""call Maya about dinner""],""forbidden_facts"":[],""location"":null,""needs_review"":false,""negation"":false,""person"":null,""prohibition"":false,""recurrence"":null,""route"":""Today"",""state"":""outstanding"",""time"":null,""title"":""call Maya about dinner"",""type"":""task""}],""operations"":[],""shared_context"":{""location"":null,""person"":null,""temporal"":null}}","{""items"":[{""analysis"":""buy oat milk for the core project"",""delivery"":""none"",""due"":null,""location"":""nil"",""needsReview"":false,""person"":null,""quote"":""buy oat milk for the core project"",""rawQuote"":""buy oat milk for the core project"",""recurrence"":""nil"",""reminder"":null,""route"":""Today"",""state"":""resolved"",""title"":""Buy oat milk for the core project"",""type"":""shopping"",""wasRepaired"":false},{""analysis"":""call Maya about dinner"",""delivery"":""none"",""due"":null,""location"":""nil"",""needsReview"":false,""person"":""Maya"",""quote"":""call Maya about dinner"",""rawQuote"":""call Maya about dinner"",""recurrence"":""nil"",""reminder"":null,""route"":""Today"",""state"":""resolved"",""title"":""Call Maya about dinner"",""type"":""personFollowUp"",""wasRepaired"":false}],""operations"":[],""text"":""Okay, buy oat milk for the core project. Also, call Maya about dinner.""}",invented_information|person_preservation|type:86dd6c58726ec962,phenomenon_coverage|failure
rd-9ef0277b7968213096f99cd8,,family-memory-exact-time,Remember the window-seat preference for the appointment on Thu Aug 6 at 16:15.,"{""ambiguity_policy"":""act"",""item_count"":1,""items"":[{""date"":""Thu Aug 6"",""facts"":[""remember the window-seat preference for the appointment""],""forbidden_facts"":[],""location"":null,""needs_review"":false,""negation"":false,""person"":null,""prohibition"":false,""recurrence"":null,""route"":""Memory"",""state"":""informational"",""time"":""16:15"",""title"":""remember the window-seat preference for the appointment"",""type"":""memory""}],""operations"":[],""shared_context"":{""location"":null,""person"":null,""temporal"":null}}","{""items"":[{""analysis"":""Remember the window-seat preference for the appointment on Thu Aug 6 at 4:15 pm."",""delivery"":""none"",""due"":null,""location"":""nil"",""needsReview"":false,""person"":null,""quote"":""Remember the window-seat preference for the appointment on Thu Aug 6 at 4:15 pm."",""rawQuote"":""Remember the window-seat preference for the appointment on Thu Aug 6 at 16:15"",""recurrence"":""nil"",""reminder"":null,""route"":""Memory"",""state"":""resolved"",""title"":""The window-seat preference for the appointment on Thu Aug 6 at 4:15 pm"",""type"":""note"",""wasRepaired"":true}],""operations"":[],""text"":""Remember the window-seat preference for the appointment on Thu Aug 6 at 16:15.""}",date_preservation|time_preservation|type:d4efef5ef4f8f9b7,failure|hash_random_fill
rd-7198ff2143d625f607c5d638,reported-speech,family-memory-plain,Maya said that we should remember the window-seat preference for the core project.,"{""ambiguity_policy"":""act"",""item_count"":1,""items"":[{""date"":null,""facts"":[""remember the window-seat preference for the core project""],""forbidden_facts"":[],""location"":null,""needs_review"":false,""negation"":false,""person"":null,""prohibition"":false,""recurrence"":null,""route"":""Memory"",""state"":""informational"",""time"":null,""title"":""remember the window-seat preference for the core project"",""type"":""memory""}],""operations"":[],""shared_context"":{""location"":null,""person"":null,""temporal"":null}}","{""items"":[{""analysis"":""Maya said that we should remember the window-seat preference for the core project."",""delivery"":""none"",""due"":null,""location"":""nil"",""needsReview"":false,""person"":""Maya"",""quote"":""Maya said that we should remember the window-seat preference for the core project."",""rawQuote"":""Maya said that we should remember the window-seat preference for the core project."",""recurrence"":""nil"",""reminder"":null,""route"":""Memory"",""state"":""resolved"",""title"":""Maya said that we should remember the window-seat preference for the core project"",""type"":""note"",""wasRepaired"":false}],""operations"":[],""text"":""Maya said that we should remember the window-seat preference for the core project.""}",invented_information|person_preservation|type:86dd6c58726ec962,phenomenon_coverage|failure
rd-ad529b7ec04804352cfa8a94,,family-two-tasks-shared-time-named-location,Make sure I remember to submit the expense report for the errand at Farm Boy on Tue Aug 4 at 16:15; then remind me to call Maya about dinner with Maya Chen at Farm Boy on Tue Aug 4 at 16:15.,"{""ambiguity_policy"":""act"",""item_count"":2,""items"":[{""date"":""Tue Aug 4"",""facts"":[""submit the expense report for the errand""],""forbidden_facts"":[],""location"":""Farm Boy"",""needs_review"":false,""negation"":false,""person"":null,""prohibition"":false,""recurrence"":null,""route"":""Today"",""state"":""outstanding"",""time"":""16:15"",""title"":""submit the expense report for the errand"",""type"":""task""},{""date"":""Tue Aug 4"",""facts"":[""call Maya about dinner""],""forbidden_facts"":[],""location"":""Farm Boy"",""needs_review"":false,""negation"":false,""person"":""Maya Chen"",""prohibition"":false,""recurrence"":null,""route"":""Today"",""state"":""outstanding"",""time"":""16:15"",""title"":""call Maya about dinner"",""type"":""task""}],""operations"":[],""shared_context"":{""location"":null,""person"":null,""temporal"":""Tue Aug 4 16:15""}}","{""items"":[{""analysis"":""Make sure I remember to submit the expense report for the errand at Farm Boy on Tue Aug 4 at 4:15 pm"",""delivery"":""none"",""due"":1785874500,""location"":""nil"",""needsReview"":false,""person"":null,""quote"":""Make sure I remember to submit the expense report for the errand at Farm Boy on Tue Aug 4 at 4:15 pm"",""rawQuote"":""Make sure I remember to submit the expense report for the errand at Farm Boy on Tue Aug 4 at 16:15; then"",""recurrence"":""nil"",""reminder"":null,""route"":""Today"",""state"":""resolved"",""title"":""Submit the expense report for the errand at Farm Boy on Tue Aug 4 at 4:15 pm"",""type"":""task"",""wasRepaired"":true},{""analysis"":""remind me to call Maya about dinner with Maya Chen at Farm Boy on Tue Aug 4 at 4:15 pm"",""delivery"":""notification"",""due"":1785874500,""location"":""nil"",""needsReview"":false,""person"":""Maya"",""quote"":""remind me to call Maya about dinner with Maya Chen at Farm Boy on Tue Aug 4 at 4:15 pm"",""rawQuote"":""remind me to call Maya about dinner with Maya Chen at Farm Boy on Tue Aug 4 at 16:15"",""recurrence"":""nil"",""reminder"":1785874500,""route"":""Today"",""state"":""resolved"",""title"":""Call Maya about dinner with Maya Chen at Farm Boy on Tue Aug 4"",""type"":""personFollowUp"",""wasRepaired"":true}],""operations"":[],""text"":""Make sure I remember to submit the expense report for the errand at Farm Boy on Tue Aug 4 at 16:15; then remind me to call Maya about dinner with Maya Chen at Farm Boy on Tue Aug 4 at 16:15.""}",location_preservation|time_preservation|type:72062a5c2647fac3,failure|ai_candidate|hash_random_fill
rd-22e6ca835e2c97b7bb890366,,family-recurrence-person-date,I need a reminder to take out the recycling for the birthday with Priya Shah on Tue Aug 4 every Tuesday.,"{""ambiguity_policy"":""act"",""item_count"":1,""items"":[{""date"":""Tue Aug 4"",""facts"":[""take out the recycling for the birthday""],""forbidden_facts"":[],""location"":null,""needs_review"":false,""negation"":false,""person"":""Priya Shah"",""prohibition"":false,""recurrence"":""weekly:tuesday"",""route"":""Today"",""state"":""outstanding"",""time"":null,""title"":""take out the recycling for the birthday"",""type"":""reminder""}],""operations"":[],""shared_context"":{""location"":null,""person"":null,""temporal"":null}}","{""items"":[{""analysis"":""I need a reminder to take out the recycling for the birthday with Priya Shah on Tue Aug 4 every Tuesday."",""delivery"":""notification"",""due"":1785848400,""location"":""nil"",""needsReview"":false,""person"":null,""quote"":""I need a reminder to take out the recycling for the birthday with Priya Shah on Tue Aug 4 every Tuesday."",""rawQuote"":""I need a reminder to take out the recycling for the birthday with Priya Shah on Tue Aug 4 every Tuesday."",""recurrence"":""weekly x1 days[3]"",""reminder"":1785848400,""route"":""Today"",""state"":""resolved"",""title"":""Take out the recycling for the birthday with Priya Shah on Tue Aug 4 every Tuesday"",""type"":""task"",""wasRepaired"":false}],""operations"":[],""text"":""I need a reminder to take out the recycling for the birthday with Priya Shah on Tue Aug 4 every Tuesday.""}",person_preservation|time_preservation|type:aee8c4776546e0a4,failure|ai_candidate|hash_random_fill
rd-3e84771cf07ee7e2ffc3faa3,false-start|restart|sign-off-trailing-noise,family-memory-plain,"Wait, scratch that opening. I want to remember that the window-seat preference for the core project, okay that's all.","{""ambiguity_policy"":""act"",""item_count"":1,""items"":[{""date"":null,""facts"":[""remember the window-seat preference for the core project""],""forbidden_facts"":[],""location"":null,""needs_review"":false,""negation"":false,""person"":null,""prohibition"":false,""recurrence"":null,""route"":""Memory"",""state"":""informational"",""time"":null,""title"":""remember the window-seat preference for the core project"",""type"":""memory""}],""operations"":[],""shared_context"":{""location"":null,""person"":null,""temporal"":null}}","{""items"":[{""analysis"":""okay that's all"",""delivery"":""none"",""due"":null,""location"":""nil"",""needsReview"":false,""person"":null,""quote"":""okay that's all"",""rawQuote"":""okay that's all"",""recurrence"":""nil"",""reminder"":null,""route"":""Memory"",""state"":""resolved"",""title"":""That's all"",""type"":""note"",""wasRepaired"":false}],""operations"":[{""operation"":""cancel"",""scoped"":false,""target"":""that opening. i want to remember that the window-seat preference for the core project""}],""text"":""Wait, scratch that opening. I want to remember that the window-seat preference for the core project, okay that's all.""}",cancellation_correctness|lost_information|title_content_preservation|type:3814b6f15070f0fb,phenomenon_coverage|multi_phenomenon|failure|ai_candidate
rd-68b7ec4043dde2985477886d,,family-change-of-mind-exact-time,Order the blue notebook for the appointment on Thu Aug 6 at 16:15.,"{""ambiguity_policy"":""act"",""item_count"":1,""items"":[{""date"":""Thu Aug 6"",""facts"":[""order the blue notebook for the appointment""],""forbidden_facts"":[""order the red notebook""],""location"":null,""needs_review"":false,""negation"":false,""person"":null,""prohibition"":false,""recurrence"":null,""route"":""Today"",""state"":""outstanding"",""time"":""16:15"",""title"":""order the blue notebook for the appointment"",""type"":""task""}],""operations"":[],""shared_context"":{""location"":null,""person"":null,""temporal"":null}}","{""items"":[{""analysis"":""Order the blue notebook for the appointment on Thu Aug 6 at 4:15 pm."",""delivery"":""none"",""due"":1786047300,""location"":""nil"",""needsReview"":false,""person"":null,""quote"":""Order the blue notebook for the appointment on Thu Aug 6 at 4:15 pm."",""rawQuote"":""Order the blue notebook for the appointment on Thu Aug 6 at 16:15"",""recurrence"":""nil"",""reminder"":null,""route"":""Today"",""state"":""resolved"",""title"":""Order the blue notebook for the appointment on Thu Aug 6 at 4:15 pm"",""type"":""shopping"",""wasRepaired"":true}],""operations"":[],""text"":""Order the blue notebook for the appointment on Thu Aug 6 at 16:15.""}",time_preservation|type:956fb00c919831ff,failure|hash_random_fill
rd-3168310c6e8b6816c574f621,,family-idea-person,Try a walking meeting for the client account with Maya Chen.,"{""ambiguity_policy"":""act"",""item_count"":1,""items"":[{""date"":null,""facts"":[""try a walking meeting for the client account""],""forbidden_facts"":[],""location"":null,""needs_review"":false,""negation"":false,""person"":""Maya Chen"",""prohibition"":false,""recurrence"":null,""route"":""Memory"",""state"":""informational"",""time"":null,""title"":""try a walking meeting for the client account"",""type"":""idea""}],""operations"":[],""shared_context"":{""location"":null,""person"":null,""temporal"":null}}","{""items"":[{""analysis"":""Try a walking meeting for the client account with Maya Chen."",""delivery"":""none"",""due"":null,""location"":""nil"",""needsReview"":false,""person"":null,""quote"":""Try a walking meeting for the client account with Maya Chen."",""rawQuote"":""Try a walking meeting for the client account with Maya Chen."",""recurrence"":""nil"",""reminder"":null,""route"":""Today"",""state"":""resolved"",""title"":""Try a walking meeting for the client account with Maya Chen"",""type"":""event"",""wasRepaired"":false}],""operations"":[],""text"":""Try a walking meeting for the client account with Maya Chen.""}",person_preservation|routing|type:6f2c9b72bce2643d,failure|hash_random_fill
rd-2ac13eda9ab34f7938f9217e,,family-time-correction-person,Call the clinic for the client account with Maya Chen on Tue Aug 4 at 16:00.,"{""ambiguity_policy"":""act"",""item_count"":1,""items"":[{""date"":""Tue Aug 4"",""facts"":[""call the clinic for the client account""],""forbidden_facts"":[""15:00""],""location"":null,""needs_review"":false,""negation"":false,""person"":""Maya Chen"",""prohibition"":false,""recurrence"":null,""route"":""Today"",""state"":""outstanding"",""time"":""16:00"",""title"":""call the clinic for the client account"",""type"":""task""}],""operations"":[],""shared_context"":{""location"":null,""person"":null,""temporal"":null}}","{""items"":[{""analysis"":""Call the clinic for the client account with Maya Chen on Tue Aug 4 at 4:00 pm."",""delivery"":""none"",""due"":1785873600,""location"":""nil"",""needsReview"":false,""person"":null,""quote"":""Call the clinic for the client account with Maya Chen on Tue Aug 4 at 4:00 pm."",""rawQuote"":""Call the clinic for the client account with Maya Chen on Tue Aug 4 at 16:00"",""recurrence"":""nil"",""reminder"":null,""route"":""Today"",""state"":""resolved"",""title"":""Call the clinic for the client account with Maya Chen on Tue Aug 4 at 4:00 pm"",""type"":""task"",""wasRepaired"":true}],""operations"":[],""text"":""Call the clinic for the client account with Maya Chen on Tue Aug 4 at 16:00.""}",person_preservation|time_preservation:166c60e27900812c,failure|hash_random_fill
rd-55f4511eb0ea53be4b376ed5,,family-two-tasks-shared-location-shared-context,"Print the handouts for the launch with Elena Costa at Farm Boy on Fri Aug 7 at 14:00. Also, call Maya about dinner with Elena Costa at Farm Boy on Fri Aug 7 at 14:00.","{""ambiguity_policy"":""act"",""item_count"":2,""items"":[{""date"":""Fri Aug 7"",""facts"":[""print the handouts for the launch""],""forbidden_facts"":[],""location"":""Farm Boy"",""needs_review"":false,""negation"":false,""person"":""Elena Costa"",""prohibition"":false,""recurrence"":null,""route"":""Today"",""state"":""outstanding"",""time"":""14:00"",""title"":""print the handouts for the launch"",""type"":""task""},{""date"":""Fri Aug 7"",""facts"":[""call Maya about dinner""],""forbidden_facts"":[],""location"":""Farm Boy"",""needs_review"":false,""negation"":false,""person"":""Elena Costa"",""prohibition"":false,""recurrence"":null,""route"":""Today"",""state"":""outstanding"",""time"":""14:00"",""title"":""call Maya about dinner"",""type"":""task""}],""operations"":[],""shared_context"":{""location"":""Farm Boy"",""person"":""Elena Costa"",""temporal"":null}}","{""items"":[{""analysis"":""Print the handouts for the launch with Elena Costa at Farm Boy on Fri Aug 7 at 2:00 pm"",""delivery"":""none"",""due"":1786125600,""location"":""nil"",""needsReview"":false,""person"":null,""quote"":""Print the handouts for the launch with Elena Costa at Farm Boy on Fri Aug 7 at 2:00 pm"",""rawQuote"":""Print the handouts for the launch with Elena Costa at Farm Boy on Fri Aug 7 at 14:00. Also"",""recurrence"":""nil"",""reminder"":null,""route"":""Today"",""state"":""resolved"",""title"":""Print the handouts for the launch with Elena Costa at Farm Boy on Fri Aug 7 at 2:00 pm"",""type"":""task"",""wasRepaired"":true},{""analysis"":""call Maya about dinner with Elena Costa at Farm Boy on Fri Aug 7 at 2:00 pm"",""delivery"":""none"",""due"":1786125600,""location"":""nil"",""needsReview"":false,""person"":""Maya"",""quote"":""call Maya about dinner with Elena Costa at Farm Boy on Fri Aug 7 at 2:00 pm"",""rawQuote"":""call Maya about dinner with Elena Costa at Farm Boy on Fri Aug 7 at 14:00"",""recurrence"":""nil"",""reminder"":null,""route"":""Today"",""state"":""resolved"",""title"":""Call Maya about dinner with Elena Costa at Farm Boy on Fri Aug 7 at 2:00 pm"",""type"":""personFollowUp"",""wasRepaired"":true}],""operations"":[],""text"":""Print the handouts for the launch with Elena Costa at Farm Boy on Fri Aug 7 at 14:00. Also, call Maya about dinner with Elena Costa at Farm Boy on Fri Aug 7 at 14:00.""}",location_preservation|person_preservation|time_preservation|type:a8ea155a6d94fb7f,failure|hash_random_fill
rd-86ad66c113b4f7907f76db52,,family-completed-action-exact-time,Already file the tax receipt for the appointment on Thu Aug 6 at 16:15.,"{""ambiguity_policy"":""act"",""item_count"":1,""items"":[{""date"":""Thu Aug 6"",""facts"":[""file the tax receipt for the appointment""],""forbidden_facts"":[],""location"":null,""needs_review"":false,""negation"":false,""person"":null,""prohibition"":false,""recurrence"":null,""route"":""Memory"",""state"":""completed"",""time"":""16:15"",""title"":""file the tax receipt for the appointment"",""type"":""memory""}],""operations"":[],""shared_context"":{""location"":null,""person"":null,""temporal"":null}}","{""items"":[],""operations"":[{""operation"":""complete"",""scoped"":false,""target"":""file the tax receipt for the appointment on thu aug 6 at 4:15 pm""}],""text"":""Already file the tax receipt for the appointment on Thu Aug 6 at 16:15.""}",cancellation_correctness|date_preservation|false_negative_item_creation|item_count|location_preservation|lost_information|person_preservation|recurrence_preservation|routing|time_preservation|title_content_preservation|type|under_split|wrong_merge:38bbeb4049f60a00,failure|compound_failure|unusual_item_count|hash_random_fill
rd-495fbff2894ff51e0ace1b16,,family-reminder-person-date,Water the basil for the birthday with Priya Shah on Tue Aug 4.,"{""ambiguity_policy"":""act"",""item_count"":1,""items"":[{""date"":""Tue Aug 4"",""facts"":[""water the basil for the birthday""],""forbidden_facts"":[],""location"":null,""needs_review"":false,""negation"":false,""person"":""Priya Shah"",""prohibition"":false,""recurrence"":null,""route"":""Today"",""state"":""outstanding"",""time"":null,""title"":""water the basil for the birthday"",""type"":""reminder""}],""operations"":[],""shared_context"":{""location"":null,""person"":null,""temporal"":null}}","{""items"":[{""analysis"":""Water the basil for the birthday with Priya Shah on Tue Aug 4."",""delivery"":""none"",""due"":1785816000,""location"":""nil"",""needsReview"":false,""person"":null,""quote"":""Water the basil for the birthday with Priya Shah on Tue Aug 4."",""rawQuote"":""Water the basil for the birthday with Priya Shah on Tue Aug 4."",""recurrence"":""nil"",""reminder"":null,""route"":""Today"",""state"":""resolved"",""title"":""Water the basil for the birthday with Priya Shah on Tue Aug 4"",""type"":""task"",""wasRepaired"":false}],""operations"":[],""text"":""Water the basil for the birthday with Priya Shah on Tue Aug 4.""}",person_preservation|type:9d0cc991e51b6027,failure|hash_random_fill
rd-c19183408779760a6ec6e191,rambling-introduction|sign-off-trailing-noise,family-two-tasks-shared-location-person,"Before I lose the thought, I need to print the handouts for the client account with Maya Chen at Farm Boy; and also add this to my list: call Maya about dinner with Maya Chen at Farm Boy—okay, done.","{""ambiguity_policy"":""act"",""item_count"":2,""items"":[{""date"":null,""facts"":[""print the handouts for the client account""],""forbidden_facts"":[],""location"":""Farm Boy"",""needs_review"":false,""negation"":false,""person"":""Maya Chen"",""prohibition"":false,""recurrence"":null,""route"":""Today"",""state"":""outstanding"",""time"":null,""title"":""print the handouts for the client account"",""type"":""task""},{""date"":null,""facts"":[""call Maya about dinner""],""forbidden_facts"":[],""location"":""Farm Boy"",""needs_review"":false,""negation"":false,""person"":""Maya Chen"",""prohibition"":false,""recurrence"":null,""route"":""Today"",""state"":""outstanding"",""time"":null,""title"":""call Maya about dinner"",""type"":""task""}],""operations"":[],""shared_context"":{""location"":""Farm Boy"",""person"":""Maya Chen"",""temporal"":null}}","{""items"":[{""analysis"":""Before I lose the thought, I need to print the handouts for the client account with Maya Chen at Farm Boy"",""delivery"":""none"",""due"":null,""location"":""nil"",""needsReview"":true,""person"":null,""quote"":""Before I lose the thought, I need to print the handouts for the client account with Maya Chen at Farm Boy"",""rawQuote"":""Before I lose the thought, I need to print the handouts for the client account with Maya Chen at Farm Boy"",""recurrence"":""nil"",""reminder"":null,""route"":""Today"",""state"":""resolved"",""title"":""Before I lose the thought, I need to print the handouts for the client account with Maya Chen at Farm Boy"",""type"":""task"",""wasRepaired"":false},{""analysis"":""add this to my list:"",""delivery"":""none"",""due"":null,""location"":""nil"",""needsReview"":false,""person"":null,""quote"":""add this to my list:"",""rawQuote"":""add this to my list:"",""recurrence"":""nil"",""reminder"":null,""route"":""Today"",""state"":""resolved"",""title"":""Add this to my list"",""type"":""task"",""wasRepaired"":false},{""analysis"":""call Maya about dinner with Maya Chen at Farm Boy—okay, done"",""delivery"":""none"",""due"":null,""location"":""nil"",""needsReview"":false,""person"":""Maya"",""quote"":""call Maya about dinner with Maya Chen at Farm Boy—okay, done"",""rawQuote"":""call Maya about dinner with Maya Chen at Farm Boy—okay, done"",""recurrence"":""nil"",""reminder"":null,""route"":""Today"",""state"":""resolved"",""title"":""Call Maya about dinner with Maya Chen at Farm Boy—okay, done"",""type"":""personFollowUp"",""wasRepaired"":false}],""operations"":[],""text"":""Before I lose the thought, I need to print the handouts for the client account with Maya Chen at Farm Boy; and also add this to my list: call Maya about dinner with Maya Chen at Farm Boy—okay, done.""}",item_count|location_preservation|over_split|person_preservation|routing|type|wrong_merge:7a4b1f0a4471c5d1,phenomenon_coverage|multi_phenomenon|failure|compound_failure|unusual_item_count|ai_candidate
rd-aaf7fbea1da05cc3c5bc1ca6,,family-cancellation-exact-time,Cancel the saved reminder to water the basil for the appointment.,"{""ambiguity_policy"":""act"",""item_count"":0,""items"":[],""operations"":[{""operation"":""cancel"",""scoped"":false,""target"":""water the basil for the appointment""}],""shared_context"":{""location"":null,""person"":null,""temporal"":null}}","{""items"":[],""operations"":[{""operation"":""cancel"",""scoped"":false,""target"":""saved reminder to water the basil for the appointment""}],""text"":""Cancel the saved reminder to water the basil for the appointment.""}",cancellation_correctness:78b75480f29ec647,safety_critical|failure
rd-e33056819d45ec35bcd2f3b0,,family-person-correction-exact-time,Send the photos for the appointment with Priya Shah on Thu Aug 6 at 16:15.,"{""ambiguity_policy"":""act"",""item_count"":1,""items"":[{""date"":""Thu Aug 6"",""facts"":[""send the photos for the appointment""],""forbidden_facts"":[""Maya Chen""],""location"":null,""needs_review"":false,""negation"":false,""person"":""Priya Shah"",""prohibition"":false,""recurrence"":null,""route"":""Today"",""state"":""outstanding"",""time"":""16:15"",""title"":""send the photos for the appointment"",""type"":""task""}],""operations"":[],""shared_context"":{""location"":null,""person"":null,""temporal"":null}}","{""items"":[{""analysis"":""Send the photos for the appointment with Priya Shah on Thu Aug 6 at 4:15 pm."",""delivery"":""none"",""due"":1786047300,""location"":""nil"",""needsReview"":false,""person"":null,""quote"":""Send the photos for the appointment with Priya Shah on Thu Aug 6 at 4:15 pm."",""rawQuote"":""Send the photos for the appointment with Priya Shah on Thu Aug 6 at 16:15"",""recurrence"":""nil"",""reminder"":null,""route"":""Today"",""state"":""resolved"",""title"":""Send the photos for the appointment with Priya Shah on Thu Aug 6 at 4:15 pm"",""type"":""task"",""wasRepaired"":true}],""operations"":[],""text"":""Send the photos for the appointment with Priya Shah on Thu Aug 6 at 16:15.""}",person_preservation|time_preservation:166c60e27900812c,failure|hash_random_fill
rd-19f4d6527b5911aca4791aa9,hesitation|sign-off-trailing-noise,family-two-tasks-shared-time-named-location,"Hmm, make sure I remember to submit the expense report for the errand at Farm Boy on Tue Aug 4 at 16:15; then remind me to call Maya about dinner with Maya Chen at Farm Boy on Tue Aug 4 at 16:15; yeah, keep that for me.","{""ambiguity_policy"":""act"",""item_count"":2,""items"":[{""date"":""Tue Aug 4"",""facts"":[""submit the expense report for the errand""],""forbidden_facts"":[],""location"":""Farm Boy"",""needs_review"":false,""negation"":false,""person"":null,""prohibition"":false,""recurrence"":null,""route"":""Today"",""state"":""outstanding"",""time"":""16:15"",""title"":""submit the expense report for the errand"",""type"":""task""},{""date"":""Tue Aug 4"",""facts"":[""call Maya about dinner""],""forbidden_facts"":[],""location"":""Farm Boy"",""needs_review"":false,""negation"":false,""person"":""Maya Chen"",""prohibition"":false,""recurrence"":null,""route"":""Today"",""state"":""outstanding"",""time"":""16:15"",""title"":""call Maya about dinner"",""type"":""task""}],""operations"":[],""shared_context"":{""location"":null,""person"":null,""temporal"":""Tue Aug 4 16:15""}}","{""items"":[{""analysis"":""make sure I remember to submit the expense report for the errand at Farm Boy on Tue Aug 4 at 4:15 pm"",""delivery"":""none"",""due"":1785874500,""location"":""nil"",""needsReview"":false,""person"":null,""quote"":""make sure I remember to submit the expense report for the errand at Farm Boy on Tue Aug 4 at 4:15 pm"",""rawQuote"":""make sure I remember to submit the expense report for the errand at Farm Boy on Tue Aug 4 at 16:15; then"",""recurrence"":""nil"",""reminder"":null,""route"":""Today"",""state"":""resolved"",""title"":""Submit the expense report for the errand at Farm Boy on Tue Aug 4 at 4:15 pm"",""type"":""task"",""wasRepaired"":true},{""analysis"":""remind me to call Maya about dinner with Maya Chen at Farm Boy on Tue Aug 4 at 4:15 pm"",""delivery"":""notification"",""due"":1785874500,""location"":""nil"",""needsReview"":false,""person"":""Maya"",""quote"":""remind me to call Maya about dinner with Maya Chen at Farm Boy on Tue Aug 4 at 4:15 pm"",""rawQuote"":""remind me to call Maya about dinner with Maya Chen at Farm Boy on Tue Aug 4 at 16:15; yeah"",""recurrence"":""nil"",""reminder"":1785874500,""route"":""Today"",""state"":""resolved"",""title"":""Call Maya about dinner with Maya Chen at Farm Boy on Tue Aug 4"",""type"":""personFollowUp"",""wasRepaired"":true},{""analysis"":""yeah, keep that for me"",""delivery"":""none"",""due"":null,""location"":""nil"",""needsReview"":false,""person"":null,""quote"":""yeah, keep that for me"",""rawQuote"":""yeah, keep that for me"",""recurrence"":""nil"",""reminder"":null,""route"":""Today"",""state"":""resolved"",""title"":""Keep that for me"",""type"":""task"",""wasRepaired"":false}],""operations"":[],""text"":""Hmm, make sure I remember to submit the expense report for the errand at Farm Boy on Tue Aug 4 at 16:15; then remind me to call Maya about dinner with Maya Chen at Farm Boy on Tue Aug 4 at 16:15; yeah, keep that for me.""}",item_count|location_preservation|over_split|routing|time_preservation|type|wrong_merge:f198edcaf3da4ee4,phenomenon_coverage|multi_phenomenon|failure|compound_failure|unusual_item_count|ai_candidate
rd-facecc323bff6eb62f102d93,,family-date-only-person-time,Note the warranty date for the interview with Noah Brooks on Tue Aug 4.,"{""ambiguity_policy"":""act"",""item_count"":1,""items"":[{""date"":""Tue Aug 4"",""facts"":[""note the warranty date for the interview""],""forbidden_facts"":[],""location"":null,""needs_review"":false,""negation"":false,""person"":""Noah Brooks"",""prohibition"":false,""recurrence"":null,""route"":""Memory"",""state"":""informational"",""time"":null,""title"":""note the warranty date for the interview"",""type"":""note""}],""operations"":[],""shared_context"":{""location"":null,""person"":null,""temporal"":null}}","{""items"":[{""analysis"":""Note the warranty date for the interview with Noah Brooks on Tue Aug 4."",""delivery"":""none"",""due"":null,""location"":""nil"",""needsReview"":false,""person"":null,""quote"":""Note the warranty date for the interview with Noah Brooks on Tue Aug 4."",""rawQuote"":""Note the warranty date for the interview with Noah Brooks on Tue Aug 4."",""recurrence"":""nil"",""reminder"":null,""route"":""Memory"",""state"":""resolved"",""title"":""The warranty date for the interview with Noah Brooks on Tue Aug 4"",""type"":""note"",""wasRepaired"":false}],""operations"":[],""text"":""Note the warranty date for the interview with Noah Brooks on Tue Aug 4.""}",date_preservation|person_preservation:a921fdcf642aa0e2,failure|hash_random_fill
rd-5d5dcd794826e67583a4c7fc,,family-idea-person-date,Try a walking meeting for the birthday with Priya Shah on Tue Aug 4.,"{""ambiguity_policy"":""act"",""item_count"":1,""items"":[{""date"":""Tue Aug 4"",""facts"":[""try a walking meeting for the birthday""],""forbidden_facts"":[],""location"":null,""needs_review"":false,""negation"":false,""person"":""Priya Shah"",""prohibition"":false,""recurrence"":null,""route"":""Memory"",""state"":""informational"",""time"":null,""title"":""try a walking meeting for the birthday"",""type"":""idea""}],""operations"":[],""shared_context"":{""location"":null,""person"":null,""temporal"":null}}","{""items"":[{""analysis"":""Try a walking meeting for the birthday with Priya Shah on Tue Aug 4."",""delivery"":""none"",""due"":1785816000,""location"":""nil"",""needsReview"":false,""person"":null,""quote"":""Try a walking meeting for the birthday with Priya Shah on Tue Aug 4."",""rawQuote"":""Try a walking meeting for the birthday with Priya Shah on Tue Aug 4."",""recurrence"":""nil"",""reminder"":null,""route"":""Today"",""state"":""resolved"",""title"":""Try a walking meeting for the birthday with Priya Shah on Tue Aug 4"",""type"":""event"",""wasRepaired"":false}],""operations"":[],""text"":""Try a walking meeting for the birthday with Priya Shah on Tue Aug 4.""}",person_preservation|routing|type:6f2c9b72bce2643d,failure|hash_random_fill
rd-3de7bb61d4258b59f2cbf9a2,,family-completed-action-named-location,Already file the tax receipt for the errand at Farm Boy.,"{""ambiguity_policy"":""act"",""item_count"":1,""items"":[{""date"":null,""facts"":[""file the tax receipt for the errand""],""forbidden_facts"":[],""location"":""Farm Boy"",""needs_review"":false,""negation"":false,""person"":null,""prohibition"":false,""recurrence"":null,""route"":""Memory"",""state"":""completed"",""time"":null,""title"":""file the tax receipt for the errand"",""type"":""memory""}],""operations"":[],""shared_context"":{""location"":null,""person"":null,""temporal"":null}}","{""items"":[],""operations"":[{""operation"":""complete"",""scoped"":false,""target"":""file the tax receipt for the errand at farm boy""}],""text"":""Already file the tax receipt for the errand at Farm Boy.""}",cancellation_correctness|date_preservation|false_negative_item_creation|item_count|location_preservation|lost_information|person_preservation|recurrence_preservation|routing|time_preservation|title_content_preservation|type|under_split|wrong_merge:38bbeb4049f60a00,failure|compound_failure|unusual_item_count|hash_random_fill
rd-506a322902f61a59e98db0d0,casing-corruption,family-single-task-plain,sEND THE PROJECT UPDATE FOR THE CORE PROJECT.,"{""ambiguity_policy"":""act"",""item_count"":1,""items"":[{""date"":null,""facts"":[""send the project update for the core project""],""forbidden_facts"":[],""location"":null,""needs_review"":false,""negation"":false,""person"":null,""prohibition"":false,""recurrence"":null,""route"":""Today"",""state"":""outstanding"",""time"":null,""title"":""send the project update for the core project"",""type"":""task""}],""operations"":[],""shared_context"":{""location"":null,""person"":null,""temporal"":null}}","{""items"":[{""analysis"":""sEND THE PROJECT UPDATE FOR THE CORE PROJECT."",""delivery"":""none"",""due"":null,""location"":""nil"",""needsReview"":false,""person"":null,""quote"":""sEND THE PROJECT UPDATE FOR THE CORE PROJECT."",""rawQuote"":""sEND THE PROJECT UPDATE FOR THE CORE PROJECT."",""recurrence"":""nil"",""reminder"":null,""route"":""Today"",""state"":""resolved"",""title"":""SEND THE PROJECT UPDATE FOR THE CORE PROJECT"",""type"":""task"",""wasRepaired"":false}],""operations"":[],""text"":""sEND THE PROJECT UPDATE FOR THE CORE PROJECT.""}",,phenomenon_coverage
rd-386ab69011831395e74afb2f,,family-two-tasks-shared-time-person-date,"Submit the expense report for the birthday with Priya Shah on Tue Aug 4 at 16:15. Also, call Maya about dinner with Priya Shah on Tue Aug 4 at 16:15.","{""ambiguity_policy"":""act"",""item_count"":2,""items"":[{""date"":""Tue Aug 4"",""facts"":[""submit the expense report for the birthday""],""forbidden_facts"":[],""location"":null,""needs_review"":false,""negation"":false,""person"":""Priya Shah"",""prohibition"":false,""recurrence"":null,""route"":""Today"",""state"":""outstanding"",""time"":""16:15"",""title"":""submit the expense report for the birthday"",""type"":""task""},{""date"":""Tue Aug 4"",""facts"":[""call Maya about dinner""],""forbidden_facts"":[],""location"":null,""needs_review"":false,""negation"":false,""person"":""Priya Shah"",""prohibition"":false,""recurrence"":null,""route"":""Today"",""state"":""outstanding"",""time"":""16:15"",""title"":""call Maya about dinner"",""type"":""task""}],""operations"":[],""shared_context"":{""location"":null,""person"":""Priya Shah"",""temporal"":""Tue Aug 4 16:15""}}","{""items"":[{""analysis"":""Submit the expense report for the birthday with Priya Shah on Tue Aug 4 at 4:15 pm"",""delivery"":""none"",""due"":1785874500,""location"":""nil"",""needsReview"":false,""person"":null,""quote"":""Submit the expense report for the birthday with Priya Shah on Tue Aug 4 at 4:15 pm"",""rawQuote"":""Submit the expense report for the birthday with Priya Shah on Tue Aug 4 at 16:15. Also"",""recurrence"":""nil"",""reminder"":null,""route"":""Today"",""state"":""resolved"",""title"":""Submit the expense report for the birthday with Priya Shah on Tue Aug 4 at 4:15 pm"",""type"":""task"",""wasRepaired"":true},{""analysis"":""call Maya about dinner with Priya Shah on Tue Aug 4 at 4:15 pm"",""delivery"":""none"",""due"":1785874500,""location"":""nil"",""needsReview"":false,""person"":""Maya"",""quote"":""call Maya about dinner with Priya Shah on Tue Aug 4 at 4:15 pm"",""rawQuote"":""call Maya about dinner with Priya Shah on Tue Aug 4 at 16:15"",""recurrence"":""nil"",""reminder"":null,""route"":""Today"",""state"":""resolved"",""title"":""Call Maya about dinner with Priya Shah on Tue Aug 4 at 4:15 pm"",""type"":""personFollowUp"",""wasRepaired"":true}],""operations"":[],""text"":""Submit the expense report for the birthday with Priya Shah on Tue Aug 4 at 16:15. Also, call Maya about dinner with Priya Shah on Tue Aug 4 at 16:15.""}",person_preservation|time_preservation|type:aee8c4776546e0a4,failure|hash_random_fill
rd-09af3dfa34e069e0ccd3c9d4,,family-memory-priority-context,Remember the window-seat preference for the tax filing with Hope Reed on Wed Aug 5.,"{""ambiguity_policy"":""act"",""item_count"":1,""items"":[{""date"":""Wed Aug 5"",""facts"":[""remember the window-seat preference for the tax filing""],""forbidden_facts"":[],""location"":null,""needs_review"":false,""negation"":false,""person"":""Hope Reed"",""prohibition"":false,""recurrence"":null,""route"":""Memory"",""state"":""informational"",""time"":null,""title"":""remember the window-seat preference for the tax filing"",""type"":""memory""}],""operations"":[],""shared_context"":{""location"":null,""person"":null,""temporal"":null}}","{""items"":[{""analysis"":""Remember the window-seat preference for the tax filing with Hope Reed on Wed Aug 5."",""delivery"":""none"",""due"":null,""location"":""nil"",""needsReview"":false,""person"":null,""quote"":""Remember the window-seat preference for the tax filing with Hope Reed on Wed Aug 5."",""rawQuote"":""Remember the window-seat preference for the tax filing with Hope Reed on Wed Aug 5."",""recurrence"":""nil"",""reminder"":null,""route"":""Memory"",""state"":""resolved"",""title"":""The window-seat preference for the tax filing with Hope Reed on Wed Aug 5"",""type"":""note"",""wasRepaired"":false}],""operations"":[],""text"":""Remember the window-seat preference for the tax filing with Hope Reed on Wed Aug 5.""}",date_preservation|person_preservation|type:a3b9372218a74ce2,failure|hash_random_fill
rd-857618e4870dccd95eb07476,,family-location-trigger-person-time,Pick up the dry cleaning for the interview with Noah Brooks at Farm Boy on Tue Aug 4 at 09:30.,"{""ambiguity_policy"":""act"",""item_count"":1,""items"":[{""date"":""Tue Aug 4"",""facts"":[""pick up the dry cleaning for the interview""],""forbidden_facts"":[],""location"":""Farm Boy"",""needs_review"":false,""negation"":false,""person"":""Noah Brooks"",""prohibition"":false,""recurrence"":null,""route"":""Today"",""state"":""outstanding"",""time"":""09:30"",""title"":""pick up the dry cleaning for the interview"",""type"":""reminder""}],""operations"":[],""shared_context"":{""location"":null,""person"":null,""temporal"":null}}","{""items"":[{""analysis"":""Pick up the dry cleaning for the interview with Noah Brooks at Farm Boy on Tue Aug 4 at 09:30."",""delivery"":""none"",""due"":1785850200,""location"":""nil"",""needsReview"":false,""person"":null,""quote"":""Pick up the dry cleaning for the interview with Noah Brooks at Farm Boy on Tue Aug 4 at 09:30."",""rawQuote"":""Pick up the dry cleaning for the interview with Noah Brooks at Farm Boy on Tue Aug 4 at 09:30."",""recurrence"":""nil"",""reminder"":null,""route"":""Today"",""state"":""resolved"",""title"":""Pick up the dry cleaning for the interview with Noah Brooks at Farm Boy on Tue Aug 4 at 09:30"",""type"":""task"",""wasRepaired"":false}],""operations"":[],""text"":""Pick up the dry cleaning for the interview with Noah Brooks at Farm Boy on Tue Aug 4 at 09:30.""}",location_preservation|person_preservation|time_preservation|type:a8ea155a6d94fb7f,failure|hash_random_fill
rd-c441d8d72085306581f0be59,hesitation|rambling-introduction|sign-off-trailing-noise,family-memory-person-time,"Uh, quick thing: I want to remember that the window-seat preference for the interview with Noah Brooks on Tue Aug 4 at 09:30. Anyway, thanks.","{""ambiguity_policy"":""act"",""item_count"":1,""items"":[{""date"":""Tue Aug 4"",""facts"":[""remember the window-seat preference for the interview""],""forbidden_facts"":[],""location"":null,""needs_review"":false,""negation"":false,""person"":""Noah Brooks"",""prohibition"":false,""recurrence"":null,""route"":""Memory"",""state"":""informational"",""time"":""09:30"",""title"":""remember the window-seat preference for the interview"",""type"":""memory""}],""operations"":[],""shared_context"":{""location"":null,""person"":null,""temporal"":null}}","{""items"":[{""analysis"":""quick thing: I want to remember that the window-seat preference for the interview with Noah Brooks on Tue Aug 4 at 09:30. Anyway, thanks."",""delivery"":""none"",""due"":null,""location"":""nil"",""needsReview"":true,""person"":null,""quote"":""quick thing: I want to remember that the window-seat preference for the interview with Noah Brooks on Tue Aug 4 at 09:30. Anyway, thanks."",""rawQuote"":""quick thing: I want to remember that the window-seat preference for the interview with Noah Brooks on Tue Aug 4 at 09:30. Anyway, thanks"",""recurrence"":""nil"",""reminder"":null,""route"":""Memory"",""state"":""resolved"",""title"":""Review captured thought"",""type"":""unclear"",""wasRepaired"":false}],""operations"":[],""text"":""Uh, quick thing: I want to remember that the window-seat preference for the interview with Noah Brooks on Tue Aug 4 at 09:30. Anyway, thanks.""}",date_preservation|lost_information|person_preservation|time_preservation|title_content_preservation|type:4e8fd0bfd4963e9c,phenomenon_coverage|multi_phenomenon|failure|compound_failure|ai_candidate
rd-60912c086a415e731524e7ca,,family-two-tasks-shared-location-exact-time,"Print the handouts for the appointment at Farm Boy on Thu Aug 6 at 16:15. Also, call Maya about dinner with Maya Chen at Farm Boy on Thu Aug 6 at 16:15.","{""ambiguity_policy"":""act"",""item_count"":2,""items"":[{""date"":""Thu Aug 6"",""facts"":[""print the handouts for the appointment""],""forbidden_facts"":[],""location"":""Farm Boy"",""needs_review"":false,""negation"":false,""person"":null,""prohibition"":false,""recurrence"":null,""route"":""Today"",""state"":""outstanding"",""time"":""16:15"",""title"":""print the handouts for the appointment"",""type"":""task""},{""date"":""Thu Aug 6"",""facts"":[""call Maya about dinner""],""forbidden_facts"":[],""location"":""Farm Boy"",""needs_review"":false,""negation"":false,""person"":""Maya Chen"",""prohibition"":false,""recurrence"":null,""route"":""Today"",""state"":""outstanding"",""time"":""16:15"",""title"":""call Maya about dinner"",""type"":""task""}],""operations"":[],""shared_context"":{""location"":""Farm Boy"",""person"":null,""temporal"":null}}","{""items"":[{""analysis"":""Print the handouts for the appointment at Farm Boy on Thu Aug 6 at 4:15 pm"",""delivery"":""none"",""due"":1786047300,""location"":""nil"",""needsReview"":false,""person"":null,""quote"":""Print the handouts for the appointment at Farm Boy on Thu Aug 6 at 4:15 pm"",""rawQuote"":""Print the handouts for the appointment at Farm Boy on Thu Aug 6 at 16:15. Also"",""recurrence"":""nil"",""reminder"":null,""route"":""Today"",""state"":""resolved"",""title"":""Print the handouts for the appointment at Farm Boy on Thu Aug 6 at 4:15 pm"",""type"":""task"",""wasRepaired"":true},{""analysis"":""call Maya about dinner with Maya Chen at Farm Boy on Thu Aug 6 at 4:15 pm"",""delivery"":""none"",""due"":1786047300,""location"":""nil"",""needsReview"":false,""person"":""Maya"",""quote"":""call Maya about dinner with Maya Chen at Farm Boy on Thu Aug 6 at 4:15 pm"",""rawQuote"":""call Maya about dinner with Maya Chen at Farm Boy on Thu Aug 6 at 16:15"",""recurrence"":""nil"",""reminder"":null,""route"":""Today"",""state"":""resolved"",""title"":""Call Maya about dinner with Maya Chen at Farm Boy on Thu Aug 6 at 4:15 pm"",""type"":""personFollowUp"",""wasRepaired"":true}],""operations"":[],""text"":""Print the handouts for the appointment at Farm Boy on Thu Aug 6 at 16:15. Also, call Maya about dinner with Maya Chen at Farm Boy on Thu Aug 6 at 16:15.""}",location_preservation|time_preservation|type:72062a5c2647fac3,failure|hash_random_fill
rd-fa5697086fc80bf7315c01aa,shared-date,family-two-tasks-shared-time-shared-context,"On the same day, Submit the expense report for the launch with Elena Costa at Farm Boy on Fri Aug 7 at 14:00. Also, call Maya about dinner with Elena Costa at Farm Boy on Fri Aug 7 at 14:00.","{""ambiguity_policy"":""act"",""item_count"":2,""items"":[{""date"":""Fri Aug 7"",""facts"":[""submit the expense report for the launch""],""forbidden_facts"":[],""location"":""Farm Boy"",""needs_review"":false,""negation"":false,""person"":""Elena Costa"",""prohibition"":false,""recurrence"":null,""route"":""Today"",""state"":""outstanding"",""time"":""14:00"",""title"":""submit the expense report for the launch"",""type"":""task""},{""date"":""Fri Aug 7"",""facts"":[""call Maya about dinner""],""forbidden_facts"":[],""location"":""Farm Boy"",""needs_review"":false,""negation"":false,""person"":""Elena Costa"",""prohibition"":false,""recurrence"":null,""route"":""Today"",""state"":""outstanding"",""time"":""14:00"",""title"":""call Maya about dinner"",""type"":""task""}],""operations"":[],""shared_context"":{""location"":null,""person"":""Elena Costa"",""temporal"":""Fri Aug 7 14:00""}}","{""items"":[{""analysis"":""On the same day"",""delivery"":""none"",""due"":null,""location"":""nil"",""needsReview"":false,""person"":null,""quote"":""On the same day"",""rawQuote"":""On the same day"",""recurrence"":""nil"",""reminder"":null,""route"":""Memory"",""state"":""resolved"",""title"":""On the same day"",""type"":""note"",""wasRepaired"":false},{""analysis"":""Submit the expense report for the launch with Elena Costa at Farm Boy on Fri Aug 7 at 2:00 pm"",""delivery"":""none"",""due"":1786125600,""location"":""nil"",""needsReview"":false,""person"":null,""quote"":""Submit the expense report for the launch with Elena Costa at Farm Boy on Fri Aug 7 at 2:00 pm"",""rawQuote"":""Submit the expense report for the launch with Elena Costa at Farm Boy on Fri Aug 7 at 14:00. Also"",""recurrence"":""nil"",""reminder"":null,""route"":""Today"",""state"":""resolved"",""title"":""Submit the expense report for the launch with Elena Costa at Farm Boy on Fri Aug 7 at 2:00 pm"",""type"":""task"",""wasRepaired"":true},{""analysis"":""call Maya about dinner with Elena Costa at Farm Boy on Fri Aug 7 at 2:00 pm"",""delivery"":""none"",""due"":1786125600,""location"":""nil"",""needsReview"":false,""person"":""Maya"",""quote"":""call Maya about dinner with Elena Costa at Farm Boy on Fri Aug 7 at 2:00 pm"",""rawQuote"":""call Maya about dinner with Elena Costa at Farm Boy on Fri Aug 7 at 14:00"",""recurrence"":""nil"",""reminder"":null,""route"":""Today"",""state"":""resolved"",""title"":""Call Maya about dinner with Elena Costa at Farm Boy on Fri Aug 7 at 2:00 pm"",""type"":""personFollowUp"",""wasRepaired"":true}],""operations"":[],""text"":""On the same day, Submit the expense report for the launch with Elena Costa at Farm Boy on Fri Aug 7 at 14:00. Also, call Maya about dinner with Elena Costa at Farm Boy on Fri Aug 7 at 14:00.""}",date_preservation|item_count|location_preservation|over_split|person_preservation|routing|time_preservation|type|wrong_merge:db1ec0a9416b5b37,phenomenon_coverage|failure|compound_failure|unusual_item_count
rd-8f6ac50a7f295ee8482806b7,,family-completed-action-relative-date,Already file the tax receipt for the travel plan on Tue Aug 4.,"{""ambiguity_policy"":""act"",""item_count"":1,""items"":[{""date"":""Tue Aug 4"",""facts"":[""file the tax receipt for the travel plan""],""forbidden_facts"":[],""location"":null,""needs_review"":false,""negation"":false,""person"":null,""prohibition"":false,""recurrence"":null,""route"":""Memory"",""state"":""completed"",""time"":null,""title"":""file the tax receipt for the travel plan"",""type"":""memory""}],""operations"":[],""shared_context"":{""location"":null,""person"":null,""temporal"":null}}","{""items"":[],""operations"":[{""operation"":""complete"",""scoped"":false,""target"":""file the tax receipt for the travel plan on tue aug 4""}],""text"":""Already file the tax receipt for the travel plan on Tue Aug 4.""}",cancellation_correctness|date_preservation|false_negative_item_creation|item_count|location_preservation|lost_information|person_preservation|recurrence_preservation|routing|time_preservation|title_content_preservation|type|under_split|wrong_merge:38bbeb4049f60a00,failure|compound_failure|unusual_item_count|hash_random_fill
rd-07961da42cd626b0ab1bee8d,,family-ambiguous-review-person-date,"I'm not sure whether this is a task or just something to keep, but remember that send the document to her for the birthday with Priya Shah.","{""ambiguity_policy"":""review"",""item_count"":1,""items"":[{""date"":null,""facts"":[""send the document to her for the birthday""],""forbidden_facts"":[],""location"":null,""needs_review"":true,""negation"":false,""person"":""Priya Shah"",""prohibition"":false,""recurrence"":null,""route"":""Memory"",""state"":""uncertain"",""time"":null,""title"":""send the document to her for the birthday"",""type"":""note""}],""operations"":[],""shared_context"":{""location"":null,""person"":null,""temporal"":null}}","{""items"":[{""analysis"":""I'm not sure whether this is a task or just something to keep, but remember that send the document to her for the birthday with Priya Shah."",""delivery"":""none"",""due"":null,""location"":""nil"",""needsReview"":false,""person"":null,""quote"":""I'm not sure whether this is a task or just something to keep, but remember that send the document to her for the birthday with Priya Shah."",""rawQuote"":""I'm not sure whether this is a task or just something to keep, but remember that send the document to her for the birthday with Priya Shah."",""recurrence"":""nil"",""reminder"":null,""route"":""Memory"",""state"":""resolved"",""title"":""I'm not sure whether this is a task or just something to keep, but remember that send the document to her for the birthday with Priya Shah"",""type"":""note"",""wasRepaired"":false}],""operations"":[],""text"":""I'm not sure whether this is a task or just something to keep, but remember that send the document to her for the birthday with Priya Shah.""}",person_preservation|review_ambiguity_behavior:70d7a26bcbf573eb,failure|ai_candidate|hash_random_fill
rd-e2185ad3c6a9ef245cf4158d,,family-date-only-person-date,Note the warranty date for the birthday with Priya Shah on Tue Aug 4.,"{""ambiguity_policy"":""act"",""item_count"":1,""items"":[{""date"":""Tue Aug 4"",""facts"":[""note the warranty date for the birthday""],""forbidden_facts"":[],""location"":null,""needs_review"":false,""negation"":false,""person"":""Priya Shah"",""prohibition"":false,""recurrence"":null,""route"":""Memory"",""state"":""informational"",""time"":null,""title"":""note the warranty date for the birthday"",""type"":""note""}],""operations"":[],""shared_context"":{""location"":null,""person"":null,""temporal"":null}}","{""items"":[{""analysis"":""Note the warranty date for the birthday with Priya Shah on Tue Aug 4."",""delivery"":""none"",""due"":null,""location"":""nil"",""needsReview"":false,""person"":null,""quote"":""Note the warranty date for the birthday with Priya Shah on Tue Aug 4."",""rawQuote"":""Note the warranty date for the birthday with Priya Shah on Tue Aug 4."",""recurrence"":""nil"",""reminder"":null,""route"":""Memory"",""state"":""resolved"",""title"":""The warranty date for the birthday with Priya Shah on Tue Aug 4"",""type"":""note"",""wasRepaired"":false}],""operations"":[],""text"":""Note the warranty date for the birthday with Priya Shah on Tue Aug 4.""}",date_preservation|person_preservation:a921fdcf642aa0e2,failure|hash_random_fill
rd-bc8584936153b1b02dfd4a09,,family-reminder-person,Water the basil for the client account with Maya Chen.,"{""ambiguity_policy"":""act"",""item_count"":1,""items"":[{""date"":null,""facts"":[""water the basil for the client account""],""forbidden_facts"":[],""location"":null,""needs_review"":false,""negation"":false,""person"":""Maya Chen"",""prohibition"":false,""recurrence"":null,""route"":""Today"",""state"":""outstanding"",""time"":null,""title"":""water the basil for the client account"",""type"":""reminder""}],""operations"":[],""shared_context"":{""location"":null,""person"":null,""temporal"":null}}","{""items"":[{""analysis"":""Water the basil for the client account with Maya Chen."",""delivery"":""none"",""due"":null,""location"":""nil"",""needsReview"":false,""person"":null,""quote"":""Water the basil for the client account with Maya Chen."",""rawQuote"":""Water the basil for the client account with Maya Chen."",""recurrence"":""nil"",""reminder"":null,""route"":""Today"",""state"":""resolved"",""title"":""Water the basil for the client account with Maya Chen"",""type"":""task"",""wasRepaired"":false}],""operations"":[],""text"":""Water the basil for the client account with Maya Chen.""}",person_preservation|type:9d0cc991e51b6027,failure|hash_random_fill
rd-5f27af4d32f8bf13870b8b91,,family-event-person-time,Attend the planning session for the interview with Noah Brooks on Tue Aug 4 at 09:30.,"{""ambiguity_policy"":""act"",""item_count"":1,""items"":[{""date"":""Tue Aug 4"",""facts"":[""attend the planning session for the interview""],""forbidden_facts"":[],""location"":null,""needs_review"":false,""negation"":false,""person"":""Noah Brooks"",""prohibition"":false,""recurrence"":null,""route"":""Today"",""state"":""outstanding"",""time"":""09:30"",""title"":""attend the planning session for the interview"",""type"":""event""}],""operations"":[],""shared_context"":{""location"":null,""person"":null,""temporal"":null}}","{""items"":[{""analysis"":""Attend the planning session for the interview with Noah Brooks on Tue Aug 4 at 09:30."",""delivery"":""none"",""due"":1785850200,""location"":""nil"",""needsReview"":false,""person"":null,""quote"":""Attend the planning session for the interview with Noah Brooks on Tue Aug 4 at 09:30."",""rawQuote"":""Attend the planning session for the interview with Noah Brooks on Tue Aug 4 at 09:30."",""recurrence"":""nil"",""reminder"":null,""route"":""Today"",""state"":""resolved"",""title"":""Attend the planning session for the interview with Noah Brooks on Tue Aug 4 at 09:30"",""type"":""task"",""wasRepaired"":false}],""operations"":[],""text"":""Attend the planning session for the interview with Noah Brooks on Tue Aug 4 at 09:30.""}",person_preservation|time_preservation|type:aee8c4776546e0a4,failure|hash_random_fill
rd-845e627b9e8a53a2023a6164,self-correction-date|hesitation|sign-off-trailing-noise,family-location-trigger-relative-date,"On Wednesday— sorry, on Tue Aug 4. make sure I remember to pick up the dry cleaning for the travel plan at Farm Boy on Tue Aug 4, okay that's all.","{""ambiguity_policy"":""act"",""item_count"":1,""items"":[{""date"":""Tue Aug 4"",""facts"":[""pick up the dry cleaning for the travel plan""],""forbidden_facts"":[],""location"":""Farm Boy"",""needs_review"":false,""negation"":false,""person"":null,""prohibition"":false,""recurrence"":null,""route"":""Today"",""state"":""outstanding"",""time"":null,""title"":""pick up the dry cleaning for the travel plan"",""type"":""reminder""}],""operations"":[],""shared_context"":{""location"":null,""person"":null,""temporal"":null}}","{""items"":[{""analysis"":""on Tue Aug 4"",""delivery"":""none"",""due"":1785816000,""location"":""nil"",""needsReview"":false,""person"":null,""quote"":""on Tue Aug 4"",""rawQuote"":""On Wednesday— sorry, on Tue Aug 4"",""recurrence"":""nil"",""reminder"":null,""route"":""Today"",""state"":""resolved"",""title"":""On Tue Aug 4"",""type"":""event"",""wasRepaired"":true},{""analysis"":""make sure I remember to pick up the dry cleaning for the travel plan at Farm Boy on Tue Aug 4, okay that's all"",""delivery"":""none"",""due"":1785816000,""location"":""nil"",""needsReview"":false,""person"":null,""quote"":""make sure I remember to pick up the dry cleaning for the travel plan at Farm Boy on Tue Aug 4, okay that's all"",""rawQuote"":""make sure I remember to pick up the dry cleaning for the travel plan at Farm Boy on Tue Aug 4, okay that's all"",""recurrence"":""nil"",""reminder"":null,""route"":""Today"",""state"":""resolved"",""title"":""Pick up the dry cleaning for the travel plan at Farm Boy on Tue Aug 4, okay that's all"",""type"":""task"",""wasRepaired"":false}],""operations"":[],""text"":""On Wednesday— sorry, on Tue Aug 4. make sure I remember to pick up the dry cleaning for the travel plan at Farm Boy on Tue Aug 4, okay that's all.""}",item_count|location_preservation|over_split|routing|type|wrong_merge:e0e7cda5f91fed24,phenomenon_coverage|multi_phenomenon|failure|compound_failure|unusual_item_count|ai_candidate
rd-2da9c13887220cf514165300,false-start|restart|sign-off-trailing-noise,family-single-task-named-location,"I lost my train of thought; okay, here it is. I need to send the project update for the errand at Farm Boy, okay that's all.","{""ambiguity_policy"":""act"",""item_count"":1,""items"":[{""date"":null,""facts"":[""send the project update for the errand""],""forbidden_facts"":[],""location"":""Farm Boy"",""needs_review"":false,""negation"":false,""person"":null,""prohibition"":false,""recurrence"":null,""route"":""Today"",""state"":""outstanding"",""time"":null,""title"":""send the project update for the errand"",""type"":""task""}],""operations"":[],""shared_context"":{""location"":null,""person"":null,""temporal"":null}}","{""items"":[{""analysis"":""I lost my train of thought"",""delivery"":""none"",""due"":null,""location"":""nil"",""needsReview"":false,""person"":null,""quote"":""I lost my train of thought"",""rawQuote"":""I lost my train of thought"",""recurrence"":""nil"",""reminder"":null,""route"":""Memory"",""state"":""resolved"",""title"":""I lost my train of thought"",""type"":""note"",""wasRepaired"":false},{""analysis"":""okay, here it is"",""delivery"":""none"",""due"":null,""location"":""nil"",""needsReview"":false,""person"":null,""quote"":""okay, here it is"",""rawQuote"":""okay, here it is"",""recurrence"":""nil"",""reminder"":null,""route"":""Memory"",""state"":""resolved"",""title"":""Here it is"",""type"":""note"",""wasRepaired"":false},{""analysis"":""I need to send the project update for the errand at Farm Boy, okay that's all"",""delivery"":""none"",""due"":null,""location"":""nil"",""needsReview"":false,""person"":null,""quote"":""I need to send the project update for the errand at Farm Boy, okay that's all"",""rawQuote"":""I need to send the project update for the errand at Farm Boy, okay that's all"",""recurrence"":""nil"",""reminder"":null,""route"":""Today"",""state"":""resolved"",""title"":""Send the project update for the errand at Farm Boy, okay that's all"",""type"":""task"",""wasRepaired"":false}],""operations"":[],""text"":""I lost my train of thought; okay, here it is. I need to send the project update for the errand at Farm Boy, okay that's all.""}",item_count|location_preservation|over_split|routing|type|wrong_merge:e0e7cda5f91fed24,phenomenon_coverage|multi_phenomenon|failure|compound_failure|unusual_item_count|ai_candidate
rd-c5c9f3612c59346d988d3850,abandoned-thought,family-single-task-plain,"I was thinking about the invoice— anyway, Send the project update for the core project.","{""ambiguity_policy"":""act"",""item_count"":1,""items"":[{""date"":null,""facts"":[""send the project update for the core project""],""forbidden_facts"":[],""location"":null,""needs_review"":false,""negation"":false,""person"":null,""prohibition"":false,""recurrence"":null,""route"":""Today"",""state"":""outstanding"",""time"":null,""title"":""send the project update for the core project"",""type"":""task""}],""operations"":[],""shared_context"":{""location"":null,""person"":null,""temporal"":null}}","{""items"":[{""analysis"":""Send the project update for the core project"",""delivery"":""none"",""due"":null,""location"":""nil"",""needsReview"":false,""person"":null,""quote"":""about the invoice— anyway, Send the project update for the core project."",""rawQuote"":""about the invoice— anyway, Send the project update for the core project"",""recurrence"":""nil"",""reminder"":null,""route"":""Today"",""state"":""resolved"",""title"":""Send the project update for the core project"",""type"":""task"",""wasRepaired"":false}],""operations"":[],""text"":""I was thinking about the invoice— anyway, Send the project update for the core project.""}",,phenomenon_coverage
rd-f1554b573e292fc3bf80fb66,rambling-introduction|sign-off-trailing-noise,family-event-exact-time,"Before I lose the thought, make sure I remember to attend the planning session for the appointment on Thu Aug 6 at 16:15—okay, done.","{""ambiguity_policy"":""act"",""item_count"":1,""items"":[{""date"":""Thu Aug 6"",""facts"":[""attend the planning session for the appointment""],""forbidden_facts"":[],""location"":null,""needs_review"":false,""negation"":false,""person"":null,""prohibition"":false,""recurrence"":null,""route"":""Today"",""state"":""outstanding"",""time"":""16:15"",""title"":""attend the planning session for the appointment"",""type"":""event""}],""operations"":[],""shared_context"":{""location"":null,""person"":null,""temporal"":null}}","{""items"":[{""analysis"":""Before I lose the thought make sure I remember to attend the planning session for the appointment on Thu Aug 6 at 4:15 pm—okay, done"",""delivery"":""none"",""due"":1786047300,""location"":""nil"",""needsReview"":false,""person"":null,""quote"":""make sure I remember to attend the planning session for the appointment on Thu Aug 6 at 4:15 pm—okay, done"",""rawQuote"":""make sure I remember to attend the planning session for the appointment on Thu Aug 6 at 16:15—okay, done"",""recurrence"":""nil"",""reminder"":null,""route"":""Today"",""state"":""resolved"",""title"":""Attend the planning session for the appointment on Thu Aug 6 at 4:15 pm—okay, done"",""type"":""task"",""wasRepaired"":true}],""operations"":[],""text"":""Before I lose the thought, make sure I remember to attend the planning session for the appointment on Thu Aug 6 at 16:15—okay, done.""}",time_preservation|type:956fb00c919831ff,phenomenon_coverage|multi_phenomenon|failure|ai_candidate
rd-fb399649d7813f48091cf4d9,punctuation-corruption,family-single-task-plain,"Send, the project update for the core project?","{""ambiguity_policy"":""act"",""item_count"":1,""items"":[{""date"":null,""facts"":[""send the project update for the core project""],""forbidden_facts"":[],""location"":null,""needs_review"":false,""negation"":false,""person"":null,""prohibition"":false,""recurrence"":null,""route"":""Today"",""state"":""outstanding"",""time"":null,""title"":""send the project update for the core project"",""type"":""task""}],""operations"":[],""shared_context"":{""location"":null,""person"":null,""temporal"":null}}","{""items"":[{""analysis"":""Send, the project update for the core project?"",""delivery"":""none"",""due"":null,""location"":""nil"",""needsReview"":false,""person"":null,""quote"":""Send, the project update for the core project?"",""rawQuote"":""Send, the project update for the core project?"",""recurrence"":""nil"",""reminder"":null,""route"":""Today"",""state"":""resolved"",""title"":""Send, the project update for the core project?"",""type"":""task"",""wasRepaired"":false}],""operations"":[],""text"":""Send, the project update for the core project?""}",,phenomenon_coverage
rd-d6851dca1701ac36a7bfacfc,self-correction-person|hesitation|sign-off-trailing-noise,family-negative-statement-person-date,"This is for Sam— sorry, for Priya Shah. make a note that the invoice was not sent for the birthday with Priya Shah on Tue Aug 4, okay that's all.","{""ambiguity_policy"":""act"",""item_count"":1,""items"":[{""date"":""Tue Aug 4"",""facts"":[""record that the invoice was not sent for the birthday""],""forbidden_facts"":[],""location"":null,""needs_review"":false,""negation"":true,""person"":""Priya Shah"",""prohibition"":false,""recurrence"":null,""route"":""Memory"",""state"":""informational"",""time"":null,""title"":""record that the invoice was not sent for the birthday"",""type"":""memory""}],""operations"":[],""shared_context"":{""location"":null,""person"":null,""temporal"":null}}","{""items"":[{""analysis"":""for Priya Shah"",""delivery"":""none"",""due"":null,""location"":""nil"",""needsReview"":false,""person"":null,""quote"":""for Priya Shah"",""rawQuote"":""for Sam— sorry, for Priya Shah"",""recurrence"":""nil"",""reminder"":null,""route"":""Memory"",""state"":""resolved"",""title"":""For Priya Shah"",""type"":""note"",""wasRepaired"":true},{""analysis"":""make a note that the invoice was not sent for the birthday with Priya Shah on Tue Aug 4, okay that's all"",""delivery"":""none"",""due"":null,""location"":""nil"",""needsReview"":false,""person"":null,""quote"":""make a note that the invoice was not sent for the birthday with Priya Shah on Tue Aug 4, okay that's all"",""rawQuote"":""make a note that the invoice was not sent for the birthday with Priya Shah on Tue Aug 4, okay that's all"",""recurrence"":""nil"",""reminder"":null,""route"":""Memory"",""state"":""resolved"",""title"":""The invoice was not sent for the birthday with Priya Shah on Tue Aug 4, okay that's all"",""type"":""note"",""wasRepaired"":false}],""operations"":[],""text"":""This is for Sam— sorry, for Priya Shah. make a note that the invoice was not sent for the birthday with Priya Shah on Tue Aug 4, okay that's all.""}",date_preservation|item_count|lost_information|negation_correctness|over_split|person_preservation|routing|title_content_preservation|type|wrong_merge:f6f3bb0c8c64cf5b,phenomenon_coverage|safety_critical|multi_phenomenon|failure|compound_failure|unusual_item_count|ai_candidate
rd-2bdb57a16ac947928259bc87,,family-location-trigger-shared-context,Pick up the dry cleaning for the launch with Elena Costa at Farm Boy on Fri Aug 7 at 14:00.,"{""ambiguity_policy"":""act"",""item_count"":1,""items"":[{""date"":""Fri Aug 7"",""facts"":[""pick up the dry cleaning for the launch""],""forbidden_facts"":[],""location"":""Farm Boy"",""needs_review"":false,""negation"":false,""person"":""Elena Costa"",""prohibition"":false,""recurrence"":null,""route"":""Today"",""state"":""outstanding"",""time"":""14:00"",""title"":""pick up the dry cleaning for the launch"",""type"":""reminder""}],""operations"":[],""shared_context"":{""location"":null,""person"":null,""temporal"":null}}","{""items"":[{""analysis"":""Pick up the dry cleaning for the launch with Elena Costa at Farm Boy on Fri Aug 7 at 2:00 pm."",""delivery"":""none"",""due"":1786125600,""location"":""nil"",""needsReview"":false,""person"":null,""quote"":""Pick up the dry cleaning for the launch with Elena Costa at Farm Boy on Fri Aug 7 at 2:00 pm."",""rawQuote"":""Pick up the dry cleaning for the launch with Elena Costa at Farm Boy on Fri Aug 7 at 14:00"",""recurrence"":""nil"",""reminder"":null,""route"":""Today"",""state"":""resolved"",""title"":""Pick up the dry cleaning for the launch with Elena Costa at Farm Boy on Fri Aug 7 at 2:00 pm"",""type"":""task"",""wasRepaired"":true}],""operations"":[],""text"":""Pick up the dry cleaning for the launch with Elena Costa at Farm Boy on Fri Aug 7 at 14:00.""}",location_preservation|person_preservation|time_preservation|type:a8ea155a6d94fb7f,failure|hash_random_fill
rd-289143a70df0a436e20ec018,rambling-introduction,family-partial-review-relative-date,"Let me put this down while I remember: I'm not sure whether this is a task or just something to keep, but I want to remember that follow up about the proposal for the travel plan.","{""ambiguity_policy"":""preserve-only"",""item_count"":1,""items"":[{""date"":null,""facts"":[""follow up about the proposal for the travel plan""],""forbidden_facts"":[],""location"":null,""needs_review"":true,""negation"":false,""person"":null,""prohibition"":false,""recurrence"":null,""route"":""Memory"",""state"":""uncertain"",""time"":null,""title"":""follow up about the proposal for the travel plan"",""type"":""note""}],""operations"":[],""shared_context"":{""location"":null,""person"":null,""temporal"":null}}","{""items"":[{""analysis"":""Let me put this down while I remember: I'm not sure whether this is a task or just something to keep, but I want to remember that follow up about the proposal for the travel plan."",""delivery"":""none"",""due"":null,""location"":""nil"",""needsReview"":true,""person"":null,""quote"":""Let me put this down while I remember: I'm not sure whether this is a task or just something to keep, but I want to remember that follow up about the proposal for the travel plan."",""rawQuote"":""Let me put this down while I remember: I'm not sure whether this is a task or just something to keep, but I want to remember that follow up about the proposal for the travel plan."",""recurrence"":""nil"",""reminder"":null,""route"":""Today"",""state"":""resolved"",""title"":""Let me put this down while I remember: I'm not sure whether this is a task or just something to keep, but I want to remember that follow up about the proposal for the travel plan"",""type"":""task"",""wasRepaired"":false}],""operations"":[],""text"":""Let me put this down while I remember: I'm not sure whether this is a task or just something to keep, but I want to remember that follow up about the proposal for the travel plan.""}",routing|type:d62c75534b014532,phenomenon_coverage|failure|ai_candidate
rd-26f8ca77b69984da96182ae8,relative-date,family-reminder-relative-date,"Tomorrow, Water the basil for the travel plan on Tue Aug 4.","{""ambiguity_policy"":""act"",""item_count"":1,""items"":[{""date"":""Tue Aug 4"",""facts"":[""water the basil for the travel plan""],""forbidden_facts"":[],""location"":null,""needs_review"":false,""negation"":false,""person"":null,""prohibition"":false,""recurrence"":null,""route"":""Today"",""state"":""outstanding"",""time"":null,""title"":""water the basil for the travel plan"",""type"":""reminder""}],""operations"":[],""shared_context"":{""location"":null,""person"":null,""temporal"":null}}","{""items"":[{""analysis"":""Tomorrow Water the basil for the travel plan on Tue Aug 4"",""delivery"":""none"",""due"":1785816000,""location"":""nil"",""needsReview"":false,""person"":null,""quote"":""Water the basil for the travel plan on Tue Aug 4"",""rawQuote"":""Water the basil for the travel plan on Tue Aug 4"",""recurrence"":""nil"",""reminder"":null,""route"":""Today"",""state"":""resolved"",""title"":""Water the basil for the travel plan on Tue Aug 4"",""type"":""task"",""wasRepaired"":false}],""operations"":[],""text"":""Tomorrow, Water the basil for the travel plan on Tue Aug 4.""}",type:177d7631d2f6bfa4,phenomenon_coverage|failure
rd-56f8c7b57899797d2228657b,,family-two-tasks-shared-location-person,I need to print the handouts for the client account with Maya Chen at Farm Boy; and also add this to my list: call Maya about dinner with Maya Chen at Farm Boy.,"{""ambiguity_policy"":""act"",""item_count"":2,""items"":[{""date"":null,""facts"":[""print the handouts for the client account""],""forbidden_facts"":[],""location"":""Farm Boy"",""needs_review"":false,""negation"":false,""person"":""Maya Chen"",""prohibition"":false,""recurrence"":null,""route"":""Today"",""state"":""outstanding"",""time"":null,""title"":""print the handouts for the client account"",""type"":""task""},{""date"":null,""facts"":[""call Maya about dinner""],""forbidden_facts"":[],""location"":""Farm Boy"",""needs_review"":false,""negation"":false,""person"":""Maya Chen"",""prohibition"":false,""recurrence"":null,""route"":""Today"",""state"":""outstanding"",""time"":null,""title"":""call Maya about dinner"",""type"":""task""}],""operations"":[],""shared_context"":{""location"":""Farm Boy"",""person"":""Maya Chen"",""temporal"":null}}","{""items"":[{""analysis"":""I need to print the handouts for the client account with Maya Chen at Farm Boy"",""delivery"":""none"",""due"":null,""location"":""nil"",""needsReview"":false,""person"":null,""quote"":""I need to print the handouts for the client account with Maya Chen at Farm Boy"",""rawQuote"":""I need to print the handouts for the client account with Maya Chen at Farm Boy"",""recurrence"":""nil"",""reminder"":null,""route"":""Today"",""state"":""resolved"",""title"":""Print the handouts for the client account with Maya Chen at Farm Boy"",""type"":""task"",""wasRepaired"":false},{""analysis"":""add this to my list:"",""delivery"":""none"",""due"":null,""location"":""nil"",""needsReview"":false,""person"":null,""quote"":""add this to my list:"",""rawQuote"":""add this to my list:"",""recurrence"":""nil"",""reminder"":null,""route"":""Today"",""state"":""resolved"",""title"":""Add this to my list"",""type"":""task"",""wasRepaired"":false},{""analysis"":""call Maya about dinner with Maya Chen at Farm Boy"",""delivery"":""none"",""due"":null,""location"":""nil"",""needsReview"":false,""person"":""Maya"",""quote"":""call Maya about dinner with Maya Chen at Farm Boy"",""rawQuote"":""call Maya about dinner with Maya Chen at Farm Boy"",""recurrence"":""nil"",""reminder"":null,""route"":""Today"",""state"":""resolved"",""title"":""Call Maya about dinner with Maya Chen at Farm Boy"",""type"":""personFollowUp"",""wasRepaired"":false}],""operations"":[],""text"":""I need to print the handouts for the client account with Maya Chen at Farm Boy; and also add this to my list: call Maya about dinner with Maya Chen at Farm Boy.""}",item_count|location_preservation|over_split|person_preservation|routing|type|wrong_merge:7a4b1f0a4471c5d1,failure|compound_failure|unusual_item_count|ai_candidate|hash_random_fill
rd-535800ad542284e732388ff8,,family-location-trigger-person,Pick up the dry cleaning for the client account with Maya Chen at Farm Boy.,"{""ambiguity_policy"":""act"",""item_count"":1,""items"":[{""date"":null,""facts"":[""pick up the dry cleaning for the client account""],""forbidden_facts"":[],""location"":""Farm Boy"",""needs_review"":false,""negation"":false,""person"":""Maya Chen"",""prohibition"":false,""recurrence"":null,""route"":""Today"",""state"":""outstanding"",""time"":null,""title"":""pick up the dry cleaning for the client account"",""type"":""reminder""}],""operations"":[],""shared_context"":{""location"":null,""person"":null,""temporal"":null}}","{""items"":[{""analysis"":""Pick up the dry cleaning for the client account with Maya Chen at Farm Boy."",""delivery"":""none"",""due"":null,""location"":""nil"",""needsReview"":false,""person"":null,""quote"":""Pick up the dry cleaning for the client account with Maya Chen at Farm Boy."",""rawQuote"":""Pick up the dry cleaning for the client account with Maya Chen at Farm Boy."",""recurrence"":""nil"",""reminder"":null,""route"":""Today"",""state"":""resolved"",""title"":""Pick up the dry cleaning for the client account with Maya Chen at Farm Boy"",""type"":""task"",""wasRepaired"":false}],""operations"":[],""text"":""Pick up the dry cleaning for the client account with Maya Chen at Farm Boy.""}",location_preservation|person_preservation|type:3c9b7a511157e6da,failure|hash_random_fill
rd-fc26902539dc168b9eb6a551,self-correction-person|hesitation|multiple-tasks|numbered-list|sign-off-trailing-noise,family-two-independent-tasks-shared-context,"Okay, two things. First, make sure I remember to buy oat milk for the launch with Elena Costa at Farm Boy on Fri Aug 7 at 14:00; then I need to call Maya about dinner, okay that's all.","{""ambiguity_policy"":""act"",""item_count"":2,""items"":[{""date"":""Fri Aug 7"",""facts"":[""buy oat milk for the launch""],""forbidden_facts"":[],""location"":""Farm Boy"",""needs_review"":false,""negation"":false,""person"":""Elena Costa"",""prohibition"":false,""recurrence"":null,""route"":""Today"",""state"":""outstanding"",""time"":""14:00"",""title"":""buy oat milk for the launch"",""type"":""task""},{""date"":null,""facts"":[""call Maya about dinner""],""forbidden_facts"":[],""location"":null,""needs_review"":false,""negation"":false,""person"":null,""prohibition"":false,""recurrence"":null,""route"":""Today"",""state"":""outstanding"",""time"":null,""title"":""call Maya about dinner"",""type"":""task""}],""operations"":[],""shared_context"":{""location"":null,""person"":null,""temporal"":null}}","{""items"":[{""analysis"":""two things"",""delivery"":""none"",""due"":null,""location"":""nil"",""needsReview"":false,""person"":null,""quote"":""two things"",""rawQuote"":""two things"",""recurrence"":""nil"",""reminder"":null,""route"":""Memory"",""state"":""resolved"",""title"":""Two things"",""type"":""note"",""wasRepaired"":false},{""analysis"":""make sure I remember to buy oat milk for the launch with Elena Costa at Farm Boy on Fri Aug 7 at 2:00 pm"",""delivery"":""none"",""due"":1786125600,""location"":""nil"",""needsReview"":false,""person"":null,""quote"":""make sure I remember to buy oat milk for the launch with Elena Costa at Farm Boy on Fri Aug 7 at 2:00 pm"",""rawQuote"":""make sure I remember to buy oat milk for the launch with Elena Costa at Farm Boy on Fri Aug 7 at 14:00; then"",""recurrence"":""nil"",""reminder"":null,""route"":""Today"",""state"":""resolved"",""title"":""Buy oat milk for the launch with Elena Costa at Farm Boy on Fri Aug 7 at 2:00 pm"",""type"":""shopping"",""wasRepaired"":true},{""analysis"":""I need to call Maya about dinner, okay that's all"",""delivery"":""none"",""due"":null,""location"":""nil"",""needsReview"":false,""person"":""Maya"",""quote"":""I need to call Maya about dinner, okay that's all"",""rawQuote"":""I need to call Maya about dinner, okay that's all"",""recurrence"":""nil"",""reminder"":null,""route"":""Today"",""state"":""resolved"",""title"":""Call Maya about dinner, okay that's all"",""type"":""personFollowUp"",""wasRepaired"":false}],""operations"":[],""text"":""Okay, two things. First, make sure I remember to buy oat milk for the launch with Elena Costa at Farm Boy on Fri Aug 7 at 14:00; then I need to call Maya about dinner, okay that's all.""}",date_preservation|item_count|location_preservation|over_split|person_preservation|routing|time_preservation|type|wrong_merge:db1ec0a9416b5b37,phenomenon_coverage|multi_phenomenon|failure|compound_failure|unusual_item_count|ai_candidate
rd-f324dbd70be8923226ff5c7e,,family-ambiguous-review-shared-context,Maybe send the document to her for the launch with Elena Costa…,"{""ambiguity_policy"":""review"",""item_count"":1,""items"":[{""date"":null,""facts"":[""send the document to her for the launch""],""forbidden_facts"":[],""location"":null,""needs_review"":true,""negation"":false,""person"":""Elena Costa"",""prohibition"":false,""recurrence"":null,""route"":""Memory"",""state"":""uncertain"",""time"":null,""title"":""send the document to her for the launch"",""type"":""note""}],""operations"":[],""shared_context"":{""location"":null,""person"":null,""temporal"":null}}","{""items"":[{""analysis"":""Maybe send the document to her for the launch with Elena Costa…"",""delivery"":""none"",""due"":null,""location"":""nil"",""needsReview"":false,""person"":null,""quote"":""Maybe send the document to her for the launch with Elena Costa…"",""rawQuote"":""Maybe send the document to her for the launch with Elena Costa…"",""recurrence"":""nil"",""reminder"":null,""route"":""Today"",""state"":""resolved"",""title"":""Send the document to her for the launch with Elena Costa…"",""type"":""task"",""wasRepaired"":false}],""operations"":[],""text"":""Maybe send the document to her for the launch with Elena Costa…""}",person_preservation|review_ambiguity_behavior|routing|type:6185011130765d60,failure|hash_random_fill
rd-028180db3331d7d6ec706ebb,hesitation|rambling-introduction|sign-off-trailing-noise,family-single-task-relative-date,"Uh, quick thing: I need a reminder to send the project update for the travel plan on Tue Aug 4. Anyway, thanks.","{""ambiguity_policy"":""act"",""item_count"":1,""items"":[{""date"":""Tue Aug 4"",""facts"":[""send the project update for the travel plan""],""forbidden_facts"":[],""location"":null,""needs_review"":false,""negation"":false,""person"":null,""prohibition"":false,""recurrence"":null,""route"":""Today"",""state"":""outstanding"",""time"":null,""title"":""send the project update for the travel plan"",""type"":""task""}],""operations"":[],""shared_context"":{""location"":null,""person"":null,""temporal"":null}}","{""items"":[{""analysis"":""quick thing: I need a reminder to send the project update for the travel plan on Tue Aug 4. Anyway, thanks."",""delivery"":""none"",""due"":null,""location"":""nil"",""needsReview"":true,""person"":null,""quote"":""quick thing: I need a reminder to send the project update for the travel plan on Tue Aug 4. Anyway, thanks."",""rawQuote"":""quick thing: I need a reminder to send the project update for the travel plan on Tue Aug 4. Anyway, thanks"",""recurrence"":""nil"",""reminder"":null,""route"":""Memory"",""state"":""resolved"",""title"":""Review captured thought"",""type"":""unclear"",""wasRepaired"":false}],""operations"":[],""text"":""Uh, quick thing: I need a reminder to send the project update for the travel plan on Tue Aug 4. Anyway, thanks.""}",date_preservation|routing|type:1ac8d12e565eb389,phenomenon_coverage|multi_phenomenon|failure|ai_candidate
rd-9f0806276425043ccf38e351,,family-ambiguous-review-priority-context,Maybe send the document to her for the tax filing with Hope Reed…,"{""ambiguity_policy"":""review"",""item_count"":1,""items"":[{""date"":null,""facts"":[""send the document to her for the tax filing""],""forbidden_facts"":[],""location"":null,""needs_review"":true,""negation"":false,""person"":""Hope Reed"",""prohibition"":false,""recurrence"":null,""route"":""Memory"",""state"":""uncertain"",""time"":null,""title"":""send the document to her for the tax filing"",""type"":""note""}],""operations"":[],""shared_context"":{""location"":null,""person"":null,""temporal"":null}}","{""items"":[{""analysis"":""Maybe send the document to her for the tax filing with Hope Reed…"",""delivery"":""none"",""due"":null,""location"":""nil"",""needsReview"":false,""person"":null,""quote"":""Maybe send the document to her for the tax filing with Hope Reed…"",""rawQuote"":""Maybe send the document to her for the tax filing with Hope Reed…"",""recurrence"":""nil"",""reminder"":null,""route"":""Today"",""state"":""resolved"",""title"":""Send the document to her for the tax filing with Hope Reed…"",""type"":""task"",""wasRepaired"":false}],""operations"":[],""text"":""Maybe send the document to her for the tax filing with Hope Reed…""}",person_preservation|review_ambiguity_behavior|routing|type:6185011130765d60,failure|hash_random_fill
rd-0f8cddebe1a129e08cf99e83,,family-reminder-plain,Water the basil for the core project.,"{""ambiguity_policy"":""act"",""item_count"":1,""items"":[{""date"":null,""facts"":[""water the basil for the core project""],""forbidden_facts"":[],""location"":null,""needs_review"":false,""negation"":false,""person"":null,""prohibition"":false,""recurrence"":null,""route"":""Today"",""state"":""outstanding"",""time"":null,""title"":""water the basil for the core project"",""type"":""reminder""}],""operations"":[],""shared_context"":{""location"":null,""person"":null,""temporal"":null}}","{""items"":[{""analysis"":""Water the basil for the core project."",""delivery"":""none"",""due"":null,""location"":""nil"",""needsReview"":false,""person"":null,""quote"":""Water the basil for the core project."",""rawQuote"":""Water the basil for the core project."",""recurrence"":""nil"",""reminder"":null,""route"":""Today"",""state"":""resolved"",""title"":""Water the basil for the core project"",""type"":""task"",""wasRepaired"":false}],""operations"":[],""text"":""Water the basil for the core project.""}",type:177d7631d2f6bfa4,failure|hash_random_fill
rd-e87098b82802c34cefe3b6f5,self-correction-time|hesitation|sign-off-trailing-noise,family-time-correction-plain,"At three— no, at 16:00. remind me to call the clinic for the core project on Tue Aug 4 at 16:00, okay that's all.","{""ambiguity_policy"":""act"",""item_count"":1,""items"":[{""date"":""Tue Aug 4"",""facts"":[""call the clinic for the core project""],""forbidden_facts"":[""15:00""],""location"":null,""needs_review"":false,""negation"":false,""person"":null,""prohibition"":false,""recurrence"":null,""route"":""Today"",""state"":""outstanding"",""time"":""16:00"",""title"":""call the clinic for the core project"",""type"":""task""}],""operations"":[],""shared_context"":{""location"":null,""person"":null,""temporal"":null}}","{""items"":[{""analysis"":""At 4:00 pm"",""delivery"":""none"",""due"":1785787200,""location"":""nil"",""needsReview"":false,""person"":null,""quote"":""At 4:00 pm"",""rawQuote"":""At three— no, at 16:00. remind"",""recurrence"":""nil"",""reminder"":null,""route"":""Today"",""state"":""resolved"",""title"":""At 4:00 pm"",""type"":""event"",""wasRepaired"":true},{""analysis"":""remind me to call the clinic for the core project on Tue Aug 4 at 4:00 pm, okay that's all"",""delivery"":""notification"",""due"":1785873600,""location"":""nil"",""needsReview"":false,""person"":null,""quote"":""remind me to call the clinic for the core project on Tue Aug 4 at 4:00 pm, okay that's all"",""rawQuote"":""remind me to call the clinic for the core project on Tue Aug 4 at 16:00, okay that's all"",""recurrence"":""nil"",""reminder"":1785873600,""route"":""Today"",""state"":""resolved"",""title"":""Call the clinic for the core project on Tue Aug 4 at 4:00 pm, okay that's all"",""type"":""task"",""wasRepaired"":true}],""operations"":[],""text"":""At three— no, at 16:00. remind me to call the clinic for the core project on Tue Aug 4 at 16:00, okay that's all.""}",item_count|over_split|routing|time_preservation|type|wrong_merge:5e5842ef74e4a709,phenomenon_coverage|multi_phenomenon|failure|compound_failure|unusual_item_count|ai_candidate
rd-db9f4d2c57fec3ae450d9104,,family-partial-review-plain,Maybe follow up about the proposal for the core project…,"{""ambiguity_policy"":""preserve-only"",""item_count"":1,""items"":[{""date"":null,""facts"":[""follow up about the proposal for the core project""],""forbidden_facts"":[],""location"":null,""needs_review"":true,""negation"":false,""person"":null,""prohibition"":false,""recurrence"":null,""route"":""Memory"",""state"":""uncertain"",""time"":null,""title"":""follow up about the proposal for the core project"",""type"":""note""}],""operations"":[],""shared_context"":{""location"":null,""person"":null,""temporal"":null}}","{""items"":[{""analysis"":""Maybe follow up about the proposal for the core project…"",""delivery"":""none"",""due"":null,""location"":""nil"",""needsReview"":false,""person"":null,""quote"":""Maybe follow up about the proposal for the core project…"",""rawQuote"":""Maybe follow up about the proposal for the core project…"",""recurrence"":""nil"",""reminder"":null,""route"":""Today"",""state"":""resolved"",""title"":""Follow up about the proposal for the core project…"",""type"":""task"",""wasRepaired"":false}],""operations"":[],""text"":""Maybe follow up about the proposal for the core project…""}",review_ambiguity_behavior|routing|type:f8100f4eecde71a2,failure|hash_random_fill
rd-6a3ec38fcab312bf19961367,,family-exact-date-time-relative-date,Join the dentist appointment for the travel plan on Tue Aug 4 at 16:15.,"{""ambiguity_policy"":""act"",""item_count"":1,""items"":[{""date"":""Tue Aug 4"",""facts"":[""join the dentist appointment for the travel plan""],""forbidden_facts"":[],""location"":null,""needs_review"":false,""negation"":false,""person"":null,""prohibition"":false,""recurrence"":null,""route"":""Today"",""state"":""outstanding"",""time"":""16:15"",""title"":""join the dentist appointment for the travel plan"",""type"":""reminder""}],""operations"":[],""shared_context"":{""location"":null,""person"":null,""temporal"":null}}","{""items"":[{""analysis"":""Join the dentist appointment for the travel plan on Tue Aug 4 at 4:15 pm."",""delivery"":""none"",""due"":1785874500,""location"":""nil"",""needsReview"":false,""person"":null,""quote"":""Join the dentist appointment for the travel plan on Tue Aug 4 at 4:15 pm."",""rawQuote"":""Join the dentist appointment for the travel plan on Tue Aug 4 at 16:15"",""recurrence"":""nil"",""reminder"":null,""route"":""Today"",""state"":""resolved"",""title"":""Join the dentist appointment for the travel plan on Tue Aug 4 at 4:15 pm"",""type"":""event"",""wasRepaired"":true}],""operations"":[],""text"":""Join the dentist appointment for the travel plan on Tue Aug 4 at 16:15.""}",time_preservation|type:956fb00c919831ff,failure|hash_random_fill
rd-493e1e969bdf5f2e530c923c,,family-negative-statement-relative-date,Make a note that the invoice was not sent for the travel plan on Tue Aug 4.,"{""ambiguity_policy"":""act"",""item_count"":1,""items"":[{""date"":""Tue Aug 4"",""facts"":[""record that the invoice was not sent for the travel plan""],""forbidden_facts"":[],""location"":null,""needs_review"":false,""negation"":true,""person"":null,""prohibition"":false,""recurrence"":null,""route"":""Memory"",""state"":""informational"",""time"":null,""title"":""record that the invoice was not sent for the travel plan"",""type"":""memory""}],""operations"":[],""shared_context"":{""location"":null,""person"":null,""temporal"":null}}","{""items"":[{""analysis"":""Make a note that the invoice was not sent for the travel plan on Tue Aug 4."",""delivery"":""none"",""due"":null,""location"":""nil"",""needsReview"":false,""person"":null,""quote"":""Make a note that the invoice was not sent for the travel plan on Tue Aug 4."",""rawQuote"":""Make a note that the invoice was not sent for the travel plan on Tue Aug 4."",""recurrence"":""nil"",""reminder"":null,""route"":""Memory"",""state"":""resolved"",""title"":""The invoice was not sent for the travel plan on Tue Aug 4"",""type"":""note"",""wasRepaired"":false}],""operations"":[],""text"":""Make a note that the invoice was not sent for the travel plan on Tue Aug 4.""}",date_preservation|lost_information|title_content_preservation|type:50673ddbdc4f6d71,safety_critical|failure|ai_candidate
rd-866ba0eb3854ab85663726e1,,family-person-correction-person-time,Send the photos for the interview with Priya Shah on Tue Aug 4 at 09:30.,"{""ambiguity_policy"":""act"",""item_count"":1,""items"":[{""date"":""Tue Aug 4"",""facts"":[""send the photos for the interview""],""forbidden_facts"":[""Maya Chen""],""location"":null,""needs_review"":false,""negation"":false,""person"":""Priya Shah"",""prohibition"":false,""recurrence"":null,""route"":""Today"",""state"":""outstanding"",""time"":""09:30"",""title"":""send the photos for the interview"",""type"":""task""}],""operations"":[],""shared_context"":{""location"":null,""person"":null,""temporal"":null}}","{""items"":[{""analysis"":""Send the photos for the interview with Priya Shah on Tue Aug 4 at 09:30."",""delivery"":""none"",""due"":1785850200,""location"":""nil"",""needsReview"":false,""person"":null,""quote"":""Send the photos for the interview with Priya Shah on Tue Aug 4 at 09:30."",""rawQuote"":""Send the photos for the interview with Priya Shah on Tue Aug 4 at 09:30."",""recurrence"":""nil"",""reminder"":null,""route"":""Today"",""state"":""resolved"",""title"":""Send the photos for the interview with Priya Shah on Tue Aug 4 at 09:30"",""type"":""task"",""wasRepaired"":false}],""operations"":[],""text"":""Send the photos for the interview with Priya Shah on Tue Aug 4 at 09:30.""}",person_preservation|time_preservation:166c60e27900812c,failure|hash_random_fill
rd-cde9a552ff1b97f3cc712c02,,family-change-of-mind-plain,Order the blue notebook for the core project.,"{""ambiguity_policy"":""act"",""item_count"":1,""items"":[{""date"":null,""facts"":[""order the blue notebook for the core project""],""forbidden_facts"":[""order the red notebook""],""location"":null,""needs_review"":false,""negation"":false,""person"":null,""prohibition"":false,""recurrence"":null,""route"":""Today"",""state"":""outstanding"",""time"":null,""title"":""order the blue notebook for the core project"",""type"":""task""}],""operations"":[],""shared_context"":{""location"":null,""person"":null,""temporal"":null}}","{""items"":[{""analysis"":""Order the blue notebook for the core project."",""delivery"":""none"",""due"":null,""location"":""nil"",""needsReview"":false,""person"":null,""quote"":""Order the blue notebook for the core project."",""rawQuote"":""Order the blue notebook for the core project."",""recurrence"":""nil"",""reminder"":null,""route"":""Today"",""state"":""resolved"",""title"":""Order the blue notebook for the core project"",""type"":""shopping"",""wasRepaired"":false}],""operations"":[],""text"":""Order the blue notebook for the core project.""}",type:177d7631d2f6bfa4,failure|hash_random_fill
rd-800af686b1cb9a6e8e6b6b54,self-correction-person,family-person-correction-person,"Do that with Maya— sorry, with Priya. Send the photos for the client account with Priya Shah.","{""ambiguity_policy"":""act"",""item_count"":1,""items"":[{""date"":null,""facts"":[""send the photos for the client account""],""forbidden_facts"":[""Maya Chen""],""location"":null,""needs_review"":false,""negation"":false,""person"":""Priya Shah"",""prohibition"":false,""recurrence"":null,""route"":""Today"",""state"":""outstanding"",""time"":null,""title"":""send the photos for the client account"",""type"":""task""}],""operations"":[],""shared_context"":{""location"":null,""person"":null,""temporal"":null}}","{""items"":[{""analysis"":""with Priya"",""delivery"":""none"",""due"":null,""location"":""nil"",""needsReview"":false,""person"":null,""quote"":""with Priya"",""rawQuote"":""with Maya— sorry, with Priya"",""recurrence"":""nil"",""reminder"":null,""route"":""Memory"",""state"":""resolved"",""title"":""With Priya"",""type"":""note"",""wasRepaired"":true},{""analysis"":""Send the photos for the client account with Priya Shah"",""delivery"":""none"",""due"":null,""location"":""nil"",""needsReview"":false,""person"":null,""quote"":""Send the photos for the client account with Priya Shah"",""rawQuote"":""Send the photos for the client account with Priya Shah"",""recurrence"":""nil"",""reminder"":null,""route"":""Today"",""state"":""resolved"",""title"":""Send the photos for the client account with Priya Shah"",""type"":""task"",""wasRepaired"":false}],""operations"":[],""text"":""Do that with Maya— sorry, with Priya. Send the photos for the client account with Priya Shah.""}",item_count|over_split|person_preservation|routing|type|wrong_merge:4c4ae53501d94c23,phenomenon_coverage|failure|compound_failure|unusual_item_count
rd-61d8bbc25bf9499330b0942e,,family-exact-date-time-exact-time,Join the dentist appointment for the appointment on Thu Aug 6 at 16:15.,"{""ambiguity_policy"":""act"",""item_count"":1,""items"":[{""date"":""Thu Aug 6"",""facts"":[""join the dentist appointment for the appointment""],""forbidden_facts"":[],""location"":null,""needs_review"":false,""negation"":false,""person"":null,""prohibition"":false,""recurrence"":null,""route"":""Today"",""state"":""outstanding"",""time"":""16:15"",""title"":""join the dentist appointment for the appointment"",""type"":""reminder""}],""operations"":[],""shared_context"":{""location"":null,""person"":null,""temporal"":null}}","{""items"":[{""analysis"":""Join the dentist appointment for the appointment on Thu Aug 6 at 4:15 pm."",""delivery"":""none"",""due"":1786047300,""location"":""nil"",""needsReview"":false,""person"":null,""quote"":""Join the dentist appointment for the appointment on Thu Aug 6 at 4:15 pm."",""rawQuote"":""Join the dentist appointment for the appointment on Thu Aug 6 at 16:15"",""recurrence"":""nil"",""reminder"":null,""route"":""Today"",""state"":""resolved"",""title"":""Join the dentist appointment for the appointment on Thu Aug 6 at 4:15 pm"",""type"":""event"",""wasRepaired"":true}],""operations"":[],""text"":""Join the dentist appointment for the appointment on Thu Aug 6 at 16:15.""}",time_preservation|type:956fb00c919831ff,failure|hash_random_fill
rd-e068085bc9c629d492fb518c,hesitation|sign-off-trailing-noise,family-ambiguous-review-person-date,"Hmm, I'm not sure whether this is a task or just something to keep, but remember that send the document to her for the birthday with Priya Shah; yeah, keep that for me.","{""ambiguity_policy"":""review"",""item_count"":1,""items"":[{""date"":null,""facts"":[""send the document to her for the birthday""],""forbidden_facts"":[],""location"":null,""needs_review"":true,""negation"":false,""person"":""Priya Shah"",""prohibition"":false,""recurrence"":null,""route"":""Memory"",""state"":""uncertain"",""time"":null,""title"":""send the document to her for the birthday"",""type"":""note""}],""operations"":[],""shared_context"":{""location"":null,""person"":null,""temporal"":null}}","{""items"":[{""analysis"":""I'm not sure whether this is a task or just something to keep, but remember that send the document to her for the birthday with Priya Shah"",""delivery"":""none"",""due"":null,""location"":""nil"",""needsReview"":false,""person"":null,""quote"":""I'm not sure whether this is a task or just something to keep, but remember that send the document to her for the birthday with Priya Shah"",""rawQuote"":""I'm not sure whether this is a task or just something to keep, but remember that send the document to her for the birthday with Priya Shah"",""recurrence"":""nil"",""reminder"":null,""route"":""Memory"",""state"":""resolved"",""title"":""I'm not sure whether this is a task or just something to keep, but remember that send the document to her for the birthday with Priya Shah"",""type"":""note"",""wasRepaired"":false},{""analysis"":""yeah, keep that for me"",""delivery"":""none"",""due"":null,""location"":""nil"",""needsReview"":false,""person"":null,""quote"":""yeah, keep that for me"",""rawQuote"":""yeah, keep that for me"",""recurrence"":""nil"",""reminder"":null,""route"":""Today"",""state"":""resolved"",""title"":""Keep that for me"",""type"":""task"",""wasRepaired"":false}],""operations"":[],""text"":""Hmm, I'm not sure whether this is a task or just something to keep, but remember that send the document to her for the birthday with Priya Shah; yeah, keep that for me.""}",item_count|over_split|person_preservation|review_ambiguity_behavior|routing|type|wrong_merge:94983156efe3d36c,phenomenon_coverage|multi_phenomenon|failure|compound_failure|unusual_item_count|ai_candidate
rd-58eb577103217251110733df,,family-event-shared-context,Attend the planning session for the launch with Elena Costa at Farm Boy on Fri Aug 7 at 14:00.,"{""ambiguity_policy"":""act"",""item_count"":1,""items"":[{""date"":""Fri Aug 7"",""facts"":[""attend the planning session for the launch""],""forbidden_facts"":[],""location"":""Farm Boy"",""needs_review"":false,""negation"":false,""person"":""Elena Costa"",""prohibition"":false,""recurrence"":null,""route"":""Today"",""state"":""outstanding"",""time"":""14:00"",""title"":""attend the planning session for the launch"",""type"":""event""}],""operations"":[],""shared_context"":{""location"":null,""person"":null,""temporal"":null}}","{""items"":[{""analysis"":""Attend the planning session for the launch with Elena Costa at Farm Boy on Fri Aug 7 at 2:00 pm."",""delivery"":""none"",""due"":1786125600,""location"":""nil"",""needsReview"":false,""person"":null,""quote"":""Attend the planning session for the launch with Elena Costa at Farm Boy on Fri Aug 7 at 2:00 pm."",""rawQuote"":""Attend the planning session for the launch with Elena Costa at Farm Boy on Fri Aug 7 at 14:00"",""recurrence"":""nil"",""reminder"":null,""route"":""Today"",""state"":""resolved"",""title"":""Attend the planning session for the launch with Elena Costa at Farm Boy on Fri Aug 7 at 2:00 pm"",""type"":""task"",""wasRepaired"":true}],""operations"":[],""text"":""Attend the planning session for the launch with Elena Costa at Farm Boy on Fri Aug 7 at 14:00.""}",location_preservation|person_preservation|time_preservation|type:a8ea155a6d94fb7f,failure|hash_random_fill
rd-d0caf76e404a58546dcc0a96,,family-task-plus-memory-plain,"Book the train for the core project. Also, Maya prefers the quiet car with Maya Chen.","{""ambiguity_policy"":""act"",""item_count"":2,""items"":[{""date"":null,""facts"":[""book the train for the core project""],""forbidden_facts"":[],""location"":null,""needs_review"":false,""negation"":false,""person"":null,""prohibition"":false,""recurrence"":null,""route"":""Today"",""state"":""outstanding"",""time"":null,""title"":""book the train for the core project"",""type"":""task""},{""date"":null,""facts"":[""Maya prefers the quiet car""],""forbidden_facts"":[],""location"":null,""needs_review"":false,""negation"":false,""person"":""Maya Chen"",""prohibition"":false,""recurrence"":null,""route"":""Memory"",""state"":""informational"",""time"":null,""title"":""Maya prefers the quiet car"",""type"":""memory""}],""operations"":[],""shared_context"":{""location"":null,""person"":null,""temporal"":null}}","{""items"":[{""analysis"":""Book the train for the core project"",""delivery"":""none"",""due"":null,""location"":""nil"",""needsReview"":false,""person"":null,""quote"":""Book the train for the core project"",""rawQuote"":""Book the train for the core project"",""recurrence"":""nil"",""reminder"":null,""route"":""Today"",""state"":""resolved"",""title"":""Book the train for the core project"",""type"":""task"",""wasRepaired"":false},{""analysis"":""Maya prefers the quiet car with Maya Chen"",""delivery"":""none"",""due"":null,""location"":""nil"",""needsReview"":false,""person"":""Maya"",""quote"":""Maya prefers the quiet car with Maya Chen"",""rawQuote"":""Maya prefers the quiet car with Maya Chen"",""recurrence"":""nil"",""reminder"":null,""route"":""Memory"",""state"":""resolved"",""title"":""Maya prefers the quiet car with Maya Chen"",""type"":""note"",""wasRepaired"":false}],""operations"":[],""text"":""Book the train for the core project. Also, Maya prefers the quiet car with Maya Chen.""}",type:177d7631d2f6bfa4,failure|hash_random_fill
rd-b4e5762c21d00b8f8630c1fb,,family-two-tasks-shared-location-person-date,"Print the handouts for the birthday with Priya Shah at Farm Boy on Tue Aug 4. Also, call Maya about dinner with Priya Shah at Farm Boy on Tue Aug 4.","{""ambiguity_policy"":""act"",""item_count"":2,""items"":[{""date"":""Tue Aug 4"",""facts"":[""print the handouts for the birthday""],""forbidden_facts"":[],""location"":""Farm Boy"",""needs_review"":false,""negation"":false,""person"":""Priya Shah"",""prohibition"":false,""recurrence"":null,""route"":""Today"",""state"":""outstanding"",""time"":null,""title"":""print the handouts for the birthday"",""type"":""task""},{""date"":""Tue Aug 4"",""facts"":[""call Maya about dinner""],""forbidden_facts"":[],""location"":""Farm Boy"",""needs_review"":false,""negation"":false,""person"":""Priya Shah"",""prohibition"":false,""recurrence"":null,""route"":""Today"",""state"":""outstanding"",""time"":null,""title"":""call Maya about dinner"",""type"":""task""}],""operations"":[],""shared_context"":{""location"":""Farm Boy"",""person"":""Priya Shah"",""temporal"":null}}","{""items"":[{""analysis"":""Print the handouts for the birthday with Priya Shah at Farm Boy on Tue Aug 4"",""delivery"":""none"",""due"":1785816000,""location"":""nil"",""needsReview"":false,""person"":null,""quote"":""Print the handouts for the birthday with Priya Shah at Farm Boy on Tue Aug 4"",""rawQuote"":""Print the handouts for the birthday with Priya Shah at Farm Boy on Tue Aug 4"",""recurrence"":""nil"",""reminder"":null,""route"":""Today"",""state"":""resolved"",""title"":""Print the handouts for the birthday with Priya Shah at Farm Boy on Tue Aug 4"",""type"":""task"",""wasRepaired"":false},{""analysis"":""call Maya about dinner with Priya Shah at Farm Boy on Tue Aug 4"",""delivery"":""none"",""due"":1785816000,""location"":""nil"",""needsReview"":false,""person"":""Maya"",""quote"":""call Maya about dinner with Priya Shah at Farm Boy on Tue Aug 4"",""rawQuote"":""call Maya about dinner with Priya Shah at Farm Boy on Tue Aug 4"",""recurrence"":""nil"",""reminder"":null,""route"":""Today"",""state"":""resolved"",""title"":""Call Maya about dinner with Priya Shah at Farm Boy on Tue Aug 4"",""type"":""personFollowUp"",""wasRepaired"":false}],""operations"":[],""text"":""Print the handouts for the birthday with Priya Shah at Farm Boy on Tue Aug 4. Also, call Maya about dinner with Priya Shah at Farm Boy on Tue Aug 4.""}",location_preservation|person_preservation|type:3c9b7a511157e6da,failure|hash_random_fill
rd-167e81dc1006bcb213d6923c,restart,family-single-task-plain,Start over: Send the project update for the core project.,"{""ambiguity_policy"":""act"",""item_count"":1,""items"":[{""date"":null,""facts"":[""send the project update for the core project""],""forbidden_facts"":[],""location"":null,""needs_review"":false,""negation"":false,""person"":null,""prohibition"":false,""recurrence"":null,""route"":""Today"",""state"":""outstanding"",""time"":null,""title"":""send the project update for the core project"",""type"":""task""}],""operations"":[],""shared_context"":{""location"":null,""person"":null,""temporal"":null}}","{""items"":[{""analysis"":""Start over:"",""delivery"":""none"",""due"":null,""location"":""nil"",""needsReview"":false,""person"":null,""quote"":""Start over:"",""rawQuote"":""Start over:"",""recurrence"":""nil"",""reminder"":null,""route"":""Today"",""state"":""resolved"",""title"":""Start over"",""type"":""task"",""wasRepaired"":false},{""analysis"":""Send the project update for the core project"",""delivery"":""none"",""due"":null,""location"":""nil"",""needsReview"":false,""person"":null,""quote"":""Send the project update for the core project"",""rawQuote"":""Send the project update for the core project"",""recurrence"":""nil"",""reminder"":null,""route"":""Today"",""state"":""resolved"",""title"":""Send the project update for the core project"",""type"":""task"",""wasRepaired"":false}],""operations"":[],""text"":""Start over: Send the project update for the core project.""}",item_count|over_split|routing|type|wrong_merge:41caf148a3bc59f8,phenomenon_coverage|failure|compound_failure|unusual_item_count
rd-c9ee8a24105e279e4d979ab0,false-start|restart|sign-off-trailing-noise,family-idea-plain,"Wait, scratch that opening. a note for later: try a walking meeting for the core project, okay that's all.","{""ambiguity_policy"":""act"",""item_count"":1,""items"":[{""date"":null,""facts"":[""try a walking meeting for the core project""],""forbidden_facts"":[],""location"":null,""needs_review"":false,""negation"":false,""person"":null,""prohibition"":false,""recurrence"":null,""route"":""Memory"",""state"":""informational"",""time"":null,""title"":""try a walking meeting for the core project"",""type"":""idea""}],""operations"":[],""shared_context"":{""location"":null,""person"":null,""temporal"":null}}","{""items"":[{""analysis"":""okay that's all"",""delivery"":""none"",""due"":null,""location"":""nil"",""needsReview"":false,""person"":null,""quote"":""okay that's all"",""rawQuote"":""okay that's all"",""recurrence"":""nil"",""reminder"":null,""route"":""Memory"",""state"":""resolved"",""title"":""That's all"",""type"":""note"",""wasRepaired"":false}],""operations"":[{""operation"":""cancel"",""scoped"":false,""target"":""that opening. a note for later: try a walking meeting for the core project""}],""text"":""Wait, scratch that opening. a note for later: try a walking meeting for the core project, okay that's all.""}",cancellation_correctness|lost_information|title_content_preservation|type:20657c0a3527b7e6,phenomenon_coverage|multi_phenomenon|failure|ai_candidate
rd-3bfec64fa338c68e5df6f647,,family-change-of-mind-weekend-context,Order the blue notebook for the family trip with Xochitl Rivera at Farm Boy on Sat Aug 8 at 11:00.,"{""ambiguity_policy"":""act"",""item_count"":1,""items"":[{""date"":""Sat Aug 8"",""facts"":[""order the blue notebook for the family trip""],""forbidden_facts"":[""order the red notebook""],""location"":""Farm Boy"",""needs_review"":false,""negation"":false,""person"":""Xochitl Rivera"",""prohibition"":false,""recurrence"":null,""route"":""Today"",""state"":""outstanding"",""time"":""11:00"",""title"":""order the blue notebook for the family trip"",""type"":""task""}],""operations"":[],""shared_context"":{""location"":null,""person"":null,""temporal"":null}}","{""items"":[{""analysis"":""Order the blue notebook for the family trip with Xochitl Rivera at Farm Boy on Sat Aug 8 at 11:00."",""delivery"":""none"",""due"":1786201200,""location"":""nil"",""needsReview"":false,""person"":null,""quote"":""Order the blue notebook for the family trip with Xochitl Rivera at Farm Boy on Sat Aug 8 at 11:00."",""rawQuote"":""Order the blue notebook for the family trip with Xochitl Rivera at Farm Boy on Sat Aug 8 at 11:00."",""recurrence"":""nil"",""reminder"":null,""route"":""Today"",""state"":""resolved"",""title"":""Order the blue notebook for the family trip with Xochitl Rivera at Farm Boy on Sat Aug 8 at 11:00"",""type"":""shopping"",""wasRepaired"":false}],""operations"":[],""text"":""Order the blue notebook for the family trip with Xochitl Rivera at Farm Boy on Sat Aug 8 at 11:00.""}",location_preservation|person_preservation|time_preservation|type:a8ea155a6d94fb7f,failure|hash_random_fill
rd-c1257996f9e1c59b05be9303,prohibition,family-prohibition-plain,Do not Do not send the confidential draft for the core project.,"{""ambiguity_policy"":""act"",""item_count"":1,""items"":[{""date"":null,""facts"":[""send the confidential draft for the core project""],""forbidden_facts"":[],""location"":null,""needs_review"":false,""negation"":true,""person"":null,""prohibition"":true,""recurrence"":null,""route"":""Today"",""state"":""outstanding"",""time"":null,""title"":""send the confidential draft for the core project"",""type"":""task""}],""operations"":[],""shared_context"":{""location"":null,""person"":null,""temporal"":null}}","{""items"":[],""operations"":[{""operation"":""cancel"",""scoped"":false,""target"":""do not send the confidential draft for the core project""}],""text"":""Do not Do not send the confidential draft for the core project.""}",cancellation_correctness|date_preservation|false_negative_item_creation|item_count|location_preservation|lost_information|person_preservation|recurrence_preservation|routing|time_preservation|title_content_preservation|type|under_split|wrong_merge:38bbeb4049f60a00,phenomenon_coverage|safety_critical|failure|compound_failure|unusual_item_count|suspicious_synthetic
rd-0a47004478ad367c2b5a061f,,family-completed-action-priority-context,I already file the tax receipt for the tax filing with Hope Reed on Wed Aug 5.,"{""ambiguity_policy"":""act"",""item_count"":1,""items"":[{""date"":""Wed Aug 5"",""facts"":[""file the tax receipt for the tax filing""],""forbidden_facts"":[],""location"":null,""needs_review"":false,""negation"":false,""person"":""Hope Reed"",""prohibition"":false,""recurrence"":null,""route"":""Memory"",""state"":""completed"",""time"":null,""title"":""file the tax receipt for the tax filing"",""type"":""memory""}],""operations"":[],""shared_context"":{""location"":null,""person"":null,""temporal"":null}}","{""items"":[],""operations"":[{""operation"":""complete"",""scoped"":false,""target"":""file the tax receipt for the tax filing with hope reed on wed aug 5""}],""text"":""I already file the tax receipt for the tax filing with Hope Reed on Wed Aug 5.""}",cancellation_correctness|date_preservation|false_negative_item_creation|item_count|location_preservation|lost_information|person_preservation|recurrence_preservation|routing|time_preservation|title_content_preservation|type|under_split|wrong_merge:38bbeb4049f60a00,failure|compound_failure|unusual_item_count|ai_candidate|hash_random_fill
rd-b4dae0def82645093ea27f35,rambling-introduction|sign-off-trailing-noise,family-location-trigger-relative-date,"Before I lose the thought, I need a reminder to pick up the dry cleaning for the travel plan at Farm Boy on Tue Aug 4—okay, done.","{""ambiguity_policy"":""act"",""item_count"":1,""items"":[{""date"":""Tue Aug 4"",""facts"":[""pick up the dry cleaning for the travel plan""],""forbidden_facts"":[],""location"":""Farm Boy"",""needs_review"":false,""negation"":false,""person"":null,""prohibition"":false,""recurrence"":null,""route"":""Today"",""state"":""outstanding"",""time"":null,""title"":""pick up the dry cleaning for the travel plan"",""type"":""reminder""}],""operations"":[],""shared_context"":{""location"":null,""person"":null,""temporal"":null}}","{""items"":[{""analysis"":""Before I lose the thought, I need a reminder to pick up the dry cleaning for the travel plan at Farm Boy on Tue Aug 4—okay, done."",""delivery"":""notification"",""due"":1785816000,""location"":""nil"",""needsReview"":false,""person"":null,""quote"":""Before I lose the thought, I need a reminder to pick up the dry cleaning for the travel plan at Farm Boy on Tue Aug 4—okay, done."",""rawQuote"":""Before I lose the thought, I need a reminder to pick up the dry cleaning for the travel plan at Farm Boy on Tue Aug 4—okay, done."",""recurrence"":""nil"",""reminder"":1785848400,""route"":""Today"",""state"":""resolved"",""title"":""Before I lose the thought, I need a reminder to pick up the dry cleaning for the travel plan at Farm Boy on Tue Aug 4—okay, done"",""type"":""task"",""wasRepaired"":false}],""operations"":[],""text"":""Before I lose the thought, I need a reminder to pick up the dry cleaning for the travel plan at Farm Boy on Tue Aug 4—okay, done.""}",location_preservation|time_preservation|type:72062a5c2647fac3,phenomenon_coverage|multi_phenomenon|failure|ai_candidate
rd-7c0885cbe76e84457af30a9f,self-correction-time|hesitation|sign-off-trailing-noise,family-exact-date-time-relative-date,"At three— no, at 16:15. remind me to join the dentist appointment for the travel plan on Tue Aug 4 at 16:15, okay that's all.","{""ambiguity_policy"":""act"",""item_count"":1,""items"":[{""date"":""Tue Aug 4"",""facts"":[""join the dentist appointment for the travel plan""],""forbidden_facts"":[],""location"":null,""needs_review"":false,""negation"":false,""person"":null,""prohibition"":false,""recurrence"":null,""route"":""Today"",""state"":""outstanding"",""time"":""16:15"",""title"":""join the dentist appointment for the travel plan"",""type"":""reminder""}],""operations"":[],""shared_context"":{""location"":null,""person"":null,""temporal"":null}}","{""items"":[{""analysis"":""At 4:15 pm"",""delivery"":""none"",""due"":1785788100,""location"":""nil"",""needsReview"":false,""person"":null,""quote"":""At 4:15 pm"",""rawQuote"":""At three— no, at 16:15. remind"",""recurrence"":""nil"",""reminder"":null,""route"":""Today"",""state"":""resolved"",""title"":""At 4:15 pm"",""type"":""event"",""wasRepaired"":true},{""analysis"":""remind me to join the dentist appointment for the travel plan on Tue Aug 4 at 4:15 pm, okay that's all"",""delivery"":""notification"",""due"":1785874500,""location"":""nil"",""needsReview"":false,""person"":null,""quote"":""remind me to join the dentist appointment for the travel plan on Tue Aug 4 at 4:15 pm, okay that's all"",""rawQuote"":""remind me to join the dentist appointment for the travel plan on Tue Aug 4 at 16:15, okay that's all"",""recurrence"":""nil"",""reminder"":1785874500,""route"":""Today"",""state"":""resolved"",""title"":""Join the dentist appointment for the travel plan on Tue Aug 4 at 4:15 pm, okay that's all"",""type"":""event"",""wasRepaired"":true}],""operations"":[],""text"":""At three— no, at 16:15. remind me to join the dentist appointment for the travel plan on Tue Aug 4 at 16:15, okay that's all.""}",item_count|over_split|routing|time_preservation|type|wrong_merge:5e5842ef74e4a709,phenomenon_coverage|multi_phenomenon|failure|compound_failure|unusual_item_count|ai_candidate
rd-b2b418d60d5e6180cbd5e459,filler-words|rambling-ending,family-time-correction-plain,"Okay— make sure I remember to call the clinic for the core project on Tue Aug 4 at 16:00. Sorry, that's the whole note.","{""ambiguity_policy"":""act"",""item_count"":1,""items"":[{""date"":""Tue Aug 4"",""facts"":[""call the clinic for the core project""],""forbidden_facts"":[""15:00""],""location"":null,""needs_review"":false,""negation"":false,""person"":null,""prohibition"":false,""recurrence"":null,""route"":""Today"",""state"":""outstanding"",""time"":""16:00"",""title"":""call the clinic for the core project"",""type"":""task""}],""operations"":[],""shared_context"":{""location"":null,""person"":null,""temporal"":null}}","{""items"":[{""analysis"":""— make sure I remember to call the clinic for the core project on Tue Aug 4 at 4:00 pm"",""delivery"":""none"",""due"":1785873600,""location"":""nil"",""needsReview"":false,""person"":null,""quote"":""— make sure I remember to call the clinic for the core project on Tue Aug 4 at 4:00 pm"",""rawQuote"":""make sure I remember to call the clinic for the core project on Tue Aug 4 at 16:00. Sorry"",""recurrence"":""nil"",""reminder"":null,""route"":""Today"",""state"":""resolved"",""title"":""— Make sure I remember to call the clinic for the core project on Tue Aug 4 at 4:00 pm"",""type"":""task"",""wasRepaired"":true},{""analysis"":""Sorry, that's the whole note"",""delivery"":""none"",""due"":null,""location"":""nil"",""needsReview"":false,""person"":null,""quote"":""Sorry, that's the whole note"",""rawQuote"":""Sorry, that's the whole note"",""recurrence"":""nil"",""reminder"":null,""route"":""Memory"",""state"":""resolved"",""title"":""Sorry, that's the whole note"",""type"":""note"",""wasRepaired"":false}],""operations"":[],""text"":""Okay— make sure I remember to call the clinic for the core project on Tue Aug 4 at 16:00. Sorry, that's the whole note.""}",item_count|over_split|routing|time_preservation|type|wrong_merge:5e5842ef74e4a709,phenomenon_coverage|multi_phenomenon|failure|compound_failure|unusual_item_count|ai_candidate
rd-b34be9b0f5b0b381004c376d,asr-deletion,family-single-task-plain,Send the project updat…,"{""ambiguity_policy"":""act"",""item_count"":1,""items"":[{""date"":null,""facts"":[""send the project update for the core project""],""forbidden_facts"":[],""location"":null,""needs_review"":false,""negation"":false,""person"":null,""prohibition"":false,""recurrence"":null,""route"":""Today"",""state"":""outstanding"",""time"":null,""title"":""send the project update for the core project"",""type"":""task""}],""operations"":[],""shared_context"":{""location"":null,""person"":null,""temporal"":null}}","{""items"":[{""analysis"":""Send the project updat…"",""delivery"":""none"",""due"":null,""location"":""nil"",""needsReview"":false,""person"":null,""quote"":""Send the project updat…"",""rawQuote"":""Send the project updat…"",""recurrence"":""nil"",""reminder"":null,""route"":""Today"",""state"":""resolved"",""title"":""Send the project updat…"",""type"":""task"",""wasRepaired"":false}],""operations"":[],""text"":""Send the project updat…""}",lost_information|title_content_preservation:0ed975de8cafff00,phenomenon_coverage|failure
rd-fb134d6f03c1382afdf0fc69,self-correction-person|hesitation|sign-off-trailing-noise,family-recurrence-person-date,"This is for Sam— sorry, for Priya Shah. make sure I remember to take out the recycling for the birthday with Priya Shah on Tue Aug 4 every Tuesday, okay that's all.","{""ambiguity_policy"":""act"",""item_count"":1,""items"":[{""date"":""Tue Aug 4"",""facts"":[""take out the recycling for the birthday""],""forbidden_facts"":[],""location"":null,""needs_review"":false,""negation"":false,""person"":""Priya Shah"",""prohibition"":false,""recurrence"":""weekly:tuesday"",""route"":""Today"",""state"":""outstanding"",""time"":null,""title"":""take out the recycling for the birthday"",""type"":""reminder""}],""operations"":[],""shared_context"":{""location"":null,""person"":null,""temporal"":null}}","{""items"":[{""analysis"":""for Priya Shah"",""delivery"":""none"",""due"":null,""location"":""nil"",""needsReview"":false,""person"":null,""quote"":""for Priya Shah"",""rawQuote"":""for Sam— sorry, for Priya Shah"",""recurrence"":""nil"",""reminder"":null,""route"":""Memory"",""state"":""resolved"",""title"":""For Priya Shah"",""type"":""note"",""wasRepaired"":true},{""analysis"":""make sure I remember to take out the recycling for the birthday with Priya Shah on Tue Aug 4 every Tuesday, okay that's all"",""delivery"":""none"",""due"":1785848400,""location"":""nil"",""needsReview"":false,""person"":null,""quote"":""make sure I remember to take out the recycling for the birthday with Priya Shah on Tue Aug 4 every Tuesday, okay that's all"",""rawQuote"":""make sure I remember to take out the recycling for the birthday with Priya Shah on Tue Aug 4 every Tuesday, okay that's all"",""recurrence"":""weekly x1 days[3]"",""reminder"":null,""route"":""Today"",""state"":""resolved"",""title"":""Take out the recycling for the birthday with Priya Shah on Tue Aug 4 every Tuesday, okay that's all"",""type"":""task"",""wasRepaired"":false}],""operations"":[],""text"":""This is for Sam— sorry, for Priya Shah. make sure I remember to take out the recycling for the birthday with Priya Shah on Tue Aug 4 every Tuesday, okay that's all.""}",date_preservation|item_count|over_split|person_preservation|recurrence_preservation|routing|type|wrong_merge:79b375df3714885b,phenomenon_coverage|multi_phenomenon|failure|compound_failure|unusual_item_count|ai_candidate
rd-a83dedb2caa3e91c7181cbeb,,family-task-plus-question-person-time,Make sure I remember to call the venue for the interview with Noah Brooks on Tue Aug 4 at 09:30; then remember that ask when the doors open.,"{""ambiguity_policy"":""act"",""item_count"":2,""items"":[{""date"":""Tue Aug 4"",""facts"":[""call the venue for the interview""],""forbidden_facts"":[],""location"":null,""needs_review"":false,""negation"":false,""person"":""Noah Brooks"",""prohibition"":false,""recurrence"":null,""route"":""Today"",""state"":""outstanding"",""time"":""09:30"",""title"":""call the venue for the interview"",""type"":""task""},{""date"":null,""facts"":[""ask when the doors open""],""forbidden_facts"":[],""location"":null,""needs_review"":false,""negation"":false,""person"":null,""prohibition"":false,""recurrence"":null,""route"":""Memory"",""state"":""informational"",""time"":null,""title"":""ask when the doors open"",""type"":""note""}],""operations"":[],""shared_context"":{""location"":null,""person"":null,""temporal"":null}}","{""items"":[{""analysis"":""Make sure I remember to call the venue for the interview with Noah Brooks on Tue Aug 4 at 09:30"",""delivery"":""none"",""due"":1785850200,""location"":""nil"",""needsReview"":false,""person"":null,""quote"":""Make sure I remember to call the venue for the interview with Noah Brooks on Tue Aug 4 at 09:30"",""rawQuote"":""Make sure I remember to call the venue for the interview with Noah Brooks on Tue Aug 4 at 09:30"",""recurrence"":""nil"",""reminder"":null,""route"":""Today"",""state"":""resolved"",""title"":""Call the venue for the interview with Noah Brooks on Tue Aug 4 at 09:30"",""type"":""task"",""wasRepaired"":false},{""analysis"":""remember that ask when the doors open"",""delivery"":""none"",""due"":null,""location"":""nil"",""needsReview"":false,""person"":null,""quote"":""remember that ask when the doors open"",""rawQuote"":""remember that ask when the doors open"",""recurrence"":""nil"",""reminder"":null,""route"":""Memory"",""state"":""resolved"",""title"":""Ask when the doors open"",""type"":""note"",""wasRepaired"":false}],""operations"":[],""text"":""Make sure I remember to call the venue for the interview with Noah Brooks on Tue Aug 4 at 09:30; then remember that ask when the doors open.""}",person_preservation|time_preservation:166c60e27900812c,failure|ai_candidate|hash_random_fill
rd-5869d2ad0981b588d7dbff14,,family-change-of-mind-relative-date,Make sure I remember to order the blue notebook for the travel plan on Tue Aug 4.,"{""ambiguity_policy"":""act"",""item_count"":1,""items"":[{""date"":""Tue Aug 4"",""facts"":[""order the blue notebook for the travel plan""],""forbidden_facts"":[""order the red notebook""],""location"":null,""needs_review"":false,""negation"":false,""person"":null,""prohibition"":false,""recurrence"":null,""route"":""Today"",""state"":""outstanding"",""time"":null,""title"":""order the blue notebook for the travel plan"",""type"":""task""}],""operations"":[],""shared_context"":{""location"":null,""person"":null,""temporal"":null}}","{""items"":[{""analysis"":""Make sure I remember to order the blue notebook for the travel plan on Tue Aug 4."",""delivery"":""none"",""due"":1785816000,""location"":""nil"",""needsReview"":false,""person"":null,""quote"":""Make sure I remember to order the blue notebook for the travel plan on Tue Aug 4."",""rawQuote"":""Make sure I remember to order the blue notebook for the travel plan on Tue Aug 4."",""recurrence"":""nil"",""reminder"":null,""route"":""Today"",""state"":""resolved"",""title"":""Order the blue notebook for the travel plan on Tue Aug 4"",""type"":""shopping"",""wasRepaired"":false}],""operations"":[],""text"":""Make sure I remember to order the blue notebook for the travel plan on Tue Aug 4.""}",type:177d7631d2f6bfa4,failure|ai_candidate|hash_random_fill
rd-ce74df32e5b482926cb74cd5,self-correction-time|hesitation|sign-off-trailing-noise,family-memory-exact-time,"At three— no, at 16:15. remember that the window-seat preference for the appointment on Thu Aug 6 at 16:15, okay that's all.","{""ambiguity_policy"":""act"",""item_count"":1,""items"":[{""date"":""Thu Aug 6"",""facts"":[""remember the window-seat preference for the appointment""],""forbidden_facts"":[],""location"":null,""needs_review"":false,""negation"":false,""person"":null,""prohibition"":false,""recurrence"":null,""route"":""Memory"",""state"":""informational"",""time"":""16:15"",""title"":""remember the window-seat preference for the appointment"",""type"":""memory""}],""operations"":[],""shared_context"":{""location"":null,""person"":null,""temporal"":null}}","{""items"":[{""analysis"":""At 4:15 pm"",""delivery"":""none"",""due"":1785788100,""location"":""nil"",""needsReview"":false,""person"":null,""quote"":""At 4:15 pm"",""rawQuote"":""At three— no, at 16:15. remember"",""recurrence"":""nil"",""reminder"":null,""route"":""Today"",""state"":""resolved"",""title"":""At 4:15 pm"",""type"":""event"",""wasRepaired"":true},{""analysis"":""remember that the window-seat preference for the appointment on Thu Aug 6 at 4:15 pm, okay that's all"",""delivery"":""none"",""due"":null,""location"":""nil"",""needsReview"":false,""person"":null,""quote"":""remember that the window-seat preference for the appointment on Thu Aug 6 at 4:15 pm, okay that's all"",""rawQuote"":""remember that the window-seat preference for the appointment on Thu Aug 6 at 16:15, okay that's all"",""recurrence"":""nil"",""reminder"":null,""route"":""Memory"",""state"":""resolved"",""title"":""The window-seat preference for the appointment on Thu Aug 6 at 4:15 pm, okay that's all"",""type"":""note"",""wasRepaired"":true}],""operations"":[],""text"":""At three— no, at 16:15. remember that the window-seat preference for the appointment on Thu Aug 6 at 16:15, okay that's all.""}",item_count|lost_information|over_split|routing|time_preservation|title_content_preservation|type|wrong_merge:02241ee95b424f88,phenomenon_coverage|multi_phenomenon|failure|compound_failure|unusual_item_count|ai_candidate
rd-4eccd390b53e30782476a343,false-start|sign-off-trailing-noise,family-memory-plain,"I nearly forgot— a note for later: the window-seat preference for the core project. Thanks, that's it.","{""ambiguity_policy"":""act"",""item_count"":1,""items"":[{""date"":null,""facts"":[""remember the window-seat preference for the core project""],""forbidden_facts"":[],""location"":null,""needs_review"":false,""negation"":false,""person"":null,""prohibition"":false,""recurrence"":null,""route"":""Memory"",""state"":""informational"",""time"":null,""title"":""remember the window-seat preference for the core project"",""type"":""memory""}],""operations"":[],""shared_context"":{""location"":null,""person"":null,""temporal"":null}}","{""items"":[{""analysis"":""I nearly forgot— a note for later: the window-seat preference for the core project"",""delivery"":""none"",""due"":null,""location"":""nil"",""needsReview"":false,""person"":null,""quote"":""I nearly forgot— a note for later: the window-seat preference for the core project"",""rawQuote"":""I nearly forgot— a note for later: the window-seat preference for the core project"",""recurrence"":""nil"",""reminder"":null,""route"":""Memory"",""state"":""resolved"",""title"":""I nearly forgot— a note for later: the window-seat preference for the core project"",""type"":""note"",""wasRepaired"":false},{""analysis"":""Thanks, that's it"",""delivery"":""none"",""due"":null,""location"":""nil"",""needsReview"":false,""person"":null,""quote"":""Thanks, that's it"",""rawQuote"":""Thanks, that's it"",""recurrence"":""nil"",""reminder"":null,""route"":""Memory"",""state"":""resolved"",""title"":""Thanks, that's it"",""type"":""note"",""wasRepaired"":false}],""operations"":[],""text"":""I nearly forgot— a note for later: the window-seat preference for the core project. Thanks, that's it.""}",item_count|lost_information|over_split|routing|title_content_preservation|type|wrong_merge:0b0c0094b255b01c,phenomenon_coverage|multi_phenomenon|failure|compound_failure|unusual_item_count|ai_candidate
rd-2ba52e1720355a2285997b85,self-correction-person|hesitation|multiple-thoughts|numbered-list|sign-off-trailing-noise,family-task-plus-question-person-time,"Okay, two things. First, remind me to call the venue for the interview with Noah Brooks on Tue Aug 4 at 09:30; and also a note for later: ask when the doors open, okay that's all.","{""ambiguity_policy"":""act"",""item_count"":2,""items"":[{""date"":""Tue Aug 4"",""facts"":[""call the venue for the interview""],""forbidden_facts"":[],""location"":null,""needs_review"":false,""negation"":false,""person"":""Noah Brooks"",""prohibition"":false,""recurrence"":null,""route"":""Today"",""state"":""outstanding"",""time"":""09:30"",""title"":""call the venue for the interview"",""type"":""task""},{""date"":null,""facts"":[""ask when the doors open""],""forbidden_facts"":[],""location"":null,""needs_review"":false,""negation"":false,""person"":null,""prohibition"":false,""recurrence"":null,""route"":""Memory"",""state"":""informational"",""time"":null,""title"":""ask when the doors open"",""type"":""note""}],""operations"":[],""shared_context"":{""location"":null,""person"":null,""temporal"":null}}","{""items"":[{""analysis"":""two things"",""delivery"":""none"",""due"":null,""location"":""nil"",""needsReview"":false,""person"":null,""quote"":""two things"",""rawQuote"":""two things"",""recurrence"":""nil"",""reminder"":null,""route"":""Memory"",""state"":""resolved"",""title"":""Two things"",""type"":""note"",""wasRepaired"":false},{""analysis"":""remind me to call the venue for the interview with Noah Brooks on Tue Aug 4 at 09:30"",""delivery"":""notification"",""due"":1785850200,""location"":""nil"",""needsReview"":false,""person"":null,""quote"":""remind me to call the venue for the interview with Noah Brooks on Tue Aug 4 at 09:30"",""rawQuote"":""remind me to call the venue for the interview with Noah Brooks on Tue Aug 4 at 09:30"",""recurrence"":""nil"",""reminder"":1785850200,""route"":""Today"",""state"":""resolved"",""title"":""Call the venue for the interview with Noah Brooks on Tue Aug 4"",""type"":""task"",""wasRepaired"":false},{""analysis"":""a note for later: ask when the doors open, okay that's all"",""delivery"":""none"",""due"":null,""location"":""nil"",""needsReview"":false,""person"":null,""quote"":""a note for later: ask when the doors open, okay that's all"",""rawQuote"":""a note for later: ask when the doors open, okay that's all"",""recurrence"":""nil"",""reminder"":null,""route"":""Memory"",""state"":""resolved"",""title"":""A note for later: ask when the doors open, okay that's all"",""type"":""note"",""wasRepaired"":false}],""operations"":[],""text"":""Okay, two things. First, remind me to call the venue for the interview with Noah Brooks on Tue Aug 4 at 09:30; and also a note for later: ask when the doors open, okay that's all.""}",date_preservation|item_count|over_split|person_preservation|routing|time_preservation|type|wrong_merge:526b222cdfd9ae67,phenomenon_coverage|multi_phenomenon|failure|compound_failure|unusual_item_count|ai_candidate
rd-6c3bb06893f34d91577293ca,,family-two-tasks-shared-location-relative-date,"Print the handouts for the travel plan at Farm Boy on Tue Aug 4. Also, call Maya about dinner with Maya Chen at Farm Boy on Tue Aug 4.","{""ambiguity_policy"":""act"",""item_count"":2,""items"":[{""date"":""Tue Aug 4"",""facts"":[""print the handouts for the travel plan""],""forbidden_facts"":[],""location"":""Farm Boy"",""needs_review"":false,""negation"":false,""person"":null,""prohibition"":false,""recurrence"":null,""route"":""Today"",""state"":""outstanding"",""time"":null,""title"":""print the handouts for the travel plan"",""type"":""task""},{""date"":""Tue Aug 4"",""facts"":[""call Maya about dinner""],""forbidden_facts"":[],""location"":""Farm Boy"",""needs_review"":false,""negation"":false,""person"":""Maya Chen"",""prohibition"":false,""recurrence"":null,""route"":""Today"",""state"":""outstanding"",""time"":null,""title"":""call Maya about dinner"",""type"":""task""}],""operations"":[],""shared_context"":{""location"":""Farm Boy"",""person"":null,""temporal"":null}}","{""items"":[{""analysis"":""Print the handouts for the travel plan at Farm Boy on Tue Aug 4"",""delivery"":""none"",""due"":1785816000,""location"":""nil"",""needsReview"":false,""person"":null,""quote"":""Print the handouts for the travel plan at Farm Boy on Tue Aug 4"",""rawQuote"":""Print the handouts for the travel plan at Farm Boy on Tue Aug 4"",""recurrence"":""nil"",""reminder"":null,""route"":""Today"",""state"":""resolved"",""title"":""Print the handouts for the travel plan at Farm Boy on Tue Aug 4"",""type"":""task"",""wasRepaired"":false},{""analysis"":""call Maya about dinner with Maya Chen at Farm Boy on Tue Aug 4"",""delivery"":""none"",""due"":1785816000,""location"":""nil"",""needsReview"":false,""person"":""Maya"",""quote"":""call Maya about dinner with Maya Chen at Farm Boy on Tue Aug 4"",""rawQuote"":""call Maya about dinner with Maya Chen at Farm Boy on Tue Aug 4"",""recurrence"":""nil"",""reminder"":null,""route"":""Today"",""state"":""resolved"",""title"":""Call Maya about dinner with Maya Chen at Farm Boy on Tue Aug 4"",""type"":""personFollowUp"",""wasRepaired"":false}],""operations"":[],""text"":""Print the handouts for the travel plan at Farm Boy on Tue Aug 4. Also, call Maya about dinner with Maya Chen at Farm Boy on Tue Aug 4.""}",location_preservation|type:f801f2db117f0ea1,failure|hash_random_fill
rd-6816a48ffb1de6b1fcf75efa,,family-time-correction-priority-context,Call the clinic for the tax filing with Hope Reed on Wed Aug 5 at 16:00.,"{""ambiguity_policy"":""act"",""item_count"":1,""items"":[{""date"":""Wed Aug 5"",""facts"":[""call the clinic for the tax filing""],""forbidden_facts"":[""15:00""],""location"":null,""needs_review"":false,""negation"":false,""person"":""Hope Reed"",""prohibition"":false,""recurrence"":null,""route"":""Today"",""state"":""outstanding"",""time"":""16:00"",""title"":""call the clinic for the tax filing"",""type"":""task""}],""operations"":[],""shared_context"":{""location"":null,""person"":null,""temporal"":null}}","{""items"":[{""analysis"":""Call the clinic for the tax filing with Hope Reed on Wed Aug 5 at 4:00 pm."",""delivery"":""none"",""due"":1785960000,""location"":""nil"",""needsReview"":false,""person"":null,""quote"":""Call the clinic for the tax filing with Hope Reed on Wed Aug 5 at 4:00 pm."",""rawQuote"":""Call the clinic for the tax filing with Hope Reed on Wed Aug 5 at 16:00"",""recurrence"":""nil"",""reminder"":null,""route"":""Today"",""state"":""resolved"",""title"":""Call the clinic for the tax filing with Hope Reed on Wed Aug 5 at 4:00 pm"",""type"":""task"",""wasRepaired"":true}],""operations"":[],""text"":""Call the clinic for the tax filing with Hope Reed on Wed Aug 5 at 16:00.""}",person_preservation|time_preservation:166c60e27900812c,failure|hash_random_fill
rd-c8de07a987134bd4a2b85de5,uncertainty|change-of-intent|sign-off-trailing-noise,family-partial-review-relative-date,"Maybe this is a task, maybe it's only a thought— I'm not sure whether this is a task or just something to keep, but remember that follow up about the proposal for the travel plan, okay that's all.","{""ambiguity_policy"":""preserve-only"",""item_count"":1,""items"":[{""date"":null,""facts"":[""follow up about the proposal for the travel plan""],""forbidden_facts"":[],""location"":null,""needs_review"":true,""negation"":false,""person"":null,""prohibition"":false,""recurrence"":null,""route"":""Memory"",""state"":""uncertain"",""time"":null,""title"":""follow up about the proposal for the travel plan"",""type"":""note""}],""operations"":[],""shared_context"":{""location"":null,""person"":null,""temporal"":null}}","{""items"":[{""analysis"":""Maybe this is a task, maybe it's only a thought— I'm not sure whether this is a task or just something to keep, but remember that follow up about the proposal for the travel plan, okay that's all."",""delivery"":""none"",""due"":null,""location"":""nil"",""needsReview"":false,""person"":null,""quote"":""Maybe this is a task, maybe it's only a thought— I'm not sure whether this is a task or just something to keep, but remember that follow up about the proposal for the travel plan, okay that's all."",""rawQuote"":""Maybe this is a task, maybe it's only a thought— I'm not sure whether this is a task or just something to keep, but remember that follow up about the proposal for the travel plan, okay that's all."",""recurrence"":""nil"",""reminder"":null,""route"":""Memory"",""state"":""resolved"",""title"":""This is a task, maybe it's only a thought— I'm not sure whether this is a task or just something to keep, but remember that follow up about the proposal for the travel plan, okay that's all"",""type"":""note"",""wasRepaired"":false}],""operations"":[],""text"":""Maybe this is a task, maybe it's only a thought— I'm not sure whether this is a task or just something to keep, but remember that follow up about the proposal for the travel plan, okay that's all.""}",review_ambiguity_behavior:1ed05df13adc5ba4,phenomenon_coverage|multi_phenomenon|failure|ai_candidate|suspicious_synthetic
rd-1df04b7d8317fbae206f8fc4,self-correction-person|hesitation|sign-off-trailing-noise,family-change-of-mind-shared-context,"This is for Sam— sorry, for Elena Costa. I need a reminder to order the blue notebook for the launch with Elena Costa at Farm Boy on Fri Aug 7 at 14:00, okay that's all.","{""ambiguity_policy"":""act"",""item_count"":1,""items"":[{""date"":""Fri Aug 7"",""facts"":[""order the blue notebook for the launch""],""forbidden_facts"":[""order the red notebook""],""location"":""Farm Boy"",""needs_review"":false,""negation"":false,""person"":""Elena Costa"",""prohibition"":false,""recurrence"":null,""route"":""Today"",""state"":""outstanding"",""time"":""14:00"",""title"":""order the blue notebook for the launch"",""type"":""task""}],""operations"":[],""shared_context"":{""location"":null,""person"":null,""temporal"":null}}","{""items"":[{""analysis"":""for Elena Costa"",""delivery"":""none"",""due"":null,""location"":""nil"",""needsReview"":false,""person"":null,""quote"":""for Elena Costa"",""rawQuote"":""for Sam— sorry, for Elena Costa"",""recurrence"":""nil"",""reminder"":null,""route"":""Memory"",""state"":""resolved"",""title"":""For Elena Costa"",""type"":""note"",""wasRepaired"":true},{""analysis"":""I need a reminder to order the blue notebook for the launch with Elena Costa at Farm Boy on Fri Aug 7 at 2:00 pm, okay that's all"",""delivery"":""notification"",""due"":1786125600,""location"":""nil"",""needsReview"":false,""person"":null,""quote"":""I need a reminder to order the blue notebook for the launch with Elena Costa at Farm Boy on Fri Aug 7 at 2:00 pm, okay that's all"",""rawQuote"":""I need a reminder to order the blue notebook for the launch with Elena Costa at Farm Boy on Fri Aug 7 at 14:00, okay that's all"",""recurrence"":""nil"",""reminder"":1786125600,""route"":""Today"",""state"":""resolved"",""title"":""Order the blue notebook for the launch with Elena Costa at Farm Boy on Fri Aug 7 at 2:00 pm, okay that's all"",""type"":""shopping"",""wasRepaired"":true}],""operations"":[],""text"":""This is for Sam— sorry, for Elena Costa. I need a reminder to order the blue notebook for the launch with Elena Costa at Farm Boy on Fri Aug 7 at 14:00, okay that's all.""}",date_preservation|item_count|location_preservation|over_split|person_preservation|routing|time_preservation|type|wrong_merge:db1ec0a9416b5b37,phenomenon_coverage|multi_phenomenon|failure|compound_failure|unusual_item_count|ai_candidate
rd-3aeca8b6f7a42e055ce763b2,self-correction-date|hesitation|sign-off-trailing-noise,family-change-of-mind-relative-date,"On Wednesday— sorry, on Tue Aug 4. remind me to order the blue notebook for the travel plan on Tue Aug 4, okay that's all.","{""ambiguity_policy"":""act"",""item_count"":1,""items"":[{""date"":""Tue Aug 4"",""facts"":[""order the blue notebook for the travel plan""],""forbidden_facts"":[""order the red notebook""],""location"":null,""needs_review"":false,""negation"":false,""person"":null,""prohibition"":false,""recurrence"":null,""route"":""Today"",""state"":""outstanding"",""time"":null,""title"":""order the blue notebook for the travel plan"",""type"":""task""}],""operations"":[],""shared_context"":{""location"":null,""person"":null,""temporal"":null}}","{""items"":[{""analysis"":""on Tue Aug 4"",""delivery"":""none"",""due"":1785816000,""location"":""nil"",""needsReview"":false,""person"":null,""quote"":""on Tue Aug 4"",""rawQuote"":""On Wednesday— sorry, on Tue Aug 4"",""recurrence"":""nil"",""reminder"":null,""route"":""Today"",""state"":""resolved"",""title"":""On Tue Aug 4"",""type"":""event"",""wasRepaired"":true},{""analysis"":""remind me to order the blue notebook for the travel plan on Tue Aug 4, okay that's all"",""delivery"":""notification"",""due"":1785816000,""location"":""nil"",""needsReview"":false,""person"":null,""quote"":""remind me to order the blue notebook for the travel plan on Tue Aug 4, okay that's all"",""rawQuote"":""remind me to order the blue notebook for the travel plan on Tue Aug 4, okay that's all"",""recurrence"":""nil"",""reminder"":1785848400,""route"":""Today"",""state"":""resolved"",""title"":""Order the blue notebook for the travel plan on Tue Aug 4, okay that's all"",""type"":""shopping"",""wasRepaired"":false}],""operations"":[],""text"":""On Wednesday— sorry, on Tue Aug 4. remind me to order the blue notebook for the travel plan on Tue Aug 4, okay that's all.""}",item_count|over_split|routing|type|wrong_merge:41caf148a3bc59f8,phenomenon_coverage|multi_phenomenon|failure|compound_failure|unusual_item_count|ai_candidate
rd-3b685d9f3da17437d2a5d130,rambling-introduction,family-ambiguous-review-plain,"Let me put this down while I remember: I'm not sure whether this is a task or just something to keep, but a note for later: send the document to her for the core project.","{""ambiguity_policy"":""review"",""item_count"":1,""items"":[{""date"":null,""facts"":[""send the document to her for the core project""],""forbidden_facts"":[],""location"":null,""needs_review"":true,""negation"":false,""person"":null,""prohibition"":false,""recurrence"":null,""route"":""Memory"",""state"":""uncertain"",""time"":null,""title"":""send the document to her for the core project"",""type"":""note""}],""operations"":[],""shared_context"":{""location"":null,""person"":null,""temporal"":null}}","{""items"":[{""analysis"":""Let me put this down while I remember: I'm not sure whether this is a task or just something to keep, but a note for later:"",""delivery"":""none"",""due"":null,""location"":""nil"",""needsReview"":false,""person"":null,""quote"":""Let me put this down while I remember: I'm not sure whether this is a task or just something to keep, but a note for later:"",""rawQuote"":""Let me put this down while I remember: I'm not sure whether this is a task or just something to keep, but a note for later:"",""recurrence"":""nil"",""reminder"":null,""route"":""Memory"",""state"":""resolved"",""title"":""Let me put this down while I remember: I'm not sure whether this is a task or just something to keep, but a note for later"",""type"":""note"",""wasRepaired"":false},{""analysis"":""send the document to her for the core project"",""delivery"":""none"",""due"":null,""location"":""nil"",""needsReview"":false,""person"":null,""quote"":""send the document to her for the core project"",""rawQuote"":""send the document to her for the core project"",""recurrence"":""nil"",""reminder"":null,""route"":""Today"",""state"":""resolved"",""title"":""Send the document to her for the core project"",""type"":""task"",""wasRepaired"":false}],""operations"":[],""text"":""Let me put this down while I remember: I'm not sure whether this is a task or just something to keep, but a note for later: send the document to her for the core project.""}",item_count|over_split|review_ambiguity_behavior|routing|type|wrong_merge:833bef5128c2d87b,phenomenon_coverage|failure|compound_failure|unusual_item_count|ai_candidate
rd-90b65ba058ec129e276a22ef,filler-words|hesitation|sign-off-trailing-noise,family-person-fact-exact-time,"Um, a note for later: the design-team detail for the appointment with Maya Chen on Thu Aug 6 at 16:15, uh, that's all.","{""ambiguity_policy"":""act"",""item_count"":1,""items"":[{""date"":""Thu Aug 6"",""facts"":[""remember the design-team detail for the appointment""],""forbidden_facts"":[],""location"":null,""needs_review"":false,""negation"":false,""person"":""Maya Chen"",""prohibition"":false,""recurrence"":null,""route"":""Memory"",""state"":""informational"",""time"":""16:15"",""title"":""remember the design-team detail for the appointment"",""type"":""personFact""}],""operations"":[],""shared_context"":{""location"":null,""person"":null,""temporal"":null}}","{""items"":[{""analysis"":""a note for later: the design-team detail for the appointment with Maya Chen on Thu Aug 6 at 4:15 pm, that's all."",""delivery"":""none"",""due"":1786047300,""location"":""nil"",""needsReview"":false,""person"":null,""quote"":""a note for later: the design-team detail for the appointment with Maya Chen on Thu Aug 6 at 4:15 pm, that's all."",""rawQuote"":""a note for later: the design-team detail for the appointment with Maya Chen on Thu Aug 6 at 16:15, uh, that's all"",""recurrence"":""nil"",""reminder"":null,""route"":""Today"",""state"":""resolved"",""title"":""A note for later: the design-team detail for the appointment with Maya Chen on Thu Aug 6 at 4:15 pm, that's all"",""type"":""event"",""wasRepaired"":true}],""operations"":[],""text"":""Um, a note for later: the design-team detail for the appointment with Maya Chen on Thu Aug 6 at 16:15, uh, that's all.""}",lost_information|person_preservation|routing|time_preservation|title_content_preservation|type:7cba8d446d7b28e0,phenomenon_coverage|multi_phenomenon|failure|compound_failure|ai_candidate
rd-3ea6a7f9edc39fba81e6d32a,filler-words|rambling-ending,family-change-of-mind-relative-date,"Okay— make sure I remember to order the blue notebook for the travel plan on Tue Aug 4. Sorry, that's the whole note.","{""ambiguity_policy"":""act"",""item_count"":1,""items"":[{""date"":""Tue Aug 4"",""facts"":[""order the blue notebook for the travel plan""],""forbidden_facts"":[""order the red notebook""],""location"":null,""needs_review"":false,""negation"":false,""person"":null,""prohibition"":false,""recurrence"":null,""route"":""Today"",""state"":""outstanding"",""time"":null,""title"":""order the blue notebook for the travel plan"",""type"":""task""}],""operations"":[],""shared_context"":{""location"":null,""person"":null,""temporal"":null}}","{""items"":[{""analysis"":""— make sure I remember to order the blue notebook for the travel plan on Tue Aug 4"",""delivery"":""none"",""due"":1785816000,""location"":""nil"",""needsReview"":false,""person"":null,""quote"":""— make sure I remember to order the blue notebook for the travel plan on Tue Aug 4"",""rawQuote"":""make sure I remember to order the blue notebook for the travel plan on Tue Aug 4"",""recurrence"":""nil"",""reminder"":null,""route"":""Today"",""state"":""resolved"",""title"":""— Make sure I remember to order the blue notebook for the travel plan on Tue Aug 4"",""type"":""task"",""wasRepaired"":false},{""analysis"":""Sorry, that's the whole note"",""delivery"":""none"",""due"":null,""location"":""nil"",""needsReview"":false,""person"":null,""quote"":""Sorry, that's the whole note"",""rawQuote"":""Sorry, that's the whole note"",""recurrence"":""nil"",""reminder"":null,""route"":""Memory"",""state"":""resolved"",""title"":""Sorry, that's the whole note"",""type"":""note"",""wasRepaired"":false}],""operations"":[],""text"":""Okay— make sure I remember to order the blue notebook for the travel plan on Tue Aug 4. Sorry, that's the whole note.""}",item_count|over_split|routing|type|wrong_merge:41caf148a3bc59f8,phenomenon_coverage|multi_phenomenon|failure|compound_failure|unusual_item_count|ai_candidate
rd-8ee5e8aebb82893b157855a0,,family-partial-review-person,Maybe follow up about the proposal for the client account with Maya Chen…,"{""ambiguity_policy"":""preserve-only"",""item_count"":1,""items"":[{""date"":null,""facts"":[""follow up about the proposal for the client account""],""forbidden_facts"":[],""location"":null,""needs_review"":true,""negation"":false,""person"":""Maya Chen"",""prohibition"":false,""recurrence"":null,""route"":""Memory"",""state"":""uncertain"",""time"":null,""title"":""follow up about the proposal for the client account"",""type"":""note""}],""operations"":[],""shared_context"":{""location"":null,""person"":null,""temporal"":null}}","{""items"":[{""analysis"":""Maybe follow up about the proposal for the client account with Maya Chen…"",""delivery"":""none"",""due"":null,""location"":""nil"",""needsReview"":false,""person"":null,""quote"":""Maybe follow up about the proposal for the client account with Maya Chen…"",""rawQuote"":""Maybe follow up about the proposal for the client account with Maya Chen…"",""recurrence"":""nil"",""reminder"":null,""route"":""Today"",""state"":""resolved"",""title"":""Follow up about the proposal for the client account with Maya Chen…"",""type"":""task"",""wasRepaired"":false}],""operations"":[],""text"":""Maybe follow up about the proposal for the client account with Maya Chen…""}",person_preservation|review_ambiguity_behavior|routing|type:6185011130765d60,failure|hash_random_fill
rd-1dda7ed2a60e6bd87116f41b,self-correction-date,family-date-correction-shared-context,"Do that Friday— no, Saturday. Renew the membership for the launch with Elena Costa at Farm Boy on Sat Aug 8 at 14:00.","{""ambiguity_policy"":""act"",""item_count"":1,""items"":[{""date"":""Sat Aug 8"",""facts"":[""renew the membership for the launch""],""forbidden_facts"":[""Fri Aug 7""],""location"":""Farm Boy"",""needs_review"":false,""negation"":false,""person"":""Elena Costa"",""prohibition"":false,""recurrence"":null,""route"":""Today"",""state"":""outstanding"",""time"":""14:00"",""title"":""renew the membership for the launch"",""type"":""task""}],""operations"":[],""shared_context"":{""location"":null,""person"":null,""temporal"":null}}","{""items"":[{""analysis"":""Do that Saturday"",""delivery"":""none"",""due"":1786161600,""location"":""nil"",""needsReview"":false,""person"":null,""quote"":""Do that Saturday"",""rawQuote"":""Do that Friday— no, Saturday"",""recurrence"":""nil"",""reminder"":null,""route"":""Today"",""state"":""resolved"",""title"":""Do that Saturday"",""type"":""task"",""wasRepaired"":true},{""analysis"":""Renew the membership for the launch with Elena Costa at Farm Boy on Sat Aug 8 at 2:00 pm"",""delivery"":""none"",""due"":1786212000,""location"":""nil"",""needsReview"":false,""person"":null,""quote"":""Renew the membership for the launch with Elena Costa at Farm Boy on Sat Aug 8 at 2:00 pm"",""rawQuote"":""Renew the membership for the launch with Elena Costa at Farm Boy on Sat Aug 8 at 14:00"",""recurrence"":""nil"",""reminder"":null,""route"":""Today"",""state"":""resolved"",""title"":""Renew the membership for the launch with Elena Costa at Farm Boy on Sat Aug 8 at 2:00 pm"",""type"":""task"",""wasRepaired"":true}],""operations"":[],""text"":""Do that Friday— no, Saturday. Renew the membership for the launch with Elena Costa at Farm Boy on Sat Aug 8 at 14:00.""}",item_count|location_preservation|over_split|person_preservation|routing|time_preservation|type|wrong_merge:b3c63f37794a086f,phenomenon_coverage|failure|compound_failure|unusual_item_count
rd-05094b942412d048fdb55299,,family-ambiguous-review-person,Maybe send the document to her for the client account with Maya Chen…,"{""ambiguity_policy"":""review"",""item_count"":1,""items"":[{""date"":null,""facts"":[""send the document to her for the client account""],""forbidden_facts"":[],""location"":null,""needs_review"":true,""negation"":false,""person"":""Maya Chen"",""prohibition"":false,""recurrence"":null,""route"":""Memory"",""state"":""uncertain"",""time"":null,""title"":""send the document to her for the client account"",""type"":""note""}],""operations"":[],""shared_context"":{""location"":null,""person"":null,""temporal"":null}}","{""items"":[{""analysis"":""Maybe send the document to her for the client account with Maya Chen…"",""delivery"":""none"",""due"":null,""location"":""nil"",""needsReview"":false,""person"":null,""quote"":""Maybe send the document to her for the client account with Maya Chen…"",""rawQuote"":""Maybe send the document to her for the client account with Maya Chen…"",""recurrence"":""nil"",""reminder"":null,""route"":""Today"",""state"":""resolved"",""title"":""Send the document to her for the client account with Maya Chen…"",""type"":""task"",""wasRepaired"":false}],""operations"":[],""text"":""Maybe send the document to her for the client account with Maya Chen…""}",person_preservation|review_ambiguity_behavior|routing|type:6185011130765d60,failure|hash_random_fill
rd-19f2f865431c58458726bc71,,family-single-task-shared-context,Send the project update for the launch with Elena Costa at Farm Boy on Fri Aug 7 at 14:00.,"{""ambiguity_policy"":""act"",""item_count"":1,""items"":[{""date"":""Fri Aug 7"",""facts"":[""send the project update for the launch""],""forbidden_facts"":[],""location"":""Farm Boy"",""needs_review"":false,""negation"":false,""person"":""Elena Costa"",""prohibition"":false,""recurrence"":null,""route"":""Today"",""state"":""outstanding"",""time"":""14:00"",""title"":""send the project update for the launch"",""type"":""task""}],""operations"":[],""shared_context"":{""location"":null,""person"":null,""temporal"":null}}","{""items"":[{""analysis"":""Send the project update for the launch with Elena Costa at Farm Boy on Fri Aug 7 at 2:00 pm."",""delivery"":""none"",""due"":1786125600,""location"":""nil"",""needsReview"":false,""person"":null,""quote"":""Send the project update for the launch with Elena Costa at Farm Boy on Fri Aug 7 at 2:00 pm."",""rawQuote"":""Send the project update for the launch with Elena Costa at Farm Boy on Fri Aug 7 at 14:00"",""recurrence"":""nil"",""reminder"":null,""route"":""Today"",""state"":""resolved"",""title"":""Send the project update for the launch with Elena Costa at Farm Boy on Fri Aug 7 at 2:00 pm"",""type"":""task"",""wasRepaired"":true}],""operations"":[],""text"":""Send the project update for the launch with Elena Costa at Farm Boy on Fri Aug 7 at 14:00.""}",location_preservation|person_preservation|time_preservation:3c5d20b22ef4ee19,failure|hash_random_fill
rd-87653036993bec366bef53c7,,family-negative-statement-exact-time,It is not true that record that the invoice was not sent for the appointment on Thu Aug 6 at 16:15.,"{""ambiguity_policy"":""act"",""item_count"":1,""items"":[{""date"":""Thu Aug 6"",""facts"":[""record that the invoice was not sent for the appointment""],""forbidden_facts"":[],""location"":null,""needs_review"":false,""negation"":true,""person"":null,""prohibition"":false,""recurrence"":null,""route"":""Memory"",""state"":""informational"",""time"":""16:15"",""title"":""record that the invoice was not sent for the appointment"",""type"":""memory""}],""operations"":[],""shared_context"":{""location"":null,""person"":null,""temporal"":null}}","{""items"":[{""analysis"":""It is not true that record that the invoice was not sent for the appointment on Thu Aug 6 at 4:15 pm."",""delivery"":""none"",""due"":1786047300,""location"":""nil"",""needsReview"":false,""person"":null,""quote"":""It is not true that record that the invoice was not sent for the appointment on Thu Aug 6 at 4:15 pm."",""rawQuote"":""It is not true that record that the invoice was not sent for the appointment on Thu Aug 6 at 16:15"",""recurrence"":""nil"",""reminder"":null,""route"":""Today"",""state"":""resolved"",""title"":""It is not true that record that the invoice was not sent for the appointment on Thu Aug 6 at 4:15 pm"",""type"":""event"",""wasRepaired"":true}],""operations"":[],""text"":""It is not true that record that the invoice was not sent for the appointment on Thu Aug 6 at 16:15.""}",routing|time_preservation|type:51eec0850cd8f13b,safety_critical|failure
rd-f147b73725869a19ac95957c,,family-two-independent-tasks-shared-context,"I need a reminder to buy oat milk for the launch with Elena Costa at Farm Boy on Fri Aug 7 at 14:00. One more thing, make a task to call Maya about dinner.","{""ambiguity_policy"":""act"",""item_count"":2,""items"":[{""date"":""Fri Aug 7"",""facts"":[""buy oat milk for the launch""],""forbidden_facts"":[],""location"":""Farm Boy"",""needs_review"":false,""negation"":false,""person"":""Elena Costa"",""prohibition"":false,""recurrence"":null,""route"":""Today"",""state"":""outstanding"",""time"":""14:00"",""title"":""buy oat milk for the launch"",""type"":""task""},{""date"":null,""facts"":[""call Maya about dinner""],""forbidden_facts"":[],""location"":null,""needs_review"":false,""negation"":false,""person"":null,""prohibition"":false,""recurrence"":null,""route"":""Today"",""state"":""outstanding"",""time"":null,""title"":""call Maya about dinner"",""type"":""task""}],""operations"":[],""shared_context"":{""location"":null,""person"":null,""temporal"":null}}","{""items"":[{""analysis"":""I need a reminder to buy oat milk for the launch with Elena Costa at Farm Boy on Fri Aug 7 at 2:00 pm"",""delivery"":""notification"",""due"":1786125600,""location"":""nil"",""needsReview"":false,""person"":null,""quote"":""I need a reminder to buy oat milk for the launch with Elena Costa at Farm Boy on Fri Aug 7 at 2:00 pm"",""rawQuote"":""I need a reminder to buy oat milk for the launch with Elena Costa at Farm Boy on Fri Aug 7 at 14:00. One"",""recurrence"":""nil"",""reminder"":1786125600,""route"":""Today"",""state"":""resolved"",""title"":""Buy oat milk for the launch with Elena Costa at Farm Boy on Fri Aug 7"",""type"":""shopping"",""wasRepaired"":true},{""analysis"":""make a task to call Maya about dinner"",""delivery"":""none"",""due"":null,""location"":""nil"",""needsReview"":false,""person"":""Maya"",""quote"":""make a task to call Maya about dinner"",""rawQuote"":""make a task to call Maya about dinner"",""recurrence"":""nil"",""reminder"":null,""route"":""Today"",""state"":""resolved"",""title"":""Make a task to call Maya about dinner"",""type"":""task"",""wasRepaired"":false}],""operations"":[],""text"":""I need a reminder to buy oat milk for the launch with Elena Costa at Farm Boy on Fri Aug 7 at 14:00. One more thing, make a task to call Maya about dinner.""}",location_preservation|person_preservation|type:3c9b7a511157e6da,failure|ai_candidate|hash_random_fill
rd-1ab7e01c874a1d1456ad0cbc,,family-exact-date-time-person,I need a reminder to join the dentist appointment for the client account with Maya Chen on Tue Aug 4 at 16:15.,"{""ambiguity_policy"":""act"",""item_count"":1,""items"":[{""date"":""Tue Aug 4"",""facts"":[""join the dentist appointment for the client account""],""forbidden_facts"":[],""location"":null,""needs_review"":false,""negation"":false,""person"":""Maya Chen"",""prohibition"":false,""recurrence"":null,""route"":""Today"",""state"":""outstanding"",""time"":""16:15"",""title"":""join the dentist appointment for the client account"",""type"":""reminder""}],""operations"":[],""shared_context"":{""location"":null,""person"":null,""temporal"":null}}","{""items"":[{""analysis"":""I need a reminder to join the dentist appointment for the client account with Maya Chen on Tue Aug 4 at 4:15 pm."",""delivery"":""notification"",""due"":1785874500,""location"":""nil"",""needsReview"":false,""person"":null,""quote"":""I need a reminder to join the dentist appointment for the client account with Maya Chen on Tue Aug 4 at 4:15 pm."",""rawQuote"":""I need a reminder to join the dentist appointment for the client account with Maya Chen on Tue Aug 4 at 16:15"",""recurrence"":""nil"",""reminder"":1785874500,""route"":""Today"",""state"":""resolved"",""title"":""Join the dentist appointment for the client account with Maya Chen on Tue Aug 4"",""type"":""event"",""wasRepaired"":true}],""operations"":[],""text"":""I need a reminder to join the dentist appointment for the client account with Maya Chen on Tue Aug 4 at 16:15.""}",person_preservation|type:9d0cc991e51b6027,failure|ai_candidate|hash_random_fill
rd-c37dfaa55637610c541a2622,,family-exact-date-time-plain,Join the dentist appointment for the core project on Tue Aug 4 at 16:15.,"{""ambiguity_policy"":""act"",""item_count"":1,""items"":[{""date"":""Tue Aug 4"",""facts"":[""join the dentist appointment for the core project""],""forbidden_facts"":[],""location"":null,""needs_review"":false,""negation"":false,""person"":null,""prohibition"":false,""recurrence"":null,""route"":""Today"",""state"":""outstanding"",""time"":""16:15"",""title"":""join the dentist appointment for the core project"",""type"":""reminder""}],""operations"":[],""shared_context"":{""location"":null,""person"":null,""temporal"":null}}","{""items"":[{""analysis"":""Join the dentist appointment for the core project on Tue Aug 4 at 4:15 pm."",""delivery"":""none"",""due"":1785874500,""location"":""nil"",""needsReview"":false,""person"":null,""quote"":""Join the dentist appointment for the core project on Tue Aug 4 at 4:15 pm."",""rawQuote"":""Join the dentist appointment for the core project on Tue Aug 4 at 16:15"",""recurrence"":""nil"",""reminder"":null,""route"":""Today"",""state"":""resolved"",""title"":""Join the dentist appointment for the core project on Tue Aug 4 at 4:15 pm"",""type"":""event"",""wasRepaired"":true}],""operations"":[],""text"":""Join the dentist appointment for the core project on Tue Aug 4 at 16:15.""}",time_preservation|type:956fb00c919831ff,failure|hash_random_fill
rd-a8b333981c7c6c79b5f93fa1,self-correction-time|hesitation|sign-off-trailing-noise,family-event-exact-time,"At three— no, at 16:15. remind me to attend the planning session for the appointment on Thu Aug 6 at 16:15, okay that's all.","{""ambiguity_policy"":""act"",""item_count"":1,""items"":[{""date"":""Thu Aug 6"",""facts"":[""attend the planning session for the appointment""],""forbidden_facts"":[],""location"":null,""needs_review"":false,""negation"":false,""person"":null,""prohibition"":false,""recurrence"":null,""route"":""Today"",""state"":""outstanding"",""time"":""16:15"",""title"":""attend the planning session for the appointment"",""type"":""event""}],""operations"":[],""shared_context"":{""location"":null,""person"":null,""temporal"":null}}","{""items"":[{""analysis"":""At 4:15 pm"",""delivery"":""none"",""due"":1785788100,""location"":""nil"",""needsReview"":false,""person"":null,""quote"":""At 4:15 pm"",""rawQuote"":""At three— no, at 16:15. remind"",""recurrence"":""nil"",""reminder"":null,""route"":""Today"",""state"":""resolved"",""title"":""At 4:15 pm"",""type"":""event"",""wasRepaired"":true},{""analysis"":""remind me to attend the planning session for the appointment on Thu Aug 6 at 4:15 pm, okay that's all"",""delivery"":""notification"",""due"":1786047300,""location"":""nil"",""needsReview"":false,""person"":null,""quote"":""remind me to attend the planning session for the appointment on Thu Aug 6 at 4:15 pm, okay that's all"",""rawQuote"":""remind me to attend the planning session for the appointment on Thu Aug 6 at 16:15, okay that's all"",""recurrence"":""nil"",""reminder"":1786047300,""route"":""Today"",""state"":""resolved"",""title"":""Attend the planning session for the appointment on Thu Aug 6 at 4:15 pm, okay that's all"",""type"":""event"",""wasRepaired"":true}],""operations"":[],""text"":""At three— no, at 16:15. remind me to attend the planning session for the appointment on Thu Aug 6 at 16:15, okay that's all.""}",item_count|over_split|routing|time_preservation|type|wrong_merge:5e5842ef74e4a709,phenomenon_coverage|multi_phenomenon|failure|compound_failure|unusual_item_count|ai_candidate
rd-81b6a62555d87b612b0187fa,,family-two-independent-tasks-person,"Buy oat milk for the client account with Maya Chen. Also, call Maya about dinner.","{""ambiguity_policy"":""act"",""item_count"":2,""items"":[{""date"":null,""facts"":[""buy oat milk for the client account""],""forbidden_facts"":[],""location"":null,""needs_review"":false,""negation"":false,""person"":""Maya Chen"",""prohibition"":false,""recurrence"":null,""route"":""Today"",""state"":""outstanding"",""time"":null,""title"":""buy oat milk for the client account"",""type"":""task""},{""date"":null,""facts"":[""call Maya about dinner""],""forbidden_facts"":[],""location"":null,""needs_review"":false,""negation"":false,""person"":null,""prohibition"":false,""recurrence"":null,""route"":""Today"",""state"":""outstanding"",""time"":null,""title"":""call Maya about dinner"",""type"":""task""}],""operations"":[],""shared_context"":{""location"":null,""person"":null,""temporal"":null}}","{""items"":[{""analysis"":""Buy oat milk for the client account with Maya Chen"",""delivery"":""none"",""due"":null,""location"":""nil"",""needsReview"":false,""person"":null,""quote"":""Buy oat milk for the client account with Maya Chen"",""rawQuote"":""Buy oat milk for the client account with Maya Chen"",""recurrence"":""nil"",""reminder"":null,""route"":""Today"",""state"":""resolved"",""title"":""Buy oat milk for the client account with Maya Chen"",""type"":""shopping"",""wasRepaired"":false},{""analysis"":""call Maya about dinner"",""delivery"":""none"",""due"":null,""location"":""nil"",""needsReview"":false,""person"":""Maya"",""quote"":""call Maya about dinner"",""rawQuote"":""call Maya about dinner"",""recurrence"":""nil"",""reminder"":null,""route"":""Today"",""state"":""resolved"",""title"":""Call Maya about dinner"",""type"":""personFollowUp"",""wasRepaired"":false}],""operations"":[],""text"":""Buy oat milk for the client account with Maya Chen. Also, call Maya about dinner.""}",person_preservation|type:9d0cc991e51b6027,failure|hash_random_fill
rd-1d74f94b2c19a1fb265d6136,rambling-introduction,family-partial-review-person-date,"Let me put this down while I remember: I'm not sure whether this is a task or just something to keep, but remember that follow up about the proposal for the birthday with Priya Shah.","{""ambiguity_policy"":""preserve-only"",""item_count"":1,""items"":[{""date"":null,""facts"":[""follow up about the proposal for the birthday""],""forbidden_facts"":[],""location"":null,""needs_review"":true,""negation"":false,""person"":""Priya Shah"",""prohibition"":false,""recurrence"":null,""route"":""Memory"",""state"":""uncertain"",""time"":null,""title"":""follow up about the proposal for the birthday"",""type"":""note""}],""operations"":[],""shared_context"":{""location"":null,""person"":null,""temporal"":null}}","{""items"":[{""analysis"":""Let me put this down while I remember: I'm not sure whether this is a task or just something to keep, but remember that follow up about the proposal for the birthday with Priya Shah."",""delivery"":""none"",""due"":null,""location"":""nil"",""needsReview"":false,""person"":null,""quote"":""Let me put this down while I remember: I'm not sure whether this is a task or just something to keep, but remember that follow up about the proposal for the birthday with Priya Shah."",""rawQuote"":""Let me put this down while I remember: I'm not sure whether this is a task or just something to keep, but remember that follow up about the proposal for the birthday with Priya Shah."",""recurrence"":""nil"",""reminder"":null,""route"":""Memory"",""state"":""resolved"",""title"":""Let me put this down while I remember: I'm not sure whether this is a task or just something to keep, but remember that follow up about the proposal for the birthday with Priya Shah"",""type"":""note"",""wasRepaired"":false}],""operations"":[],""text"":""Let me put this down while I remember: I'm not sure whether this is a task or just something to keep, but remember that follow up about the proposal for the birthday with Priya Shah.""}",person_preservation|review_ambiguity_behavior:70d7a26bcbf573eb,phenomenon_coverage|failure|ai_candidate
rd-9861124c303503d90841c01b,sign-off-trailing-noise,family-single-task-plain,"Send the project update for the core project, okay thanks, sent from my phone.","{""ambiguity_policy"":""act"",""item_count"":1,""items"":[{""date"":null,""facts"":[""send the project update for the core project""],""forbidden_facts"":[],""location"":null,""needs_review"":false,""negation"":false,""person"":null,""prohibition"":false,""recurrence"":null,""route"":""Today"",""state"":""outstanding"",""time"":null,""title"":""send the project update for the core project"",""type"":""task""}],""operations"":[],""shared_context"":{""location"":null,""person"":null,""temporal"":null}}","{""items"":[{""analysis"":""Send the project update for the core project, okay thanks, sent from my phone."",""delivery"":""none"",""due"":null,""location"":""nil"",""needsReview"":false,""person"":null,""quote"":""Send the project update for the core project, okay thanks, sent from my phone."",""rawQuote"":""Send the project update for the core project, okay thanks, sent from my phone."",""recurrence"":""nil"",""reminder"":null,""route"":""Today"",""state"":""resolved"",""title"":""Send the project update for the core project, okay thanks, sent from my phone"",""type"":""task"",""wasRepaired"":false}],""operations"":[],""text"":""Send the project update for the core project, okay thanks, sent from my phone.""}",,phenomenon_coverage
rd-835329e9b82208df10373ec0,,family-date-only-shared-context,Note the warranty date for the launch with Elena Costa at Farm Boy on Fri Aug 7.,"{""ambiguity_policy"":""act"",""item_count"":1,""items"":[{""date"":""Fri Aug 7"",""facts"":[""note the warranty date for the launch""],""forbidden_facts"":[],""location"":""Farm Boy"",""needs_review"":false,""negation"":false,""person"":""Elena Costa"",""prohibition"":false,""recurrence"":null,""route"":""Memory"",""state"":""informational"",""time"":null,""title"":""note the warranty date for the launch"",""type"":""note""}],""operations"":[],""shared_context"":{""location"":null,""person"":null,""temporal"":null}}","{""items"":[{""analysis"":""Note the warranty date for the launch with Elena Costa at Farm Boy on Fri Aug 7."",""delivery"":""none"",""due"":null,""location"":""nil"",""needsReview"":false,""person"":null,""quote"":""Note the warranty date for the launch with Elena Costa at Farm Boy on Fri Aug 7."",""rawQuote"":""Note the warranty date for the launch with Elena Costa at Farm Boy on Fri Aug 7."",""recurrence"":""nil"",""reminder"":null,""route"":""Memory"",""state"":""resolved"",""title"":""The warranty date for the launch with Elena Costa at Farm Boy on Fri Aug 7"",""type"":""note"",""wasRepaired"":false}],""operations"":[],""text"":""Note the warranty date for the launch with Elena Costa at Farm Boy on Fri Aug 7.""}",date_preservation|location_preservation|person_preservation:7a8c952485b3c07d,failure|hash_random_fill
rd-85e254eec66da268140e07cc,,family-cancellation-priority-context,Cancel the saved reminder to water the basil for the tax filing.,"{""ambiguity_policy"":""act"",""item_count"":0,""items"":[],""operations"":[{""operation"":""cancel"",""scoped"":false,""target"":""water the basil for the tax filing""}],""shared_context"":{""location"":null,""person"":null,""temporal"":null}}","{""items"":[],""operations"":[{""operation"":""cancel"",""scoped"":false,""target"":""saved reminder to water the basil for the tax filing""}],""text"":""Cancel the saved reminder to water the basil for the tax filing.""}",cancellation_correctness:78b75480f29ec647,safety_critical|failure
rd-5aee3401a901396f1352a870,recurrence,family-recurrence-relative-date,"Every Tuesday, Take out the recycling for the travel plan on Tue Aug 4 every Tuesday.","{""ambiguity_policy"":""act"",""item_count"":1,""items"":[{""date"":""Tue Aug 4"",""facts"":[""take out the recycling for the travel plan""],""forbidden_facts"":[],""location"":null,""needs_review"":false,""negation"":false,""person"":null,""prohibition"":false,""recurrence"":""weekly:tuesday"",""route"":""Today"",""state"":""outstanding"",""time"":null,""title"":""take out the recycling for the travel plan"",""type"":""reminder""}],""operations"":[],""shared_context"":{""location"":null,""person"":null,""temporal"":null}}","{""items"":[{""analysis"":""Every Tuesday Take out the recycling for the travel plan on Tue Aug 4 every Tuesday"",""delivery"":""none"",""due"":1785848400,""location"":""nil"",""needsReview"":false,""person"":null,""quote"":""Take out the recycling for the travel plan on Tue Aug 4 every Tuesday"",""rawQuote"":""Take out the recycling for the travel plan on Tue Aug 4 every Tuesday"",""recurrence"":""weekly x1 days[3]"",""reminder"":null,""route"":""Today"",""state"":""resolved"",""title"":""Take out the recycling for the travel plan on Tue Aug 4 every Tuesday"",""type"":""task"",""wasRepaired"":false}],""operations"":[],""text"":""Every Tuesday, Take out the recycling for the travel plan on Tue Aug 4 every Tuesday.""}",type:177d7631d2f6bfa4,phenomenon_coverage|failure|suspicious_synthetic
rd-044efa7fe8dcd79648c22f40,,family-two-tasks-shared-location-person-time,"Print the handouts for the interview with Noah Brooks at Farm Boy on Tue Aug 4 at 09:30. Also, call Maya about dinner with Noah Brooks at Farm Boy on Tue Aug 4 at 09:30.","{""ambiguity_policy"":""act"",""item_count"":2,""items"":[{""date"":""Tue Aug 4"",""facts"":[""print the handouts for the interview""],""forbidden_facts"":[],""location"":""Farm Boy"",""needs_review"":false,""negation"":false,""person"":""Noah Brooks"",""prohibition"":false,""recurrence"":null,""route"":""Today"",""state"":""outstanding"",""time"":""09:30"",""title"":""print the handouts for the interview"",""type"":""task""},{""date"":""Tue Aug 4"",""facts"":[""call Maya about dinner""],""forbidden_facts"":[],""location"":""Farm Boy"",""needs_review"":false,""negation"":false,""person"":""Noah Brooks"",""prohibition"":false,""recurrence"":null,""route"":""Today"",""state"":""outstanding"",""time"":""09:30"",""title"":""call Maya about dinner"",""type"":""task""}],""operations"":[],""shared_context"":{""location"":""Farm Boy"",""person"":""Noah Brooks"",""temporal"":null}}","{""items"":[{""analysis"":""Print the handouts for the interview with Noah Brooks at Farm Boy on Tue Aug 4 at 09:30"",""delivery"":""none"",""due"":1785850200,""location"":""nil"",""needsReview"":false,""person"":null,""quote"":""Print the handouts for the interview with Noah Brooks at Farm Boy on Tue Aug 4 at 09:30"",""rawQuote"":""Print the handouts for the interview with Noah Brooks at Farm Boy on Tue Aug 4 at 09:30"",""recurrence"":""nil"",""reminder"":null,""route"":""Today"",""state"":""resolved"",""title"":""Print the handouts for the interview with Noah Brooks at Farm Boy on Tue Aug 4 at 09:30"",""type"":""task"",""wasRepaired"":false},{""analysis"":""call Maya about dinner with Noah Brooks at Farm Boy on Tue Aug 4 at 09:30"",""delivery"":""none"",""due"":1785850200,""location"":""nil"",""needsReview"":false,""person"":""Maya"",""quote"":""call Maya about dinner with Noah Brooks at Farm Boy on Tue Aug 4 at 09:30"",""rawQuote"":""call Maya about dinner with Noah Brooks at Farm Boy on Tue Aug 4 at 09:30"",""recurrence"":""nil"",""reminder"":null,""route"":""Today"",""state"":""resolved"",""title"":""Call Maya about dinner with Noah Brooks at Farm Boy on Tue Aug 4 at 09:30"",""type"":""personFollowUp"",""wasRepaired"":false}],""operations"":[],""text"":""Print the handouts for the interview with Noah Brooks at Farm Boy on Tue Aug 4 at 09:30. Also, call Maya about dinner with Noah Brooks at Farm Boy on Tue Aug 4 at 09:30.""}",location_preservation|person_preservation|time_preservation|type:a8ea155a6d94fb7f,failure|hash_random_fill
rd-75ef5cac429393e4bc1efff5,,family-partial-review-relative-date,Maybe follow up about the proposal for the travel plan…,"{""ambiguity_policy"":""preserve-only"",""item_count"":1,""items"":[{""date"":null,""facts"":[""follow up about the proposal for the travel plan""],""forbidden_facts"":[],""location"":null,""needs_review"":true,""negation"":false,""person"":null,""prohibition"":false,""recurrence"":null,""route"":""Memory"",""state"":""uncertain"",""time"":null,""title"":""follow up about the proposal for the travel plan"",""type"":""note""}],""operations"":[],""shared_context"":{""location"":null,""person"":null,""temporal"":null}}","{""items"":[{""analysis"":""Maybe follow up about the proposal for the travel plan…"",""delivery"":""none"",""due"":null,""location"":""nil"",""needsReview"":false,""person"":null,""quote"":""Maybe follow up about the proposal for the travel plan…"",""rawQuote"":""Maybe follow up about the proposal for the travel plan…"",""recurrence"":""nil"",""reminder"":null,""route"":""Today"",""state"":""resolved"",""title"":""Follow up about the proposal for the travel plan…"",""type"":""task"",""wasRepaired"":false}],""operations"":[],""text"":""Maybe follow up about the proposal for the travel plan…""}",review_ambiguity_behavior|routing|type:f8100f4eecde71a2,failure|hash_random_fill
rd-9004915c47da2ba8fcbc93ba,false-start|restart|multiple-thoughts|numbered-list|sign-off-trailing-noise,family-information-plus-task-person-date,"Okay, two things. First, I want to remember that the tea shelf is empty; then remind me to order more tea for the birthday with Priya Shah on Tue Aug 4, okay that's all.","{""ambiguity_policy"":""act"",""item_count"":2,""items"":[{""date"":null,""facts"":[""the tea shelf is empty""],""forbidden_facts"":[],""location"":null,""needs_review"":false,""negation"":false,""person"":null,""prohibition"":false,""recurrence"":null,""route"":""Memory"",""state"":""informational"",""time"":null,""title"":""the tea shelf is empty"",""type"":""memory""},{""date"":""Tue Aug 4"",""facts"":[""order more tea for the birthday""],""forbidden_facts"":[],""location"":null,""needs_review"":false,""negation"":false,""person"":""Priya Shah"",""prohibition"":false,""recurrence"":null,""route"":""Today"",""state"":""outstanding"",""time"":null,""title"":""order more tea for the birthday"",""type"":""task""}],""operations"":[],""shared_context"":{""location"":null,""person"":null,""temporal"":null}}","{""items"":[{""analysis"":""two things"",""delivery"":""none"",""due"":null,""location"":""nil"",""needsReview"":false,""person"":null,""quote"":""two things"",""rawQuote"":""two things"",""recurrence"":""nil"",""reminder"":null,""route"":""Memory"",""state"":""resolved"",""title"":""Two things"",""type"":""note"",""wasRepaired"":false},{""analysis"":""I want to remember that the tea shelf is empty"",""delivery"":""none"",""due"":null,""location"":""nil"",""needsReview"":false,""person"":null,""quote"":""I want to remember that the tea shelf is empty"",""rawQuote"":""I want to remember that the tea shelf is empty"",""recurrence"":""nil"",""reminder"":null,""route"":""Memory"",""state"":""resolved"",""title"":""The tea shelf is empty"",""type"":""note"",""wasRepaired"":false},{""analysis"":""remind me to order more tea for the birthday with Priya Shah on Tue Aug 4, okay that's all"",""delivery"":""notification"",""due"":1785816000,""location"":""nil"",""needsReview"":false,""person"":null,""quote"":""remind me to order more tea for the birthday with Priya Shah on Tue Aug 4, okay that's all"",""rawQuote"":""remind me to order more tea for the birthday with Priya Shah on Tue Aug 4, okay that's all"",""recurrence"":""nil"",""reminder"":1785848400,""route"":""Today"",""state"":""resolved"",""title"":""Order more tea for the birthday with Priya Shah on Tue Aug 4, okay that's all"",""type"":""shopping"",""wasRepaired"":false}],""operations"":[],""text"":""Okay, two things. First, I want to remember that the tea shelf is empty; then remind me to order more tea for the birthday with Priya Shah on Tue Aug 4, okay that's all.""}",date_preservation|item_count|over_split|person_preservation|routing|type|wrong_merge:59da48662667f98e,phenomenon_coverage|multi_phenomenon|failure|compound_failure|unusual_item_count|ai_candidate
rd-2e044a36436b1498ed0a6fb7,conditional-intent,family-partial-review-plain,"If Maya calls, Maybe follow up about the proposal for the core project.","{""ambiguity_policy"":""preserve-only"",""item_count"":1,""items"":[{""date"":null,""facts"":[""follow up about the proposal for the core project""],""forbidden_facts"":[],""location"":null,""needs_review"":true,""negation"":false,""person"":null,""prohibition"":false,""recurrence"":null,""route"":""Memory"",""state"":""uncertain"",""time"":null,""title"":""follow up about the proposal for the core project"",""type"":""note""}],""operations"":[],""shared_context"":{""location"":null,""person"":null,""temporal"":null}}","{""items"":[{""analysis"":""If Maya calls, Maybe follow up about the proposal for the core project."",""delivery"":""none"",""due"":null,""location"":""nil"",""needsReview"":false,""person"":null,""quote"":""If Maya calls, Maybe follow up about the proposal for the core project."",""rawQuote"":""If Maya calls, Maybe follow up about the proposal for the core project."",""recurrence"":""nil"",""reminder"":null,""route"":""Memory"",""state"":""resolved"",""title"":""If Maya calls, Maybe follow up about the proposal for the core project"",""type"":""note"",""wasRepaired"":false}],""operations"":[],""text"":""If Maya calls, Maybe follow up about the proposal for the core project.""}",review_ambiguity_behavior:1ed05df13adc5ba4,phenomenon_coverage|failure|suspicious_synthetic
rd-373e2ef659e9333d8c17eb72,past-event,family-memory-plain,Yesterday I did this: Remember the window-seat preference for the core project.,"{""ambiguity_policy"":""act"",""item_count"":1,""items"":[{""date"":null,""facts"":[""remember the window-seat preference for the core project""],""forbidden_facts"":[],""location"":null,""needs_review"":false,""negation"":false,""person"":null,""prohibition"":false,""recurrence"":null,""route"":""Memory"",""state"":""informational"",""time"":null,""title"":""remember the window-seat preference for the core project"",""type"":""memory""}],""operations"":[],""shared_context"":{""location"":null,""person"":null,""temporal"":null}}","{""items"":[{""analysis"":""Yesterday I did this:"",""delivery"":""none"",""due"":null,""location"":""nil"",""needsReview"":false,""person"":null,""quote"":""Yesterday I did this:"",""rawQuote"":""Yesterday I did this:"",""recurrence"":""nil"",""reminder"":null,""route"":""Memory"",""state"":""resolved"",""title"":""Yesterday I did this"",""type"":""note"",""wasRepaired"":false},{""analysis"":""Remember the window-seat preference for the core project"",""delivery"":""none"",""due"":null,""location"":""nil"",""needsReview"":false,""person"":null,""quote"":""Remember the window-seat preference for the core project"",""rawQuote"":""Remember the window-seat preference for the core project"",""recurrence"":""nil"",""reminder"":null,""route"":""Memory"",""state"":""resolved"",""title"":""The window-seat preference for the core project"",""type"":""note"",""wasRepaired"":false}],""operations"":[],""text"":""Yesterday I did this: Remember the window-seat preference for the core project.""}",item_count|over_split|routing|type|wrong_merge:41caf148a3bc59f8,phenomenon_coverage|failure|compound_failure|unusual_item_count|suspicious_synthetic
rd-5277e8ac32555a6a919965e8,,family-completed-action-weekend-context,Already file the tax receipt for the family trip with Xochitl Rivera at Farm Boy on Sat Aug 8 at 11:00.,"{""ambiguity_policy"":""act"",""item_count"":1,""items"":[{""date"":""Sat Aug 8"",""facts"":[""file the tax receipt for the family trip""],""forbidden_facts"":[],""location"":""Farm Boy"",""needs_review"":false,""negation"":false,""person"":""Xochitl Rivera"",""prohibition"":false,""recurrence"":null,""route"":""Memory"",""state"":""completed"",""time"":""11:00"",""title"":""file the tax receipt for the family trip"",""type"":""memory""}],""operations"":[],""shared_context"":{""location"":null,""person"":null,""temporal"":null}}","{""items"":[],""operations"":[{""operation"":""complete"",""scoped"":false,""target"":""file the tax receipt for the family trip with xochitl rivera at farm boy on sat aug 8 at 11:00""}],""text"":""Already file the tax receipt for the family trip with Xochitl Rivera at Farm Boy on Sat Aug 8 at 11:00.""}",cancellation_correctness|date_preservation|false_negative_item_creation|item_count|location_preservation|lost_information|person_preservation|recurrence_preservation|routing|time_preservation|title_content_preservation|type|under_split|wrong_merge:38bbeb4049f60a00,failure|compound_failure|unusual_item_count|hash_random_fill
rd-f21de9502f40ce818049ebe1,,family-person-fact-priority-context,Remember the design-team detail for the tax filing with Hope Reed on Wed Aug 5.,"{""ambiguity_policy"":""act"",""item_count"":1,""items"":[{""date"":""Wed Aug 5"",""facts"":[""remember the design-team detail for the tax filing""],""forbidden_facts"":[],""location"":null,""needs_review"":false,""negation"":false,""person"":""Hope Reed"",""prohibition"":false,""recurrence"":null,""route"":""Memory"",""state"":""informational"",""time"":null,""title"":""remember the design-team detail for the tax filing"",""type"":""personFact""}],""operations"":[],""shared_context"":{""location"":null,""person"":null,""temporal"":null}}","{""items"":[{""analysis"":""Remember the design-team detail for the tax filing with Hope Reed on Wed Aug 5."",""delivery"":""none"",""due"":null,""location"":""nil"",""needsReview"":false,""person"":null,""quote"":""Remember the design-team detail for the tax filing with Hope Reed on Wed Aug 5."",""rawQuote"":""Remember the design-team detail for the tax filing with Hope Reed on Wed Aug 5."",""recurrence"":""nil"",""reminder"":null,""route"":""Memory"",""state"":""resolved"",""title"":""The design-team detail for the tax filing with Hope Reed on Wed Aug 5"",""type"":""note"",""wasRepaired"":false}],""operations"":[],""text"":""Remember the design-team detail for the tax filing with Hope Reed on Wed Aug 5.""}",date_preservation|person_preservation|type:a3b9372218a74ce2,failure|hash_random_fill
rd-b39a0eb67bb481956e6e5f23,multiple-tasks,family-two-independent-tasks-plain,"Buy oat milk for the core project. Also, call Maya about dinner","{""ambiguity_policy"":""act"",""item_count"":2,""items"":[{""date"":null,""facts"":[""buy oat milk for the core project""],""forbidden_facts"":[],""location"":null,""needs_review"":false,""negation"":false,""person"":null,""prohibition"":false,""recurrence"":null,""route"":""Today"",""state"":""outstanding"",""time"":null,""title"":""buy oat milk for the core project"",""type"":""task""},{""date"":null,""facts"":[""call Maya about dinner""],""forbidden_facts"":[],""location"":null,""needs_review"":false,""negation"":false,""person"":null,""prohibition"":false,""recurrence"":null,""route"":""Today"",""state"":""outstanding"",""time"":null,""title"":""call Maya about dinner"",""type"":""task""}],""operations"":[],""shared_context"":{""location"":null,""person"":null,""temporal"":null}}","{""items"":[{""analysis"":""Buy oat milk for the core project"",""delivery"":""none"",""due"":null,""location"":""nil"",""needsReview"":false,""person"":null,""quote"":""Buy oat milk for the core project"",""rawQuote"":""Buy oat milk for the core project"",""recurrence"":""nil"",""reminder"":null,""route"":""Today"",""state"":""resolved"",""title"":""Buy oat milk for the core project"",""type"":""shopping"",""wasRepaired"":false},{""analysis"":""call Maya about dinner"",""delivery"":""none"",""due"":null,""location"":""nil"",""needsReview"":false,""person"":""Maya"",""quote"":""call Maya about dinner"",""rawQuote"":""call Maya about dinner"",""recurrence"":""nil"",""reminder"":null,""route"":""Today"",""state"":""resolved"",""title"":""Call Maya about dinner"",""type"":""personFollowUp"",""wasRepaired"":false}],""operations"":[],""text"":""Buy oat milk for the core project. Also, call Maya about dinner""}",invented_information|person_preservation|type:86dd6c58726ec962,phenomenon_coverage|failure
rd-c2ae2c8d611f21b0350f92d5,filler-words|rephrasing|rambling-ending,family-task-plus-question-person-time,"Okay, so, make sure I remember to call the venue for the interview with Noah Brooks on Tue Aug 4 at 09:30; then remember that ask when the doors open—yeah, that's what I meant.","{""ambiguity_policy"":""act"",""item_count"":2,""items"":[{""date"":""Tue Aug 4"",""facts"":[""call the venue for the interview""],""forbidden_facts"":[],""location"":null,""needs_review"":false,""negation"":false,""person"":""Noah Brooks"",""prohibition"":false,""recurrence"":null,""route"":""Today"",""state"":""outstanding"",""time"":""09:30"",""title"":""call the venue for the interview"",""type"":""task""},{""date"":null,""facts"":[""ask when the doors open""],""forbidden_facts"":[],""location"":null,""needs_review"":false,""negation"":false,""person"":null,""prohibition"":false,""recurrence"":null,""route"":""Memory"",""state"":""informational"",""time"":null,""title"":""ask when the doors open"",""type"":""note""}],""operations"":[],""shared_context"":{""location"":null,""person"":null,""temporal"":null}}","{""items"":[{""analysis"":""make sure I remember to call the venue for the interview with Noah Brooks on Tue Aug 4 at 09:30"",""delivery"":""none"",""due"":1785850200,""location"":""nil"",""needsReview"":false,""person"":null,""quote"":""make sure I remember to call the venue for the interview with Noah Brooks on Tue Aug 4 at 09:30"",""rawQuote"":""make sure I remember to call the venue for the interview with Noah Brooks on Tue Aug 4 at 09:30"",""recurrence"":""nil"",""reminder"":null,""route"":""Today"",""state"":""resolved"",""title"":""Call the venue for the interview with Noah Brooks on Tue Aug 4 at 09:30"",""type"":""task"",""wasRepaired"":false},{""analysis"":""remember that ask when the doors open—yeah, that's"",""delivery"":""none"",""due"":null,""location"":""nil"",""needsReview"":false,""person"":null,""quote"":""remember that ask when the doors open—yeah, that's"",""rawQuote"":""remember that ask when the doors open—yeah, that's"",""recurrence"":""nil"",""reminder"":null,""route"":""Memory"",""state"":""resolved"",""title"":""Ask when the doors open—yeah, that's"",""type"":""note"",""wasRepaired"":false}],""operations"":[],""text"":""Okay, so, make sure I remember to call the venue for the interview with Noah Brooks on Tue Aug 4 at 09:30; then remember that ask when the doors open—yeah, that's what I meant.""}",person_preservation|time_preservation:166c60e27900812c,phenomenon_coverage|multi_phenomenon|failure|ai_candidate
rd-d039a4346c697d709bf8953e,,family-two-independent-tasks-priority-context,Remind me to buy oat milk for the tax filing with Hope Reed on Wed Aug 5; and also add this to my list: call Maya about dinner.,"{""ambiguity_policy"":""act"",""item_count"":2,""items"":[{""date"":""Wed Aug 5"",""facts"":[""buy oat milk for the tax filing""],""forbidden_facts"":[],""location"":null,""needs_review"":false,""negation"":false,""person"":""Hope Reed"",""prohibition"":false,""recurrence"":null,""route"":""Today"",""state"":""outstanding"",""time"":null,""title"":""buy oat milk for the tax filing"",""type"":""task""},{""date"":null,""facts"":[""call Maya about dinner""],""forbidden_facts"":[],""location"":null,""needs_review"":false,""negation"":false,""person"":null,""prohibition"":false,""recurrence"":null,""route"":""Today"",""state"":""outstanding"",""time"":null,""title"":""call Maya about dinner"",""type"":""task""}],""operations"":[],""shared_context"":{""location"":null,""person"":null,""temporal"":null}}","{""items"":[{""analysis"":""Remind me to buy oat milk for the tax filing with Hope Reed on Wed Aug 5"",""delivery"":""notification"",""due"":1785902400,""location"":""nil"",""needsReview"":false,""person"":null,""quote"":""buy oat milk for the tax filing with Hope Reed on Wed Aug 5"",""rawQuote"":""buy oat milk for the tax filing with Hope Reed on Wed Aug 5"",""recurrence"":""nil"",""reminder"":1785934800,""route"":""Today"",""state"":""resolved"",""title"":""Buy oat milk for the tax filing with Hope Reed on Wed Aug 5"",""type"":""shopping"",""wasRepaired"":false},{""analysis"":""add this to my list:"",""delivery"":""none"",""due"":null,""location"":""nil"",""needsReview"":false,""person"":null,""quote"":""add this to my list:"",""rawQuote"":""add this to my list:"",""recurrence"":""nil"",""reminder"":null,""route"":""Today"",""state"":""resolved"",""title"":""Add this to my list"",""type"":""task"",""wasRepaired"":false},{""analysis"":""call Maya about dinner"",""delivery"":""none"",""due"":null,""location"":""nil"",""needsReview"":false,""person"":""Maya"",""quote"":""call Maya about dinner"",""rawQuote"":""call Maya about dinner"",""recurrence"":""nil"",""reminder"":null,""route"":""Today"",""state"":""resolved"",""title"":""Call Maya about dinner"",""type"":""personFollowUp"",""wasRepaired"":false}],""operations"":[],""text"":""Remind me to buy oat milk for the tax filing with Hope Reed on Wed Aug 5; and also add this to my list: call Maya about dinner.""}",item_count|over_split|person_preservation|routing|time_preservation|type|wrong_merge:fec4b5ad8290f659,failure|compound_failure|unusual_item_count|ai_candidate|hash_random_fill
rd-719d3efe15b88cb189130063,rambling-introduction,family-person-fact-shared-context,Let me put this down while I remember: a note for later: the design-team detail for the launch with Elena Costa at Farm Boy on Fri Aug 7 at 14:00.,"{""ambiguity_policy"":""act"",""item_count"":1,""items"":[{""date"":""Fri Aug 7"",""facts"":[""remember the design-team detail for the launch""],""forbidden_facts"":[],""location"":""Farm Boy"",""needs_review"":false,""negation"":false,""person"":""Elena Costa"",""prohibition"":false,""recurrence"":null,""route"":""Memory"",""state"":""informational"",""time"":""14:00"",""title"":""remember the design-team detail for the launch"",""type"":""personFact""}],""operations"":[],""shared_context"":{""location"":null,""person"":null,""temporal"":null}}","{""items"":[{""analysis"":""Let me put this down while I remember: a note for later: the design-team detail for the launch with Elena Costa at Farm Boy on Fri Aug 7 at 2:00 pm."",""delivery"":""none"",""due"":null,""location"":""nil"",""needsReview"":false,""person"":null,""quote"":""Let me put this down while I remember: a note for later: the design-team detail for the launch with Elena Costa at Farm Boy on Fri Aug 7 at 2:00 pm."",""rawQuote"":""Let me put this down while I remember: a note for later: the design-team detail for the launch with Elena Costa at Farm Boy on Fri Aug 7 at 14:00"",""recurrence"":""nil"",""reminder"":null,""route"":""Memory"",""state"":""resolved"",""title"":""Let me put this down while I remember: a note for later: the design-team detail for the launch with Elena Costa at Farm Boy on Fri Aug 7 at 2:00 pm"",""type"":""note"",""wasRepaired"":true}],""operations"":[],""text"":""Let me put this down while I remember: a note for later: the design-team detail for the launch with Elena Costa at Farm Boy on Fri Aug 7 at 14:00.""}",date_preservation|location_preservation|lost_information|person_preservation|time_preservation|title_content_preservation|type:c58a6b027807b18f,phenomenon_coverage|failure|compound_failure|ai_candidate
rd-459ea600dad8e59d99c63ddb,filler-words|hesitation|rambling-introduction,family-negative-statement-weekend-context,"So there's one thing, um, make a note that the invoice was not sent for the family trip with Xochitl Rivera at Farm Boy on Sat Aug 8 at 11:00, and that's everything.","{""ambiguity_policy"":""act"",""item_count"":1,""items"":[{""date"":""Sat Aug 8"",""facts"":[""record that the invoice was not sent for the family trip""],""forbidden_facts"":[],""location"":""Farm Boy"",""needs_review"":false,""negation"":true,""person"":""Xochitl Rivera"",""prohibition"":false,""recurrence"":null,""route"":""Memory"",""state"":""informational"",""time"":""11:00"",""title"":""record that the invoice was not sent for the family trip"",""type"":""memory""}],""operations"":[],""shared_context"":{""location"":null,""person"":null,""temporal"":null}}","{""items"":[{""analysis"":""there's one thing"",""delivery"":""none"",""due"":null,""location"":""nil"",""needsReview"":false,""person"":null,""quote"":""there's one thing"",""rawQuote"":""there's one thing"",""recurrence"":""nil"",""reminder"":null,""route"":""Memory"",""state"":""resolved"",""title"":""There's one thing"",""type"":""note"",""wasRepaired"":false},{""analysis"":""make a note that the invoice was not sent for the family trip with Xochitl Rivera at Farm Boy on Sat Aug 8 at 11:00, and that's everything"",""delivery"":""none"",""due"":null,""location"":""nil"",""needsReview"":false,""person"":null,""quote"":""make a note that the invoice was not sent for the family trip with Xochitl Rivera at Farm Boy on Sat Aug 8 at 11:00, and that's everything"",""rawQuote"":""make a note that the invoice was not sent for the family trip with Xochitl Rivera at Farm Boy on Sat Aug 8 at 11:00, and that's everything"",""recurrence"":""nil"",""reminder"":null,""route"":""Memory"",""state"":""resolved"",""title"":""The invoice was not sent for the family trip with Xochitl Rivera at Farm Boy on Sat Aug 8 at 11:00, and that's everything"",""type"":""note"",""wasRepaired"":false}],""operations"":[],""text"":""So there's one thing, um, make a note that the invoice was not sent for the family trip with Xochitl Rivera at Farm Boy on Sat Aug 8 at 11:00, and that's everything.""}",date_preservation|item_count|location_preservation|lost_information|negation_correctness|over_split|person_preservation|routing|time_preservation|title_content_preservation|type|wrong_merge:6bf23fd36b1e7646,phenomenon_coverage|safety_critical|multi_phenomenon|failure|compound_failure|unusual_item_count|ai_candidate
rd-718f9d8a607a6034d40cd4cd,code-switch-token,family-single-task-plain,Send the project update for the core project por favor.,"{""ambiguity_policy"":""act"",""item_count"":1,""items"":[{""date"":null,""facts"":[""send the project update for the core project""],""forbidden_facts"":[],""location"":null,""needs_review"":false,""negation"":false,""person"":null,""prohibition"":false,""recurrence"":null,""route"":""Today"",""state"":""outstanding"",""time"":null,""title"":""send the project update for the core project"",""type"":""task""}],""operations"":[],""shared_context"":{""location"":null,""person"":null,""temporal"":null}}","{""items"":[{""analysis"":""Send the project update for the core project por favor."",""delivery"":""none"",""due"":null,""location"":""nil"",""needsReview"":false,""person"":null,""quote"":""Send the project update for the core project por favor."",""rawQuote"":""Send the project update for the core project por favor."",""recurrence"":""nil"",""reminder"":null,""route"":""Today"",""state"":""resolved"",""title"":""Send the project update for the core project por favor"",""type"":""task"",""wasRepaired"":false}],""operations"":[],""text"":""Send the project update for the core project por favor.""}",,phenomenon_coverage
rd-e96b393986a271810d6d2db5,,family-reminder-shared-context,Water the basil for the launch with Elena Costa at Farm Boy on Fri Aug 7 at 14:00.,"{""ambiguity_policy"":""act"",""item_count"":1,""items"":[{""date"":""Fri Aug 7"",""facts"":[""water the basil for the launch""],""forbidden_facts"":[],""location"":""Farm Boy"",""needs_review"":false,""negation"":false,""person"":""Elena Costa"",""prohibition"":false,""recurrence"":null,""route"":""Today"",""state"":""outstanding"",""time"":""14:00"",""title"":""water the basil for the launch"",""type"":""reminder""}],""operations"":[],""shared_context"":{""location"":null,""person"":null,""temporal"":null}}","{""items"":[{""analysis"":""Water the basil for the launch with Elena Costa at Farm Boy on Fri Aug 7 at 2:00 pm."",""delivery"":""none"",""due"":1786125600,""location"":""nil"",""needsReview"":false,""person"":null,""quote"":""Water the basil for the launch with Elena Costa at Farm Boy on Fri Aug 7 at 2:00 pm."",""rawQuote"":""Water the basil for the launch with Elena Costa at Farm Boy on Fri Aug 7 at 14:00"",""recurrence"":""nil"",""reminder"":null,""route"":""Today"",""state"":""resolved"",""title"":""Water the basil for the launch with Elena Costa at Farm Boy on Fri Aug 7 at 2:00 pm"",""type"":""task"",""wasRepaired"":true}],""operations"":[],""text"":""Water the basil for the launch with Elena Costa at Farm Boy on Fri Aug 7 at 14:00.""}",location_preservation|person_preservation|time_preservation|type:a8ea155a6d94fb7f,failure|hash_random_fill
rd-76457c50c4e2d1b616b4b902,,family-date-correction-priority-context,I need a reminder to renew the membership for the tax filing with Hope Reed on Sat Aug 8.,"{""ambiguity_policy"":""act"",""item_count"":1,""items"":[{""date"":""Sat Aug 8"",""facts"":[""renew the membership for the tax filing""],""forbidden_facts"":[""Fri Aug 7""],""location"":null,""needs_review"":false,""negation"":false,""person"":""Hope Reed"",""prohibition"":false,""recurrence"":null,""route"":""Today"",""state"":""outstanding"",""time"":null,""title"":""renew the membership for the tax filing"",""type"":""task""}],""operations"":[],""shared_context"":{""location"":null,""person"":null,""temporal"":null}}","{""items"":[{""analysis"":""I need a reminder to renew the membership for the tax filing with Hope Reed on Sat Aug 8."",""delivery"":""notification"",""due"":1786161600,""location"":""nil"",""needsReview"":false,""person"":null,""quote"":""I need a reminder to renew the membership for the tax filing with Hope Reed on Sat Aug 8."",""rawQuote"":""I need a reminder to renew the membership for the tax filing with Hope Reed on Sat Aug 8."",""recurrence"":""nil"",""reminder"":1786194000,""route"":""Today"",""state"":""resolved"",""title"":""Renew the membership for the tax filing with Hope Reed on Sat Aug 8"",""type"":""task"",""wasRepaired"":false}],""operations"":[],""text"":""I need a reminder to renew the membership for the tax filing with Hope Reed on Sat Aug 8.""}",person_preservation|time_preservation:166c60e27900812c,failure|ai_candidate|hash_random_fill
rd-e7d8262f649e806f29a0033b,,family-event-relative-date,Attend the planning session for the travel plan on Tue Aug 4.,"{""ambiguity_policy"":""act"",""item_count"":1,""items"":[{""date"":""Tue Aug 4"",""facts"":[""attend the planning session for the travel plan""],""forbidden_facts"":[],""location"":null,""needs_review"":false,""negation"":false,""person"":null,""prohibition"":false,""recurrence"":null,""route"":""Today"",""state"":""outstanding"",""time"":null,""title"":""attend the planning session for the travel plan"",""type"":""event""}],""operations"":[],""shared_context"":{""location"":null,""person"":null,""temporal"":null}}","{""items"":[{""analysis"":""Attend the planning session for the travel plan on Tue Aug 4."",""delivery"":""none"",""due"":1785816000,""location"":""nil"",""needsReview"":false,""person"":null,""quote"":""Attend the planning session for the travel plan on Tue Aug 4."",""rawQuote"":""Attend the planning session for the travel plan on Tue Aug 4."",""recurrence"":""nil"",""reminder"":null,""route"":""Today"",""state"":""resolved"",""title"":""Attend the planning session for the travel plan on Tue Aug 4"",""type"":""task"",""wasRepaired"":false}],""operations"":[],""text"":""Attend the planning session for the travel plan on Tue Aug 4.""}",type:177d7631d2f6bfa4,failure|hash_random_fill
rd-71687049ccf456350774e7ac,,family-recurrence-named-location,Take out the recycling for the errand at Farm Boy on Tue Aug 4 every Tuesday.,"{""ambiguity_policy"":""act"",""item_count"":1,""items"":[{""date"":""Tue Aug 4"",""facts"":[""take out the recycling for the errand""],""forbidden_facts"":[],""location"":""Farm Boy"",""needs_review"":false,""negation"":false,""person"":null,""prohibition"":false,""recurrence"":""weekly:tuesday"",""route"":""Today"",""state"":""outstanding"",""time"":null,""title"":""take out the recycling for the errand"",""type"":""reminder""}],""operations"":[],""shared_context"":{""location"":null,""person"":null,""temporal"":null}}","{""items"":[{""analysis"":""Take out the recycling for the errand at Farm Boy on Tue Aug 4 every Tuesday."",""delivery"":""none"",""due"":1785848400,""location"":""nil"",""needsReview"":false,""person"":null,""quote"":""Take out the recycling for the errand at Farm Boy on Tue Aug 4 every Tuesday."",""rawQuote"":""Take out the recycling for the errand at Farm Boy on Tue Aug 4 every Tuesday."",""recurrence"":""weekly x1 days[3]"",""reminder"":null,""route"":""Today"",""state"":""resolved"",""title"":""Take out the recycling for the errand at Farm Boy on Tue Aug 4 every Tuesday"",""type"":""task"",""wasRepaired"":false}],""operations"":[],""text"":""Take out the recycling for the errand at Farm Boy on Tue Aug 4 every Tuesday.""}",location_preservation|type:f801f2db117f0ea1,failure|hash_random_fill
rd-22cbd916238105a22007f2ea,,family-cancellation-plain,Cancel the saved reminder to water the basil for the core project.,"{""ambiguity_policy"":""act"",""item_count"":0,""items"":[],""operations"":[{""operation"":""cancel"",""scoped"":false,""target"":""water the basil for the core project""}],""shared_context"":{""location"":null,""person"":null,""temporal"":null}}","{""items"":[],""operations"":[{""operation"":""cancel"",""scoped"":false,""target"":""saved reminder to water the basil for the core project""}],""text"":""Cancel the saved reminder to water the basil for the core project.""}",cancellation_correctness:78b75480f29ec647,safety_critical|failure
rd-37c73b53461707c5578aae56,,family-information-plus-task-priority-context,Remember that the tea shelf is empty; and also I need a reminder to order more tea for the tax filing with Hope Reed on Wed Aug 5.,"{""ambiguity_policy"":""act"",""item_count"":2,""items"":[{""date"":null,""facts"":[""the tea shelf is empty""],""forbidden_facts"":[],""location"":null,""needs_review"":false,""negation"":false,""person"":null,""prohibition"":false,""recurrence"":null,""route"":""Memory"",""state"":""informational"",""time"":null,""title"":""the tea shelf is empty"",""type"":""memory""},{""date"":""Wed Aug 5"",""facts"":[""order more tea for the tax filing""],""forbidden_facts"":[],""location"":null,""needs_review"":false,""negation"":false,""person"":""Hope Reed"",""prohibition"":false,""recurrence"":null,""route"":""Today"",""state"":""outstanding"",""time"":null,""title"":""order more tea for the tax filing"",""type"":""task""}],""operations"":[],""shared_context"":{""location"":null,""person"":null,""temporal"":null}}","{""items"":[{""analysis"":""Remember that the tea shelf is empty"",""delivery"":""none"",""due"":null,""location"":""nil"",""needsReview"":false,""person"":null,""quote"":""Remember that the tea shelf is empty"",""rawQuote"":""Remember that the tea shelf is empty"",""recurrence"":""nil"",""reminder"":null,""route"":""Memory"",""state"":""resolved"",""title"":""The tea shelf is empty"",""type"":""note"",""wasRepaired"":false},{""analysis"":""I need a reminder to order more tea for the tax filing with Hope Reed on Wed Aug 5"",""delivery"":""notification"",""due"":1785902400,""location"":""nil"",""needsReview"":false,""person"":null,""quote"":""I need a reminder to order more tea for the tax filing with Hope Reed on Wed Aug 5"",""rawQuote"":""I need a reminder to order more tea for the tax filing with Hope Reed on Wed Aug 5"",""recurrence"":""nil"",""reminder"":1785934800,""route"":""Today"",""state"":""resolved"",""title"":""Order more tea for the tax filing with Hope Reed on Wed Aug 5"",""type"":""shopping"",""wasRepaired"":false}],""operations"":[],""text"":""Remember that the tea shelf is empty; and also I need a reminder to order more tea for the tax filing with Hope Reed on Wed Aug 5.""}",person_preservation|time_preservation|type:aee8c4776546e0a4,failure|ai_candidate|hash_random_fill
rd-6b319a4a35e5ecbbc143db16,,family-idea-weekend-context,Try a walking meeting for the family trip with Xochitl Rivera at Farm Boy on Sat Aug 8 at 11:00.,"{""ambiguity_policy"":""act"",""item_count"":1,""items"":[{""date"":""Sat Aug 8"",""facts"":[""try a walking meeting for the family trip""],""forbidden_facts"":[],""location"":""Farm Boy"",""needs_review"":false,""negation"":false,""person"":""Xochitl Rivera"",""prohibition"":false,""recurrence"":null,""route"":""Memory"",""state"":""informational"",""time"":""11:00"",""title"":""try a walking meeting for the family trip"",""type"":""idea""}],""operations"":[],""shared_context"":{""location"":null,""person"":null,""temporal"":null}}","{""items"":[{""analysis"":""Try a walking meeting for the family trip with Xochitl Rivera at Farm Boy on Sat Aug 8 at 11:00."",""delivery"":""none"",""due"":1786201200,""location"":""nil"",""needsReview"":false,""person"":null,""quote"":""Try a walking meeting for the family trip with Xochitl Rivera at Farm Boy on Sat Aug 8 at 11:00."",""rawQuote"":""Try a walking meeting for the family trip with Xochitl Rivera at Farm Boy on Sat Aug 8 at 11:00."",""recurrence"":""nil"",""reminder"":null,""route"":""Today"",""state"":""resolved"",""title"":""Try a walking meeting for the family trip with Xochitl Rivera at Farm Boy on Sat Aug 8 at 11:00"",""type"":""event"",""wasRepaired"":false}],""operations"":[],""text"":""Try a walking meeting for the family trip with Xochitl Rivera at Farm Boy on Sat Aug 8 at 11:00.""}",location_preservation|person_preservation|routing|time_preservation|type:b9edb7e3b3728e13,failure|compound_failure|hash_random_fill
rd-0ea1d2f0a1597b82227d1ee9,,family-ambiguous-review-exact-time,Maybe send the document to her for the appointment…,"{""ambiguity_policy"":""review"",""item_count"":1,""items"":[{""date"":null,""facts"":[""send the document to her for the appointment""],""forbidden_facts"":[],""location"":null,""needs_review"":true,""negation"":false,""person"":null,""prohibition"":false,""recurrence"":null,""route"":""Memory"",""state"":""uncertain"",""time"":null,""title"":""send the document to her for the appointment"",""type"":""note""}],""operations"":[],""shared_context"":{""location"":null,""person"":null,""temporal"":null}}","{""items"":[{""analysis"":""Maybe send the document to her for the appointment…"",""delivery"":""none"",""due"":null,""location"":""nil"",""needsReview"":false,""person"":null,""quote"":""Maybe send the document to her for the appointment…"",""rawQuote"":""Maybe send the document to her for the appointment…"",""recurrence"":""nil"",""reminder"":null,""route"":""Today"",""state"":""resolved"",""title"":""Send the document to her for the appointment…"",""type"":""task"",""wasRepaired"":false}],""operations"":[],""text"":""Maybe send the document to her for the appointment…""}",review_ambiguity_behavior|routing|type:f8100f4eecde71a2,failure|hash_random_fill
rd-86a9999fd4875d90bdd0688d,hesitation|sign-off-trailing-noise,family-information-plus-task-priority-context,"Hmm, remember that the tea shelf is empty; and also I need a reminder to order more tea for the tax filing with Hope Reed on Wed Aug 5; yeah, keep that for me.","{""ambiguity_policy"":""act"",""item_count"":2,""items"":[{""date"":null,""facts"":[""the tea shelf is empty""],""forbidden_facts"":[],""location"":null,""needs_review"":false,""negation"":false,""person"":null,""prohibition"":false,""recurrence"":null,""route"":""Memory"",""state"":""informational"",""time"":null,""title"":""the tea shelf is empty"",""type"":""memory""},{""date"":""Wed Aug 5"",""facts"":[""order more tea for the tax filing""],""forbidden_facts"":[],""location"":null,""needs_review"":false,""negation"":false,""person"":""Hope Reed"",""prohibition"":false,""recurrence"":null,""route"":""Today"",""state"":""outstanding"",""time"":null,""title"":""order more tea for the tax filing"",""type"":""task""}],""operations"":[],""shared_context"":{""location"":null,""person"":null,""temporal"":null}}","{""items"":[{""analysis"":""remember that the tea shelf is empty"",""delivery"":""none"",""due"":null,""location"":""nil"",""needsReview"":false,""person"":null,""quote"":""remember that the tea shelf is empty"",""rawQuote"":""remember that the tea shelf is empty"",""recurrence"":""nil"",""reminder"":null,""route"":""Memory"",""state"":""resolved"",""title"":""The tea shelf is empty"",""type"":""note"",""wasRepaired"":false},{""analysis"":""I need a reminder to order more tea for the tax filing with Hope Reed on Wed Aug 5"",""delivery"":""notification"",""due"":1785902400,""location"":""nil"",""needsReview"":false,""person"":null,""quote"":""I need a reminder to order more tea for the tax filing with Hope Reed on Wed Aug 5"",""rawQuote"":""I need a reminder to order more tea for the tax filing with Hope Reed on Wed Aug 5"",""recurrence"":""nil"",""reminder"":1785934800,""route"":""Today"",""state"":""resolved"",""title"":""Order more tea for the tax filing with Hope Reed on Wed Aug 5"",""type"":""shopping"",""wasRepaired"":false},{""analysis"":""yeah, keep that for me"",""delivery"":""none"",""due"":null,""location"":""nil"",""needsReview"":false,""person"":null,""quote"":""yeah, keep that for me"",""rawQuote"":""yeah, keep that for me"",""recurrence"":""nil"",""reminder"":null,""route"":""Today"",""state"":""resolved"",""title"":""Keep that for me"",""type"":""task"",""wasRepaired"":false}],""operations"":[],""text"":""Hmm, remember that the tea shelf is empty; and also I need a reminder to order more tea for the tax filing with Hope Reed on Wed Aug 5; yeah, keep that for me.""}",item_count|over_split|person_preservation|routing|time_preservation|type|wrong_merge:fec4b5ad8290f659,phenomenon_coverage|multi_phenomenon|failure|compound_failure|unusual_item_count|ai_candidate
rd-bab87af19156cd9ec8a5d562,,family-ambiguous-review-plain,"I'm not sure whether this is a task or just something to keep, but a note for later: send the document to her for the core project.","{""ambiguity_policy"":""review"",""item_count"":1,""items"":[{""date"":null,""facts"":[""send the document to her for the core project""],""forbidden_facts"":[],""location"":null,""needs_review"":true,""negation"":false,""person"":null,""prohibition"":false,""recurrence"":null,""route"":""Memory"",""state"":""uncertain"",""time"":null,""title"":""send the document to her for the core project"",""type"":""note""}],""operations"":[],""shared_context"":{""location"":null,""person"":null,""temporal"":null}}","{""items"":[{""analysis"":""I'm not sure whether this is a task or just something to keep, but a note for later:"",""delivery"":""none"",""due"":null,""location"":""nil"",""needsReview"":false,""person"":null,""quote"":""I'm not sure whether this is a task or just something to keep, but a note for later:"",""rawQuote"":""I'm not sure whether this is a task or just something to keep, but a note for later:"",""recurrence"":""nil"",""reminder"":null,""route"":""Memory"",""state"":""resolved"",""title"":""I'm not sure whether this is a task or just something to keep, but a note for later"",""type"":""note"",""wasRepaired"":false},{""analysis"":""send the document to her for the core project"",""delivery"":""none"",""due"":null,""location"":""nil"",""needsReview"":false,""person"":null,""quote"":""send the document to her for the core project"",""rawQuote"":""send the document to her for the core project"",""recurrence"":""nil"",""reminder"":null,""route"":""Today"",""state"":""resolved"",""title"":""Send the document to her for the core project"",""type"":""task"",""wasRepaired"":false}],""operations"":[],""text"":""I'm not sure whether this is a task or just something to keep, but a note for later: send the document to her for the core project.""}",item_count|over_split|review_ambiguity_behavior|routing|type|wrong_merge:833bef5128c2d87b,failure|compound_failure|unusual_item_count|ai_candidate|hash_random_fill
rd-976a41d21d1410d8c9b1b2f7,,family-two-independent-tasks-shared-context,"Buy oat milk for the launch with Elena Costa at Farm Boy on Fri Aug 7 at 14:00. Also, call Maya about dinner.","{""ambiguity_policy"":""act"",""item_count"":2,""items"":[{""date"":""Fri Aug 7"",""facts"":[""buy oat milk for the launch""],""forbidden_facts"":[],""location"":""Farm Boy"",""needs_review"":false,""negation"":false,""person"":""Elena Costa"",""prohibition"":false,""recurrence"":null,""route"":""Today"",""state"":""outstanding"",""time"":""14:00"",""title"":""buy oat milk for the launch"",""type"":""task""},{""date"":null,""facts"":[""call Maya about dinner""],""forbidden_facts"":[],""location"":null,""needs_review"":false,""negation"":false,""person"":null,""prohibition"":false,""recurrence"":null,""route"":""Today"",""state"":""outstanding"",""time"":null,""title"":""call Maya about dinner"",""type"":""task""}],""operations"":[],""shared_context"":{""location"":null,""person"":null,""temporal"":null}}","{""items"":[{""analysis"":""Buy oat milk for the launch with Elena Costa at Farm Boy on Fri Aug 7 at 2:00 pm"",""delivery"":""none"",""due"":1786125600,""location"":""nil"",""needsReview"":false,""person"":null,""quote"":""Buy oat milk for the launch with Elena Costa at Farm Boy on Fri Aug 7 at 2:00 pm"",""rawQuote"":""Buy oat milk for the launch with Elena Costa at Farm Boy on Fri Aug 7 at 14:00. Also"",""recurrence"":""nil"",""reminder"":null,""route"":""Today"",""state"":""resolved"",""title"":""Buy oat milk for the launch with Elena Costa at Farm Boy on Fri Aug 7 at 2:00 pm"",""type"":""shopping"",""wasRepaired"":true},{""analysis"":""call Maya about dinner"",""delivery"":""none"",""due"":null,""location"":""nil"",""needsReview"":false,""person"":""Maya"",""quote"":""call Maya about dinner"",""rawQuote"":""call Maya about dinner"",""recurrence"":""nil"",""reminder"":null,""route"":""Today"",""state"":""resolved"",""title"":""Call Maya about dinner"",""type"":""personFollowUp"",""wasRepaired"":false}],""operations"":[],""text"":""Buy oat milk for the launch with Elena Costa at Farm Boy on Fri Aug 7 at 14:00. Also, call Maya about dinner.""}",location_preservation|person_preservation|time_preservation|type:a8ea155a6d94fb7f,failure|hash_random_fill
rd-e7f33ccd609641ddedc373be,,family-negative-statement-person,It is not true that record that the invoice was not sent for the client account with Maya Chen.,"{""ambiguity_policy"":""act"",""item_count"":1,""items"":[{""date"":null,""facts"":[""record that the invoice was not sent for the client account""],""forbidden_facts"":[],""location"":null,""needs_review"":false,""negation"":true,""person"":""Maya Chen"",""prohibition"":false,""recurrence"":null,""route"":""Memory"",""state"":""informational"",""time"":null,""title"":""record that the invoice was not sent for the client account"",""type"":""memory""}],""operations"":[],""shared_context"":{""location"":null,""person"":null,""temporal"":null}}","{""items"":[{""analysis"":""It is not true that record that the invoice was not sent for the client account with Maya Chen."",""delivery"":""none"",""due"":null,""location"":""nil"",""needsReview"":false,""person"":null,""quote"":""It is not true that record that the invoice was not sent for the client account with Maya Chen."",""rawQuote"":""It is not true that record that the invoice was not sent for the client account with Maya Chen."",""recurrence"":""nil"",""reminder"":null,""route"":""Memory"",""state"":""resolved"",""title"":""It is not true that record that the invoice was not sent for the client account with Maya Chen"",""type"":""note"",""wasRepaired"":false}],""operations"":[],""text"":""It is not true that record that the invoice was not sent for the client account with Maya Chen.""}",person_preservation|type:9d0cc991e51b6027,safety_critical|failure
rd-eeab0e1b584d6072fd2fff86,,family-person-correction-person-date,Send the photos for the birthday with Priya Shah on Tue Aug 4.,"{""ambiguity_policy"":""act"",""item_count"":1,""items"":[{""date"":""Tue Aug 4"",""facts"":[""send the photos for the birthday""],""forbidden_facts"":[""Maya Chen""],""location"":null,""needs_review"":false,""negation"":false,""person"":""Priya Shah"",""prohibition"":false,""recurrence"":null,""route"":""Today"",""state"":""outstanding"",""time"":null,""title"":""send the photos for the birthday"",""type"":""task""}],""operations"":[],""shared_context"":{""location"":null,""person"":null,""temporal"":null}}","{""items"":[{""analysis"":""Send the photos for the birthday with Priya Shah on Tue Aug 4."",""delivery"":""none"",""due"":1785816000,""location"":""nil"",""needsReview"":false,""person"":null,""quote"":""Send the photos for the birthday with Priya Shah on Tue Aug 4."",""rawQuote"":""Send the photos for the birthday with Priya Shah on Tue Aug 4."",""recurrence"":""nil"",""reminder"":null,""route"":""Today"",""state"":""resolved"",""title"":""Send the photos for the birthday with Priya Shah on Tue Aug 4"",""type"":""task"",""wasRepaired"":false}],""operations"":[],""text"":""Send the photos for the birthday with Priya Shah on Tue Aug 4.""}",person_preservation:9d2282de9a52bc8a,failure|hash_random_fill
rd-d7d70b1e6b9fb8bf77f61c9c,self-correction-person|hesitation|sign-off-trailing-noise,family-exact-date-time-weekend-context,"This is for Sam— sorry, for Xochitl Rivera. remind me to join the dentist appointment for the family trip with Xochitl Rivera at Farm Boy on Sat Aug 8 at 11:00, okay that's all.","{""ambiguity_policy"":""act"",""item_count"":1,""items"":[{""date"":""Sat Aug 8"",""facts"":[""join the dentist appointment for the family trip""],""forbidden_facts"":[],""location"":""Farm Boy"",""needs_review"":false,""negation"":false,""person"":""Xochitl Rivera"",""prohibition"":false,""recurrence"":null,""route"":""Today"",""state"":""outstanding"",""time"":""11:00"",""title"":""join the dentist appointment for the family trip"",""type"":""reminder""}],""operations"":[],""shared_context"":{""location"":null,""person"":null,""temporal"":null}}","{""items"":[{""analysis"":""for Xochitl Rivera"",""delivery"":""none"",""due"":null,""location"":""nil"",""needsReview"":false,""person"":null,""quote"":""for Xochitl Rivera"",""rawQuote"":""for Sam— sorry, for Xochitl Rivera"",""recurrence"":""nil"",""reminder"":null,""route"":""Memory"",""state"":""resolved"",""title"":""For Xochitl Rivera"",""type"":""note"",""wasRepaired"":true},{""analysis"":""remind me to join the dentist appointment for the family trip with Xochitl Rivera at Farm Boy on Sat Aug 8 at 11:00, okay that's all"",""delivery"":""notification"",""due"":1786201200,""location"":""nil"",""needsReview"":false,""person"":null,""quote"":""remind me to join the dentist appointment for the family trip with Xochitl Rivera at Farm Boy on Sat Aug 8 at 11:00, okay that's all"",""rawQuote"":""remind me to join the dentist appointment for the family trip with Xochitl Rivera at Farm Boy on Sat Aug 8 at 11:00, okay that's all"",""recurrence"":""nil"",""reminder"":1786201200,""route"":""Today"",""state"":""resolved"",""title"":""Join the dentist appointment for the family trip with Xochitl Rivera at Farm Boy on Sat Aug 8 at 11:00, okay that's all"",""type"":""event"",""wasRepaired"":false}],""operations"":[],""text"":""This is for Sam— sorry, for Xochitl Rivera. remind me to join the dentist appointment for the family trip with Xochitl Rivera at Farm Boy on Sat Aug 8 at 11:00, okay that's all.""}",date_preservation|item_count|location_preservation|over_split|person_preservation|routing|time_preservation|type|wrong_merge:db1ec0a9416b5b37,phenomenon_coverage|multi_phenomenon|failure|compound_failure|unusual_item_count|ai_candidate
rd-373b5e95fc7152018b8f9ae1,,family-recurrence-person-time,Take out the recycling for the interview with Noah Brooks on Tue Aug 4 at 09:30 every Tuesday.,"{""ambiguity_policy"":""act"",""item_count"":1,""items"":[{""date"":""Tue Aug 4"",""facts"":[""take out the recycling for the interview""],""forbidden_facts"":[],""location"":null,""needs_review"":false,""negation"":false,""person"":""Noah Brooks"",""prohibition"":false,""recurrence"":""weekly:tuesday"",""route"":""Today"",""state"":""outstanding"",""time"":""09:30"",""title"":""take out the recycling for the interview"",""type"":""reminder""}],""operations"":[],""shared_context"":{""location"":null,""person"":null,""temporal"":null}}","{""items"":[{""analysis"":""Take out the recycling for the interview with Noah Brooks on Tue Aug 4 at 09:30 every Tuesday."",""delivery"":""none"",""due"":1785850200,""location"":""nil"",""needsReview"":false,""person"":null,""quote"":""Take out the recycling for the interview with Noah Brooks on Tue Aug 4 at 09:30 every Tuesday."",""rawQuote"":""Take out the recycling for the interview with Noah Brooks on Tue Aug 4 at 09:30 every Tuesday."",""recurrence"":""weekly x1 days[3]"",""reminder"":null,""route"":""Today"",""state"":""resolved"",""title"":""Take out the recycling for the interview with Noah Brooks on Tue Aug 4 at 09:30 every Tuesday"",""type"":""task"",""wasRepaired"":false}],""operations"":[],""text"":""Take out the recycling for the interview with Noah Brooks on Tue Aug 4 at 09:30 every Tuesday.""}",person_preservation|time_preservation|type:aee8c4776546e0a4,failure|hash_random_fill
rd-a2d3809a676eeb49432d6160,rambling-introduction|filler-words,family-two-independent-tasks-shared-context,"Right, just getting this out of my head: I need a reminder to buy oat milk for the launch with Elena Costa at Farm Boy on Fri Aug 7 at 14:00. One more thing, make a task to call Maya about dinner.","{""ambiguity_policy"":""act"",""item_count"":2,""items"":[{""date"":""Fri Aug 7"",""facts"":[""buy oat milk for the launch""],""forbidden_facts"":[],""location"":""Farm Boy"",""needs_review"":false,""negation"":false,""person"":""Elena Costa"",""prohibition"":false,""recurrence"":null,""route"":""Today"",""state"":""outstanding"",""time"":""14:00"",""title"":""buy oat milk for the launch"",""type"":""task""},{""date"":null,""facts"":[""call Maya about dinner""],""forbidden_facts"":[],""location"":null,""needs_review"":false,""negation"":false,""person"":null,""prohibition"":false,""recurrence"":null,""route"":""Today"",""state"":""outstanding"",""time"":null,""title"":""call Maya about dinner"",""type"":""task""}],""operations"":[],""shared_context"":{""location"":null,""person"":null,""temporal"":null}}","{""items"":[{""analysis"":""just getting this out of my head: I need a reminder to buy oat milk for the launch with Elena Costa at Farm Boy on Fri Aug 7 at 2:00 pm"",""delivery"":""notification"",""due"":1786125600,""location"":""nil"",""needsReview"":false,""person"":null,""quote"":""just getting this out of my head: I need a reminder to buy oat milk for the launch with Elena Costa at Farm Boy on Fri Aug 7 at 2:00 pm"",""rawQuote"":""just getting this out of my head: I need a reminder to buy oat milk for the launch with Elena Costa at Farm Boy on Fri Aug 7 at 14:00. One"",""recurrence"":""nil"",""reminder"":1786125600,""route"":""Today"",""state"":""resolved"",""title"":""Getting this out of my head: I need a reminder to buy oat milk for the launch with Elena Costa at Farm Boy on Fri Aug 7 at 2:00 pm"",""type"":""task"",""wasRepaired"":true},{""analysis"":""make a task to call Maya about dinner"",""delivery"":""none"",""due"":null,""location"":""nil"",""needsReview"":false,""person"":""Maya"",""quote"":""make a task to call Maya about dinner"",""rawQuote"":""make a task to call Maya about dinner"",""recurrence"":""nil"",""reminder"":null,""route"":""Today"",""state"":""resolved"",""title"":""Make a task to call Maya about dinner"",""type"":""task"",""wasRepaired"":false}],""operations"":[],""text"":""Right, just getting this out of my head: I need a reminder to buy oat milk for the launch with Elena Costa at Farm Boy on Fri Aug 7 at 14:00. One more thing, make a task to call Maya about dinner.""}",location_preservation|person_preservation:f96a2e27ff510dea,phenomenon_coverage|multi_phenomenon|failure|ai_candidate
rd-2b97cb69b95349d575dd6474,temporal-inheritance,family-two-tasks-shared-time-shared-context,"Tomorrow, Submit the expense report for the launch with Elena Costa at Farm Boy on Fri Aug 7 at 14:00. Also, call Maya about dinner with Elena Costa at Farm Boy on Fri Aug 7 at 14:00.","{""ambiguity_policy"":""act"",""item_count"":2,""items"":[{""date"":""Fri Aug 7"",""facts"":[""submit the expense report for the launch""],""forbidden_facts"":[],""location"":""Farm Boy"",""needs_review"":false,""negation"":false,""person"":""Elena Costa"",""prohibition"":false,""recurrence"":null,""route"":""Today"",""state"":""outstanding"",""time"":""14:00"",""title"":""submit the expense report for the launch"",""type"":""task""},{""date"":""Fri Aug 7"",""facts"":[""call Maya about dinner""],""forbidden_facts"":[],""location"":""Farm Boy"",""needs_review"":false,""negation"":false,""person"":""Elena Costa"",""prohibition"":false,""recurrence"":null,""route"":""Today"",""state"":""outstanding"",""time"":""14:00"",""title"":""call Maya about dinner"",""type"":""task""}],""operations"":[],""shared_context"":{""location"":null,""person"":""Elena Costa"",""temporal"":""Fri Aug 7 14:00""}}","{""items"":[{""analysis"":""Tomorrow Submit the expense report for the launch with Elena Costa at Farm Boy on Fri Aug 7 at 2:00 pm"",""delivery"":""none"",""due"":1785866400,""location"":""nil"",""needsReview"":false,""person"":null,""quote"":""Submit the expense report for the launch with Elena Costa at Farm Boy on Fri Aug 7 at 2:00 pm"",""rawQuote"":""Submit the expense report for the launch with Elena Costa at Farm Boy on Fri Aug 7 at 14:00. Also"",""recurrence"":""nil"",""reminder"":null,""route"":""Today"",""state"":""resolved"",""title"":""Submit the expense report for the launch with Elena Costa at Farm Boy on Fri Aug 7 at 2:00 pm"",""type"":""task"",""wasRepaired"":true},{""analysis"":""Tomorrow call Maya about dinner with Elena Costa at Farm Boy on Fri Aug 7 at 2:00 pm"",""delivery"":""none"",""due"":1785866400,""location"":""nil"",""needsReview"":false,""person"":""Maya"",""quote"":""call Maya about dinner with Elena Costa at Farm Boy on Fri Aug 7 at 2:00 pm"",""rawQuote"":""call Maya about dinner with Elena Costa at Farm Boy on Fri Aug 7 at 14:00"",""recurrence"":""nil"",""reminder"":null,""route"":""Today"",""state"":""resolved"",""title"":""Call Maya about dinner with Elena Costa at Farm Boy on Fri Aug 7 at 2:00 pm"",""type"":""personFollowUp"",""wasRepaired"":true}],""operations"":[],""text"":""Tomorrow, Submit the expense report for the launch with Elena Costa at Farm Boy on Fri Aug 7 at 14:00. Also, call Maya about dinner with Elena Costa at Farm Boy on Fri Aug 7 at 14:00.""}",location_preservation|person_preservation|time_preservation|type:a8ea155a6d94fb7f,phenomenon_coverage|failure|suspicious_synthetic
rd-6548bc92db46642c4e9006d9,,family-information-plus-task-person-date,"A note for later: the tea shelf is empty. One more thing, make sure I remember to order more tea for the birthday with Priya Shah on Tue Aug 4.","{""ambiguity_policy"":""act"",""item_count"":2,""items"":[{""date"":null,""facts"":[""the tea shelf is empty""],""forbidden_facts"":[],""location"":null,""needs_review"":false,""negation"":false,""person"":null,""prohibition"":false,""recurrence"":null,""route"":""Memory"",""state"":""informational"",""time"":null,""title"":""the tea shelf is empty"",""type"":""memory""},{""date"":""Tue Aug 4"",""facts"":[""order more tea for the birthday""],""forbidden_facts"":[],""location"":null,""needs_review"":false,""negation"":false,""person"":""Priya Shah"",""prohibition"":false,""recurrence"":null,""route"":""Today"",""state"":""outstanding"",""time"":null,""title"":""order more tea for the birthday"",""type"":""task""}],""operations"":[],""shared_context"":{""location"":null,""person"":null,""temporal"":null}}","{""items"":[{""analysis"":""A note for later: the tea shelf is empty"",""delivery"":""none"",""due"":null,""location"":""nil"",""needsReview"":false,""person"":null,""quote"":""A note for later: the tea shelf is empty"",""rawQuote"":""A note for later: the tea shelf is empty"",""recurrence"":""nil"",""reminder"":null,""route"":""Memory"",""state"":""resolved"",""title"":""A note for later: the tea shelf is empty"",""type"":""note"",""wasRepaired"":false},{""analysis"":""make sure I remember to order more tea for the birthday with Priya Shah on Tue Aug 4"",""delivery"":""none"",""due"":1785816000,""location"":""nil"",""needsReview"":false,""person"":null,""quote"":""make sure I remember to order more tea for the birthday with Priya Shah on Tue Aug 4"",""rawQuote"":""make sure I remember to order more tea for the birthday with Priya Shah on Tue Aug 4"",""recurrence"":""nil"",""reminder"":null,""route"":""Today"",""state"":""resolved"",""title"":""Order more tea for the birthday with Priya Shah on Tue Aug 4"",""type"":""shopping"",""wasRepaired"":false}],""operations"":[],""text"":""A note for later: the tea shelf is empty. One more thing, make sure I remember to order more tea for the birthday with Priya Shah on Tue Aug 4.""}",person_preservation|type:9d0cc991e51b6027,failure|ai_candidate|hash_random_fill
rd-811ab05b4d1169238ae0de16,pronoun-resolution,family-person-fact-plain,"Maya called; Remember the design-team detail for the core project with Maya Chen, and reply to her.","{""ambiguity_policy"":""act"",""item_count"":1,""items"":[{""date"":null,""facts"":[""remember the design-team detail for the core project""],""forbidden_facts"":[],""location"":null,""needs_review"":false,""negation"":false,""person"":""Maya Chen"",""prohibition"":false,""recurrence"":null,""route"":""Memory"",""state"":""informational"",""time"":null,""title"":""remember the design-team detail for the core project"",""type"":""personFact""}],""operations"":[],""shared_context"":{""location"":null,""person"":null,""temporal"":null}}","{""items"":[{""analysis"":""Maya called"",""delivery"":""none"",""due"":null,""location"":""nil"",""needsReview"":false,""person"":""Maya"",""quote"":""Maya called"",""rawQuote"":""Maya called"",""recurrence"":""nil"",""reminder"":null,""route"":""Memory"",""state"":""resolved"",""title"":""Maya called"",""type"":""note"",""wasRepaired"":false},{""analysis"":""Remember the design-team detail for the core project with Maya Chen"",""delivery"":""none"",""due"":null,""location"":""nil"",""needsReview"":false,""person"":null,""quote"":""Remember the design-team detail for the core project with Maya Chen"",""rawQuote"":""Remember the design-team detail for the core project with Maya Chen"",""recurrence"":""nil"",""reminder"":null,""route"":""Memory"",""state"":""resolved"",""title"":""The design-team detail for the core project with Maya Chen"",""type"":""note"",""wasRepaired"":false},{""analysis"":""reply to her"",""delivery"":""none"",""due"":null,""location"":""nil"",""needsReview"":false,""person"":""Maya"",""quote"":""reply to her"",""rawQuote"":""reply to her"",""recurrence"":""nil"",""reminder"":null,""route"":""Today"",""state"":""resolved"",""title"":""Reply to her"",""type"":""task"",""wasRepaired"":false}],""operations"":[],""text"":""Maya called; Remember the design-team detail for the core project with Maya Chen, and reply to her.""}",item_count|over_split|routing|type|wrong_merge:41caf148a3bc59f8,phenomenon_coverage|failure|compound_failure|unusual_item_count|suspicious_synthetic
rd-85bcf1730b6cabd88af558e2,,family-two-independent-tasks-weekend-context,"Buy oat milk for the family trip with Xochitl Rivera at Farm Boy on Sat Aug 8 at 11:00. Also, call Maya about dinner.","{""ambiguity_policy"":""act"",""item_count"":2,""items"":[{""date"":""Sat Aug 8"",""facts"":[""buy oat milk for the family trip""],""forbidden_facts"":[],""location"":""Farm Boy"",""needs_review"":false,""negation"":false,""person"":""Xochitl Rivera"",""prohibition"":false,""recurrence"":null,""route"":""Today"",""state"":""outstanding"",""time"":""11:00"",""title"":""buy oat milk for the family trip"",""type"":""task""},{""date"":null,""facts"":[""call Maya about dinner""],""forbidden_facts"":[],""location"":null,""needs_review"":false,""negation"":false,""person"":null,""prohibition"":false,""recurrence"":null,""route"":""Today"",""state"":""outstanding"",""time"":null,""title"":""call Maya about dinner"",""type"":""task""}],""operations"":[],""shared_context"":{""location"":null,""person"":null,""temporal"":null}}","{""items"":[{""analysis"":""Buy oat milk for the family trip with Xochitl Rivera at Farm Boy on Sat Aug 8 at 11:00"",""delivery"":""none"",""due"":1786201200,""location"":""nil"",""needsReview"":false,""person"":null,""quote"":""Buy oat milk for the family trip with Xochitl Rivera at Farm Boy on Sat Aug 8 at 11:00"",""rawQuote"":""Buy oat milk for the family trip with Xochitl Rivera at Farm Boy on Sat Aug 8 at 11:00"",""recurrence"":""nil"",""reminder"":null,""route"":""Today"",""state"":""resolved"",""title"":""Buy oat milk for the family trip with Xochitl Rivera at Farm Boy on Sat Aug 8 at 11:00"",""type"":""shopping"",""wasRepaired"":false},{""analysis"":""call Maya about dinner"",""delivery"":""none"",""due"":null,""location"":""nil"",""needsReview"":false,""person"":""Maya"",""quote"":""call Maya about dinner"",""rawQuote"":""call Maya about dinner"",""recurrence"":""nil"",""reminder"":null,""route"":""Today"",""state"":""resolved"",""title"":""Call Maya about dinner"",""type"":""personFollowUp"",""wasRepaired"":false}],""operations"":[],""text"":""Buy oat milk for the family trip with Xochitl Rivera at Farm Boy on Sat Aug 8 at 11:00. Also, call Maya about dinner.""}",location_preservation|person_preservation|time_preservation|type:a8ea155a6d94fb7f,failure|hash_random_fill
rd-2facee937deee83b8942fae3,,family-two-independent-tasks-exact-time,"Buy oat milk for the appointment on Thu Aug 6 at 16:15. Also, call Maya about dinner.","{""ambiguity_policy"":""act"",""item_count"":2,""items"":[{""date"":""Thu Aug 6"",""facts"":[""buy oat milk for the appointment""],""forbidden_facts"":[],""location"":null,""needs_review"":false,""negation"":false,""person"":null,""prohibition"":false,""recurrence"":null,""route"":""Today"",""state"":""outstanding"",""time"":""16:15"",""title"":""buy oat milk for the appointment"",""type"":""task""},{""date"":null,""facts"":[""call Maya about dinner""],""forbidden_facts"":[],""location"":null,""needs_review"":false,""negation"":false,""person"":null,""prohibition"":false,""recurrence"":null,""route"":""Today"",""state"":""outstanding"",""time"":null,""title"":""call Maya about dinner"",""type"":""task""}],""operations"":[],""shared_context"":{""location"":null,""person"":null,""temporal"":null}}","{""items"":[{""analysis"":""Buy oat milk for the appointment on Thu Aug 6 at 4:15 pm"",""delivery"":""none"",""due"":1786047300,""location"":""nil"",""needsReview"":false,""person"":null,""quote"":""Buy oat milk for the appointment on Thu Aug 6 at 4:15 pm"",""rawQuote"":""Buy oat milk for the appointment on Thu Aug 6 at 16:15. Also"",""recurrence"":""nil"",""reminder"":null,""route"":""Today"",""state"":""resolved"",""title"":""Buy oat milk for the appointment on Thu Aug 6 at 4:15 pm"",""type"":""shopping"",""wasRepaired"":true},{""analysis"":""call Maya about dinner"",""delivery"":""none"",""due"":null,""location"":""nil"",""needsReview"":false,""person"":""Maya"",""quote"":""call Maya about dinner"",""rawQuote"":""call Maya about dinner"",""recurrence"":""nil"",""reminder"":null,""route"":""Today"",""state"":""resolved"",""title"":""Call Maya about dinner"",""type"":""personFollowUp"",""wasRepaired"":false}],""operations"":[],""text"":""Buy oat milk for the appointment on Thu Aug 6 at 16:15. Also, call Maya about dinner.""}",invented_information|person_preservation|time_preservation|type:673fc8025d6e2040,failure|hash_random_fill
rd-0ad140024e52373bf731ad72,rambling-introduction,family-exact-date-time-weekend-context,Let me put this down while I remember: make sure I remember to join the dentist appointment for the family trip with Xochitl Rivera at Farm Boy on Sat Aug 8 at 11:00.,"{""ambiguity_policy"":""act"",""item_count"":1,""items"":[{""date"":""Sat Aug 8"",""facts"":[""join the dentist appointment for the family trip""],""forbidden_facts"":[],""location"":""Farm Boy"",""needs_review"":false,""negation"":false,""person"":""Xochitl Rivera"",""prohibition"":false,""recurrence"":null,""route"":""Today"",""state"":""outstanding"",""time"":""11:00"",""title"":""join the dentist appointment for the family trip"",""type"":""reminder""}],""operations"":[],""shared_context"":{""location"":null,""person"":null,""temporal"":null}}","{""items"":[{""analysis"":""Let me put this down while I remember: make sure I remember to join the dentist appointment for the family trip with Xochitl Rivera at Farm Boy on Sat Aug 8 at 11:00."",""delivery"":""none"",""due"":1786201200,""location"":""nil"",""needsReview"":false,""person"":null,""quote"":""Let me put this down while I remember: make sure I remember to join the dentist appointment for the family trip with Xochitl Rivera at Farm Boy on Sat Aug 8 at 11:00."",""rawQuote"":""Let me put this down while I remember: make sure I remember to join the dentist appointment for the family trip with Xochitl Rivera at Farm Boy on Sat Aug 8 at 11:00."",""recurrence"":""nil"",""reminder"":null,""route"":""Today"",""state"":""resolved"",""title"":""Let me put this down while I remember: make sure I remember to join the dentist appointment for the family trip with Xochitl Rivera at Farm Boy on Sat Aug 8 at 11:00"",""type"":""event"",""wasRepaired"":false}],""operations"":[],""text"":""Let me put this down while I remember: make sure I remember to join the dentist appointment for the family trip with Xochitl Rivera at Farm Boy on Sat Aug 8 at 11:00.""}",location_preservation|person_preservation|time_preservation|type:a8ea155a6d94fb7f,phenomenon_coverage|failure|ai_candidate
rd-9a6177c4a96c7026aefe361c,outstanding-obligation,family-single-task-plain,I still need to Send the project update for the core project.,"{""ambiguity_policy"":""act"",""item_count"":1,""items"":[{""date"":null,""facts"":[""send the project update for the core project""],""forbidden_facts"":[],""location"":null,""needs_review"":false,""negation"":false,""person"":null,""prohibition"":false,""recurrence"":null,""route"":""Today"",""state"":""outstanding"",""time"":null,""title"":""send the project update for the core project"",""type"":""task""}],""operations"":[],""shared_context"":{""location"":null,""person"":null,""temporal"":null}}","{""items"":[{""analysis"":""I still need to Send the project update for the core project."",""delivery"":""none"",""due"":null,""location"":""nil"",""needsReview"":false,""person"":null,""quote"":""I still need to Send the project update for the core project."",""rawQuote"":""I still need to Send the project update for the core project."",""recurrence"":""nil"",""reminder"":null,""route"":""Today"",""state"":""resolved"",""title"":""Send the project update for the core project"",""type"":""task"",""wasRepaired"":false}],""operations"":[],""text"":""I still need to Send the project update for the core project.""}",,phenomenon_coverage|suspicious_synthetic
rd-7ca2eb6825028bf8014143e0,filler-words|hesitation|sign-off-trailing-noise,family-negative-statement-person-time,"Um, make a note that the invoice was not sent for the interview with Noah Brooks on Tue Aug 4 at 09:30, uh, that's all.","{""ambiguity_policy"":""act"",""item_count"":1,""items"":[{""date"":""Tue Aug 4"",""facts"":[""record that the invoice was not sent for the interview""],""forbidden_facts"":[],""location"":null,""needs_review"":false,""negation"":true,""person"":""Noah Brooks"",""prohibition"":false,""recurrence"":null,""route"":""Memory"",""state"":""informational"",""time"":""09:30"",""title"":""record that the invoice was not sent for the interview"",""type"":""memory""}],""operations"":[],""shared_context"":{""location"":null,""person"":null,""temporal"":null}}","{""items"":[{""analysis"":""make a note that the invoice was not sent for the interview with Noah Brooks on Tue Aug 4 at 09:30, that's all."",""delivery"":""none"",""due"":null,""location"":""nil"",""needsReview"":false,""person"":null,""quote"":""make a note that the invoice was not sent for the interview with Noah Brooks on Tue Aug 4 at 09:30, that's all."",""rawQuote"":""make a note that the invoice was not sent for the interview with Noah Brooks on Tue Aug 4 at 09:30, uh, that's all"",""recurrence"":""nil"",""reminder"":null,""route"":""Memory"",""state"":""resolved"",""title"":""The invoice was not sent for the interview with Noah Brooks on Tue Aug 4 at 09:30, that's all"",""type"":""note"",""wasRepaired"":true}],""operations"":[],""text"":""Um, make a note that the invoice was not sent for the interview with Noah Brooks on Tue Aug 4 at 09:30, uh, that's all.""}",date_preservation|lost_information|person_preservation|time_preservation|title_content_preservation|type:bf91e2639154395e,phenomenon_coverage|safety_critical|multi_phenomenon|failure|compound_failure|ai_candidate
rd-8a8e8bf2fb67a4eb63e0f8a8,,family-ambiguous-review-relative-date,Maybe send the document to her for the travel plan…,"{""ambiguity_policy"":""review"",""item_count"":1,""items"":[{""date"":null,""facts"":[""send the document to her for the travel plan""],""forbidden_facts"":[],""location"":null,""needs_review"":true,""negation"":false,""person"":null,""prohibition"":false,""recurrence"":null,""route"":""Memory"",""state"":""uncertain"",""time"":null,""title"":""send the document to her for the travel plan"",""type"":""note""}],""operations"":[],""shared_context"":{""location"":null,""person"":null,""temporal"":null}}","{""items"":[{""analysis"":""Maybe send the document to her for the travel plan…"",""delivery"":""none"",""due"":null,""location"":""nil"",""needsReview"":false,""person"":null,""quote"":""Maybe send the document to her for the travel plan…"",""rawQuote"":""Maybe send the document to her for the travel plan…"",""recurrence"":""nil"",""reminder"":null,""route"":""Today"",""state"":""resolved"",""title"":""Send the document to her for the travel plan…"",""type"":""task"",""wasRepaired"":false}],""operations"":[],""text"":""Maybe send the document to her for the travel plan…""}",review_ambiguity_behavior|routing|type:f8100f4eecde71a2,failure|hash_random_fill
rd-50a3e6be6aac5404d185bf80,,family-idea-plain,Try a walking meeting for the core project.,"{""ambiguity_policy"":""act"",""item_count"":1,""items"":[{""date"":null,""facts"":[""try a walking meeting for the core project""],""forbidden_facts"":[],""location"":null,""needs_review"":false,""negation"":false,""person"":null,""prohibition"":false,""recurrence"":null,""route"":""Memory"",""state"":""informational"",""time"":null,""title"":""try a walking meeting for the core project"",""type"":""idea""}],""operations"":[],""shared_context"":{""location"":null,""person"":null,""temporal"":null}}","{""items"":[{""analysis"":""Try a walking meeting for the core project."",""delivery"":""none"",""due"":null,""location"":""nil"",""needsReview"":false,""person"":null,""quote"":""Try a walking meeting for the core project."",""rawQuote"":""Try a walking meeting for the core project."",""recurrence"":""nil"",""reminder"":null,""route"":""Today"",""state"":""resolved"",""title"":""Try a walking meeting for the core project"",""type"":""event"",""wasRepaired"":false}],""operations"":[],""text"":""Try a walking meeting for the core project.""}",routing|type:d62c75534b014532,failure|hash_random_fill
rd-febb2c00e75a833aa896997e,rambling-introduction|filler-words,family-change-of-mind-person-date,"Right, just getting this out of my head: make sure I remember to order the blue notebook for the birthday with Priya Shah on Tue Aug 4.","{""ambiguity_policy"":""act"",""item_count"":1,""items"":[{""date"":""Tue Aug 4"",""facts"":[""order the blue notebook for the birthday""],""forbidden_facts"":[""order the red notebook""],""location"":null,""needs_review"":false,""negation"":false,""person"":""Priya Shah"",""prohibition"":false,""recurrence"":null,""route"":""Today"",""state"":""outstanding"",""time"":null,""title"":""order the blue notebook for the birthday"",""type"":""task""}],""operations"":[],""shared_context"":{""location"":null,""person"":null,""temporal"":null}}","{""items"":[{""analysis"":""just getting this out of my head:"",""delivery"":""none"",""due"":null,""location"":""nil"",""needsReview"":false,""person"":null,""quote"":""just getting this out of my head:"",""rawQuote"":""just getting this out of my head"",""recurrence"":""nil"",""reminder"":null,""route"":""Today"",""state"":""resolved"",""title"":""Getting this out of my head"",""type"":""task"",""wasRepaired"":false},{""analysis"":""make sure I remember to order the blue notebook for the birthday with Priya Shah on Tue Aug 4"",""delivery"":""none"",""due"":1785816000,""location"":""nil"",""needsReview"":false,""person"":null,""quote"":""make sure I remember to order the blue notebook for the birthday with Priya Shah on Tue Aug 4"",""rawQuote"":""make sure I remember to order the blue notebook for the birthday with Priya Shah on Tue Aug 4"",""recurrence"":""nil"",""reminder"":null,""route"":""Today"",""state"":""resolved"",""title"":""Order the blue notebook for the birthday with Priya Shah on Tue Aug 4"",""type"":""shopping"",""wasRepaired"":false}],""operations"":[],""text"":""Right, just getting this out of my head: make sure I remember to order the blue notebook for the birthday with Priya Shah on Tue Aug 4.""}",date_preservation|item_count|over_split|person_preservation|routing|type|wrong_merge:59da48662667f98e,phenomenon_coverage|multi_phenomenon|failure|compound_failure|unusual_item_count|ai_candidate
rd-6c9f59637d40e21a071ff252,,family-change-of-mind-person-date,Order the blue notebook for the birthday with Priya Shah on Tue Aug 4.,"{""ambiguity_policy"":""act"",""item_count"":1,""items"":[{""date"":""Tue Aug 4"",""facts"":[""order the blue notebook for the birthday""],""forbidden_facts"":[""order the red notebook""],""location"":null,""needs_review"":false,""negation"":false,""person"":""Priya Shah"",""prohibition"":false,""recurrence"":null,""route"":""Today"",""state"":""outstanding"",""time"":null,""title"":""order the blue notebook for the birthday"",""type"":""task""}],""operations"":[],""shared_context"":{""location"":null,""person"":null,""temporal"":null}}","{""items"":[{""analysis"":""Order the blue notebook for the birthday with Priya Shah on Tue Aug 4."",""delivery"":""none"",""due"":1785816000,""location"":""nil"",""needsReview"":false,""person"":null,""quote"":""Order the blue notebook for the birthday with Priya Shah on Tue Aug 4."",""rawQuote"":""Order the blue notebook for the birthday with Priya Shah on Tue Aug 4."",""recurrence"":""nil"",""reminder"":null,""route"":""Today"",""state"":""resolved"",""title"":""Order the blue notebook for the birthday with Priya Shah on Tue Aug 4"",""type"":""shopping"",""wasRepaired"":false}],""operations"":[],""text"":""Order the blue notebook for the birthday with Priya Shah on Tue Aug 4.""}",person_preservation|type:9d0cc991e51b6027,failure|hash_random_fill
rd-f87c553fbdb63dfb30b050cf,,family-time-correction-plain,Make sure I remember to call the clinic for the core project on Tue Aug 4 at 16:00.,"{""ambiguity_policy"":""act"",""item_count"":1,""items"":[{""date"":""Tue Aug 4"",""facts"":[""call the clinic for the core project""],""forbidden_facts"":[""15:00""],""location"":null,""needs_review"":false,""negation"":false,""person"":null,""prohibition"":false,""recurrence"":null,""route"":""Today"",""state"":""outstanding"",""time"":""16:00"",""title"":""call the clinic for the core project"",""type"":""task""}],""operations"":[],""shared_context"":{""location"":null,""person"":null,""temporal"":null}}","{""items"":[{""analysis"":""Make sure I remember to call the clinic for the core project on Tue Aug 4 at 4:00 pm."",""delivery"":""none"",""due"":1785873600,""location"":""nil"",""needsReview"":false,""person"":null,""quote"":""Make sure I remember to call the clinic for the core project on Tue Aug 4 at 4:00 pm."",""rawQuote"":""Make sure I remember to call the clinic for the core project on Tue Aug 4 at 16:00"",""recurrence"":""nil"",""reminder"":null,""route"":""Today"",""state"":""resolved"",""title"":""Call the clinic for the core project on Tue Aug 4 at 4:00 pm"",""type"":""task"",""wasRepaired"":true}],""operations"":[],""text"":""Make sure I remember to call the clinic for the core project on Tue Aug 4 at 16:00.""}",time_preservation:6e84ac6fafda8794,failure|ai_candidate|hash_random_fill
rd-a40a53e43d14ef5fb1d848f6,,family-ambiguous-review-priority-context,"I'm not sure whether this is a task or just something to keep, but I want to remember that send the document to her for the tax filing with Hope Reed.","{""ambiguity_policy"":""review"",""item_count"":1,""items"":[{""date"":null,""facts"":[""send the document to her for the tax filing""],""forbidden_facts"":[],""location"":null,""needs_review"":true,""negation"":false,""person"":""Hope Reed"",""prohibition"":false,""recurrence"":null,""route"":""Memory"",""state"":""uncertain"",""time"":null,""title"":""send the document to her for the tax filing"",""type"":""note""}],""operations"":[],""shared_context"":{""location"":null,""person"":null,""temporal"":null}}","{""items"":[{""analysis"":""I'm not sure whether this is a task or just something to keep, but I want to remember that send the document to her for the tax filing with Hope Reed."",""delivery"":""none"",""due"":null,""location"":""nil"",""needsReview"":false,""person"":null,""quote"":""I'm not sure whether this is a task or just something to keep, but I want to remember that send the document to her for the tax filing with Hope Reed."",""rawQuote"":""I'm not sure whether this is a task or just something to keep, but I want to remember that send the document to her for the tax filing with Hope Reed."",""recurrence"":""nil"",""reminder"":null,""route"":""Today"",""state"":""resolved"",""title"":""I'm not sure whether this is a task or just something to keep, but I want to remember that send the document to her for the tax filing with Hope Reed"",""type"":""task"",""wasRepaired"":false}],""operations"":[],""text"":""I'm not sure whether this is a task or just something to keep, but I want to remember that send the document to her for the tax filing with Hope Reed.""}",person_preservation|review_ambiguity_behavior|routing|type:6185011130765d60,failure|ai_candidate|hash_random_fill
rd-a6b80a320b5afb5ebe699e92,,family-completed-action-person,Already file the tax receipt for the client account with Maya Chen.,"{""ambiguity_policy"":""act"",""item_count"":1,""items"":[{""date"":null,""facts"":[""file the tax receipt for the client account""],""forbidden_facts"":[],""location"":null,""needs_review"":false,""negation"":false,""person"":""Maya Chen"",""prohibition"":false,""recurrence"":null,""route"":""Memory"",""state"":""completed"",""time"":null,""title"":""file the tax receipt for the client account"",""type"":""memory""}],""operations"":[],""shared_context"":{""location"":null,""person"":null,""temporal"":null}}","{""items"":[],""operations"":[{""operation"":""complete"",""scoped"":false,""target"":""file the tax receipt for the client account with maya chen""}],""text"":""Already file the tax receipt for the client account with Maya Chen.""}",cancellation_correctness|date_preservation|false_negative_item_creation|item_count|location_preservation|lost_information|person_preservation|recurrence_preservation|routing|time_preservation|title_content_preservation|type|under_split|wrong_merge:38bbeb4049f60a00,failure|compound_failure|unusual_item_count|hash_random_fill
rd-26e878a9b5a13ed1d00ba170,,family-information-plus-task-person,"The tea shelf is empty. Also, order more tea for the client account with Maya Chen.","{""ambiguity_policy"":""act"",""item_count"":2,""items"":[{""date"":null,""facts"":[""the tea shelf is empty""],""forbidden_facts"":[],""location"":null,""needs_review"":false,""negation"":false,""person"":null,""prohibition"":false,""recurrence"":null,""route"":""Memory"",""state"":""informational"",""time"":null,""title"":""the tea shelf is empty"",""type"":""memory""},{""date"":null,""facts"":[""order more tea for the client account""],""forbidden_facts"":[],""location"":null,""needs_review"":false,""negation"":false,""person"":""Maya Chen"",""prohibition"":false,""recurrence"":null,""route"":""Today"",""state"":""outstanding"",""time"":null,""title"":""order more tea for the client account"",""type"":""task""}],""operations"":[],""shared_context"":{""location"":null,""person"":null,""temporal"":null}}","{""items"":[{""analysis"":""The tea shelf is empty"",""delivery"":""none"",""due"":null,""location"":""nil"",""needsReview"":false,""person"":null,""quote"":""The tea shelf is empty"",""rawQuote"":""The tea shelf is empty"",""recurrence"":""nil"",""reminder"":null,""route"":""Memory"",""state"":""resolved"",""title"":""The tea shelf is empty"",""type"":""note"",""wasRepaired"":false},{""analysis"":""order more tea for the client account with Maya Chen"",""delivery"":""none"",""due"":null,""location"":""nil"",""needsReview"":false,""person"":null,""quote"":""order more tea for the client account with Maya Chen"",""rawQuote"":""order more tea for the client account with Maya Chen"",""recurrence"":""nil"",""reminder"":null,""route"":""Today"",""state"":""resolved"",""title"":""Order more tea for the client account with Maya Chen"",""type"":""shopping"",""wasRepaired"":false}],""operations"":[],""text"":""The tea shelf is empty. Also, order more tea for the client account with Maya Chen.""}",person_preservation|type:9d0cc991e51b6027,failure|hash_random_fill
rd-5c20c07de045d18857c63bf1,,family-negative-statement-person-date,It is not true that record that the invoice was not sent for the birthday with Priya Shah on Tue Aug 4.,"{""ambiguity_policy"":""act"",""item_count"":1,""items"":[{""date"":""Tue Aug 4"",""facts"":[""record that the invoice was not sent for the birthday""],""forbidden_facts"":[],""location"":null,""needs_review"":false,""negation"":true,""person"":""Priya Shah"",""prohibition"":false,""recurrence"":null,""route"":""Memory"",""state"":""informational"",""time"":null,""title"":""record that the invoice was not sent for the birthday"",""type"":""memory""}],""operations"":[],""shared_context"":{""location"":null,""person"":null,""temporal"":null}}","{""items"":[{""analysis"":""It is not true that record that the invoice was not sent for the birthday with Priya Shah on Tue Aug 4."",""delivery"":""none"",""due"":null,""location"":""nil"",""needsReview"":false,""person"":null,""quote"":""It is not true that record that the invoice was not sent for the birthday with Priya Shah on Tue Aug 4."",""rawQuote"":""It is not true that record that the invoice was not sent for the birthday with Priya Shah on Tue Aug 4."",""recurrence"":""nil"",""reminder"":null,""route"":""Memory"",""state"":""resolved"",""title"":""It is not true that record that the invoice was not sent for the birthday with Priya Shah on Tue Aug 4"",""type"":""note"",""wasRepaired"":false}],""operations"":[],""text"":""It is not true that record that the invoice was not sent for the birthday with Priya Shah on Tue Aug 4.""}",date_preservation|person_preservation|type:a3b9372218a74ce2,safety_critical|failure
rd-79baafe91a41726a61da28b8,,family-cancellation-person-time,Cancel the saved reminder to water the basil for the interview.,"{""ambiguity_policy"":""act"",""item_count"":0,""items"":[],""operations"":[{""operation"":""cancel"",""scoped"":false,""target"":""water the basil for the interview""}],""shared_context"":{""location"":null,""person"":null,""temporal"":null}}","{""items"":[],""operations"":[{""operation"":""cancel"",""scoped"":false,""target"":""saved reminder to water the basil for the interview""}],""text"":""Cancel the saved reminder to water the basil for the interview.""}",cancellation_correctness:78b75480f29ec647,safety_critical|failure
rd-0c871828954f6bd57999f963,,family-ambiguous-review-weekend-context,"I'm not sure whether this is a task or just something to keep, but a note for later: send the document to her for the family trip with Xochitl Rivera.","{""ambiguity_policy"":""review"",""item_count"":1,""items"":[{""date"":null,""facts"":[""send the document to her for the family trip""],""forbidden_facts"":[],""location"":null,""needs_review"":true,""negation"":false,""person"":""Xochitl Rivera"",""prohibition"":false,""recurrence"":null,""route"":""Memory"",""state"":""uncertain"",""time"":null,""title"":""send the document to her for the family trip"",""type"":""note""}],""operations"":[],""shared_context"":{""location"":null,""person"":null,""temporal"":null}}","{""items"":[{""analysis"":""I'm not sure whether this is a task or just something to keep, but a note for later:"",""delivery"":""none"",""due"":null,""location"":""nil"",""needsReview"":false,""person"":null,""quote"":""I'm not sure whether this is a task or just something to keep, but a note for later:"",""rawQuote"":""I'm not sure whether this is a task or just something to keep, but a note for later:"",""recurrence"":""nil"",""reminder"":null,""route"":""Memory"",""state"":""resolved"",""title"":""I'm not sure whether this is a task or just something to keep, but a note for later"",""type"":""note"",""wasRepaired"":false},{""analysis"":""send the document to her for the family trip with Xochitl Rivera"",""delivery"":""none"",""due"":null,""location"":""nil"",""needsReview"":false,""person"":null,""quote"":""send the document to her for the family trip with Xochitl Rivera"",""rawQuote"":""send the document to her for the family trip with Xochitl Rivera"",""recurrence"":""nil"",""reminder"":null,""route"":""Today"",""state"":""resolved"",""title"":""Send the document to her for the family trip with Xochitl Rivera"",""type"":""task"",""wasRepaired"":false}],""operations"":[],""text"":""I'm not sure whether this is a task or just something to keep, but a note for later: send the document to her for the family trip with Xochitl Rivera.""}",item_count|over_split|person_preservation|review_ambiguity_behavior|routing|type|wrong_merge:94983156efe3d36c,failure|compound_failure|unusual_item_count|ai_candidate|hash_random_fill
rd-c758185fafcc64e72d96f2c6,,family-person-fact-named-location,Remember the design-team detail for the errand with Maya Chen at Farm Boy.,"{""ambiguity_policy"":""act"",""item_count"":1,""items"":[{""date"":null,""facts"":[""remember the design-team detail for the errand""],""forbidden_facts"":[],""location"":""Farm Boy"",""needs_review"":false,""negation"":false,""person"":""Maya Chen"",""prohibition"":false,""recurrence"":null,""route"":""Memory"",""state"":""informational"",""time"":null,""title"":""remember the design-team detail for the errand"",""type"":""personFact""}],""operations"":[],""shared_context"":{""location"":null,""person"":null,""temporal"":null}}","{""items"":[{""analysis"":""Remember the design-team detail for the errand with Maya Chen at Farm Boy."",""delivery"":""none"",""due"":null,""location"":""nil"",""needsReview"":false,""person"":null,""quote"":""Remember the design-team detail for the errand with Maya Chen at Farm Boy."",""rawQuote"":""Remember the design-team detail for the errand with Maya Chen at Farm Boy."",""recurrence"":""nil"",""reminder"":null,""route"":""Memory"",""state"":""resolved"",""title"":""The design-team detail for the errand with Maya Chen at Farm Boy"",""type"":""note"",""wasRepaired"":false}],""operations"":[],""text"":""Remember the design-team detail for the errand with Maya Chen at Farm Boy.""}",location_preservation|person_preservation|type:3c9b7a511157e6da,failure|hash_random_fill
rd-4373dbfb7c10ff56e19aff00,,family-negative-statement-plain,It is not true that record that the invoice was not sent for the core project.,"{""ambiguity_policy"":""act"",""item_count"":1,""items"":[{""date"":null,""facts"":[""record that the invoice was not sent for the core project""],""forbidden_facts"":[],""location"":null,""needs_review"":false,""negation"":true,""person"":null,""prohibition"":false,""recurrence"":null,""route"":""Memory"",""state"":""informational"",""time"":null,""title"":""record that the invoice was not sent for the core project"",""type"":""memory""}],""operations"":[],""shared_context"":{""location"":null,""person"":null,""temporal"":null}}","{""items"":[{""analysis"":""It is not true that record that the invoice was not sent for the core project."",""delivery"":""none"",""due"":null,""location"":""nil"",""needsReview"":false,""person"":null,""quote"":""It is not true that record that the invoice was not sent for the core project."",""rawQuote"":""It is not true that record that the invoice was not sent for the core project."",""recurrence"":""nil"",""reminder"":null,""route"":""Memory"",""state"":""resolved"",""title"":""It is not true that record that the invoice was not sent for the core project"",""type"":""note"",""wasRepaired"":false}],""operations"":[],""text"":""It is not true that record that the invoice was not sent for the core project.""}",type:177d7631d2f6bfa4,safety_critical|failure
rd-22c554a5fa714a9a36226f17,,family-two-tasks-shared-location-person,"Print the handouts for the client account with Maya Chen at Farm Boy. Also, call Maya about dinner with Maya Chen at Farm Boy.","{""ambiguity_policy"":""act"",""item_count"":2,""items"":[{""date"":null,""facts"":[""print the handouts for the client account""],""forbidden_facts"":[],""location"":""Farm Boy"",""needs_review"":false,""negation"":false,""person"":""Maya Chen"",""prohibition"":false,""recurrence"":null,""route"":""Today"",""state"":""outstanding"",""time"":null,""title"":""print the handouts for the client account"",""type"":""task""},{""date"":null,""facts"":[""call Maya about dinner""],""forbidden_facts"":[],""location"":""Farm Boy"",""needs_review"":false,""negation"":false,""person"":""Maya Chen"",""prohibition"":false,""recurrence"":null,""route"":""Today"",""state"":""outstanding"",""time"":null,""title"":""call Maya about dinner"",""type"":""task""}],""operations"":[],""shared_context"":{""location"":""Farm Boy"",""person"":""Maya Chen"",""temporal"":null}}","{""items"":[{""analysis"":""Print the handouts for the client account with Maya Chen at Farm Boy"",""delivery"":""none"",""due"":null,""location"":""nil"",""needsReview"":false,""person"":null,""quote"":""Print the handouts for the client account with Maya Chen at Farm Boy"",""rawQuote"":""Print the handouts for the client account with Maya Chen at Farm Boy"",""recurrence"":""nil"",""reminder"":null,""route"":""Today"",""state"":""resolved"",""title"":""Print the handouts for the client account with Maya Chen at Farm Boy"",""type"":""task"",""wasRepaired"":false},{""analysis"":""call Maya about dinner with Maya Chen at Farm Boy"",""delivery"":""none"",""due"":null,""location"":""nil"",""needsReview"":false,""person"":""Maya"",""quote"":""call Maya about dinner with Maya Chen at Farm Boy"",""rawQuote"":""call Maya about dinner with Maya Chen at Farm Boy"",""recurrence"":""nil"",""reminder"":null,""route"":""Today"",""state"":""resolved"",""title"":""Call Maya about dinner with Maya Chen at Farm Boy"",""type"":""personFollowUp"",""wasRepaired"":false}],""operations"":[],""text"":""Print the handouts for the client account with Maya Chen at Farm Boy. Also, call Maya about dinner with Maya Chen at Farm Boy.""}",location_preservation|person_preservation|type:3c9b7a511157e6da,failure|hash_random_fill
rd-c90d8ab5b5fb69e2a6abd1d5,,family-person-fact-exact-time,Remember the design-team detail for the appointment with Maya Chen on Thu Aug 6 at 16:15.,"{""ambiguity_policy"":""act"",""item_count"":1,""items"":[{""date"":""Thu Aug 6"",""facts"":[""remember the design-team detail for the appointment""],""forbidden_facts"":[],""location"":null,""needs_review"":false,""negation"":false,""person"":""Maya Chen"",""prohibition"":false,""recurrence"":null,""route"":""Memory"",""state"":""informational"",""time"":""16:15"",""title"":""remember the design-team detail for the appointment"",""type"":""personFact""}],""operations"":[],""shared_context"":{""location"":null,""person"":null,""temporal"":null}}","{""items"":[{""analysis"":""Remember the design-team detail for the appointment with Maya Chen on Thu Aug 6 at 4:15 pm."",""delivery"":""none"",""due"":null,""location"":""nil"",""needsReview"":false,""person"":null,""quote"":""Remember the design-team detail for the appointment with Maya Chen on Thu Aug 6 at 4:15 pm."",""rawQuote"":""Remember the design-team detail for the appointment with Maya Chen on Thu Aug 6 at 16:15"",""recurrence"":""nil"",""reminder"":null,""route"":""Memory"",""state"":""resolved"",""title"":""The design-team detail for the appointment with Maya Chen on Thu Aug 6 at 4:15 pm"",""type"":""note"",""wasRepaired"":true}],""operations"":[],""text"":""Remember the design-team detail for the appointment with Maya Chen on Thu Aug 6 at 16:15.""}",date_preservation|person_preservation|time_preservation|type:d436c537fd4b2388,failure|hash_random_fill
rd-c6301274377a45aecbb78cfa,,family-change-of-mind-priority-context,Order the blue notebook for the tax filing with Hope Reed on Wed Aug 5.,"{""ambiguity_policy"":""act"",""item_count"":1,""items"":[{""date"":""Wed Aug 5"",""facts"":[""order the blue notebook for the tax filing""],""forbidden_facts"":[""order the red notebook""],""location"":null,""needs_review"":false,""negation"":false,""person"":""Hope Reed"",""prohibition"":false,""recurrence"":null,""route"":""Today"",""state"":""outstanding"",""time"":null,""title"":""order the blue notebook for the tax filing"",""type"":""task""}],""operations"":[],""shared_context"":{""location"":null,""person"":null,""temporal"":null}}","{""items"":[{""analysis"":""Order the blue notebook for the tax filing with Hope Reed on Wed Aug 5."",""delivery"":""none"",""due"":1785902400,""location"":""nil"",""needsReview"":false,""person"":null,""quote"":""Order the blue notebook for the tax filing with Hope Reed on Wed Aug 5."",""rawQuote"":""Order the blue notebook for the tax filing with Hope Reed on Wed Aug 5."",""recurrence"":""nil"",""reminder"":null,""route"":""Today"",""state"":""resolved"",""title"":""Order the blue notebook for the tax filing with Hope Reed on Wed Aug 5"",""type"":""shopping"",""wasRepaired"":false}],""operations"":[],""text"":""Order the blue notebook for the tax filing with Hope Reed on Wed Aug 5.""}",person_preservation|type:9d0cc991e51b6027,failure|hash_random_fill
rd-ddcde471a268884a78bb0853,,family-information-plus-task-relative-date,"The tea shelf is empty. Also, order more tea for the travel plan on Tue Aug 4.","{""ambiguity_policy"":""act"",""item_count"":2,""items"":[{""date"":null,""facts"":[""the tea shelf is empty""],""forbidden_facts"":[],""location"":null,""needs_review"":false,""negation"":false,""person"":null,""prohibition"":false,""recurrence"":null,""route"":""Memory"",""state"":""informational"",""time"":null,""title"":""the tea shelf is empty"",""type"":""memory""},{""date"":""Tue Aug 4"",""facts"":[""order more tea for the travel plan""],""forbidden_facts"":[],""location"":null,""needs_review"":false,""negation"":false,""person"":null,""prohibition"":false,""recurrence"":null,""route"":""Today"",""state"":""outstanding"",""time"":null,""title"":""order more tea for the travel plan"",""type"":""task""}],""operations"":[],""shared_context"":{""location"":null,""person"":null,""temporal"":null}}","{""items"":[{""analysis"":""The tea shelf is empty"",""delivery"":""none"",""due"":null,""location"":""nil"",""needsReview"":false,""person"":null,""quote"":""The tea shelf is empty"",""rawQuote"":""The tea shelf is empty"",""recurrence"":""nil"",""reminder"":null,""route"":""Memory"",""state"":""resolved"",""title"":""The tea shelf is empty"",""type"":""note"",""wasRepaired"":false},{""analysis"":""order more tea for the travel plan on Tue Aug 4"",""delivery"":""none"",""due"":1785816000,""location"":""nil"",""needsReview"":false,""person"":null,""quote"":""order more tea for the travel plan on Tue Aug 4"",""rawQuote"":""order more tea for the travel plan on Tue Aug 4"",""recurrence"":""nil"",""reminder"":null,""route"":""Today"",""state"":""resolved"",""title"":""Order more tea for the travel plan on Tue Aug 4"",""type"":""shopping"",""wasRepaired"":false}],""operations"":[],""text"":""The tea shelf is empty. Also, order more tea for the travel plan on Tue Aug 4.""}",type:177d7631d2f6bfa4,failure|hash_random_fill
rd-b4652b3be341927f583e10e7,,family-negative-statement-weekend-context,Make a note that the invoice was not sent for the family trip with Xochitl Rivera at Farm Boy on Sat Aug 8 at 11:00.,"{""ambiguity_policy"":""act"",""item_count"":1,""items"":[{""date"":""Sat Aug 8"",""facts"":[""record that the invoice was not sent for the family trip""],""forbidden_facts"":[],""location"":""Farm Boy"",""needs_review"":false,""negation"":true,""person"":""Xochitl Rivera"",""prohibition"":false,""recurrence"":null,""route"":""Memory"",""state"":""informational"",""time"":""11:00"",""title"":""record that the invoice was not sent for the family trip"",""type"":""memory""}],""operations"":[],""shared_context"":{""location"":null,""person"":null,""temporal"":null}}","{""items"":[{""analysis"":""Make a note that the invoice was not sent for the family trip with Xochitl Rivera at Farm Boy on Sat Aug 8 at 11:00."",""delivery"":""none"",""due"":null,""location"":""nil"",""needsReview"":false,""person"":null,""quote"":""Make a note that the invoice was not sent for the family trip with Xochitl Rivera at Farm Boy on Sat Aug 8 at 11:00."",""rawQuote"":""Make a note that the invoice was not sent for the family trip with Xochitl Rivera at Farm Boy on Sat Aug 8 at 11:00."",""recurrence"":""nil"",""reminder"":null,""route"":""Memory"",""state"":""resolved"",""title"":""The invoice was not sent for the family trip with Xochitl Rivera at Farm Boy on Sat Aug 8 at 11:00"",""type"":""note"",""wasRepaired"":false}],""operations"":[],""text"":""Make a note that the invoice was not sent for the family trip with Xochitl Rivera at Farm Boy on Sat Aug 8 at 11:00.""}",date_preservation|location_preservation|lost_information|person_preservation|time_preservation|title_content_preservation|type:3a7b5547c9fd939a,safety_critical|failure|compound_failure|ai_candidate
rd-d58c9af100ebb617dd4150eb,,family-two-tasks-shared-time-relative-date,"Submit the expense report for the travel plan on Tue Aug 4 at 16:15. Also, call Maya about dinner with Maya Chen on Tue Aug 4 at 16:15.","{""ambiguity_policy"":""act"",""item_count"":2,""items"":[{""date"":""Tue Aug 4"",""facts"":[""submit the expense report for the travel plan""],""forbidden_facts"":[],""location"":null,""needs_review"":false,""negation"":false,""person"":null,""prohibition"":false,""recurrence"":null,""route"":""Today"",""state"":""outstanding"",""time"":""16:15"",""title"":""submit the expense report for the travel plan"",""type"":""task""},{""date"":""Tue Aug 4"",""facts"":[""call Maya about dinner""],""forbidden_facts"":[],""location"":null,""needs_review"":false,""negation"":false,""person"":""Maya Chen"",""prohibition"":false,""recurrence"":null,""route"":""Today"",""state"":""outstanding"",""time"":""16:15"",""title"":""call Maya about dinner"",""type"":""task""}],""operations"":[],""shared_context"":{""location"":null,""person"":null,""temporal"":""Tue Aug 4 16:15""}}","{""items"":[{""analysis"":""Submit the expense report for the travel plan on Tue Aug 4 at 4:15 pm"",""delivery"":""none"",""due"":1785874500,""location"":""nil"",""needsReview"":false,""person"":null,""quote"":""Submit the expense report for the travel plan on Tue Aug 4 at 4:15 pm"",""rawQuote"":""Submit the expense report for the travel plan on Tue Aug 4 at 16:15. Also"",""recurrence"":""nil"",""reminder"":null,""route"":""Today"",""state"":""resolved"",""title"":""Submit the expense report for the travel plan on Tue Aug 4 at 4:15 pm"",""type"":""task"",""wasRepaired"":true},{""analysis"":""call Maya about dinner with Maya Chen on Tue Aug 4 at 4:15 pm"",""delivery"":""none"",""due"":1785874500,""location"":""nil"",""needsReview"":false,""person"":""Maya"",""quote"":""call Maya about dinner with Maya Chen on Tue Aug 4 at 4:15 pm"",""rawQuote"":""call Maya about dinner with Maya Chen on Tue Aug 4 at 16:15"",""recurrence"":""nil"",""reminder"":null,""route"":""Today"",""state"":""resolved"",""title"":""Call Maya about dinner with Maya Chen on Tue Aug 4 at 4:15 pm"",""type"":""personFollowUp"",""wasRepaired"":true}],""operations"":[],""text"":""Submit the expense report for the travel plan on Tue Aug 4 at 16:15. Also, call Maya about dinner with Maya Chen on Tue Aug 4 at 16:15.""}",time_preservation|type:956fb00c919831ff,failure|hash_random_fill
rd-848c0e104ca381acda9479f4,,family-location-trigger-weekend-context,Pick up the dry cleaning for the family trip with Xochitl Rivera at Farm Boy on Sat Aug 8 at 11:00.,"{""ambiguity_policy"":""act"",""item_count"":1,""items"":[{""date"":""Sat Aug 8"",""facts"":[""pick up the dry cleaning for the family trip""],""forbidden_facts"":[],""location"":""Farm Boy"",""needs_review"":false,""negation"":false,""person"":""Xochitl Rivera"",""prohibition"":false,""recurrence"":null,""route"":""Today"",""state"":""outstanding"",""time"":""11:00"",""title"":""pick up the dry cleaning for the family trip"",""type"":""reminder""}],""operations"":[],""shared_context"":{""location"":null,""person"":null,""temporal"":null}}","{""items"":[{""analysis"":""Pick up the dry cleaning for the family trip with Xochitl Rivera at Farm Boy on Sat Aug 8 at 11:00."",""delivery"":""none"",""due"":1786201200,""location"":""nil"",""needsReview"":false,""person"":null,""quote"":""Pick up the dry cleaning for the family trip with Xochitl Rivera at Farm Boy on Sat Aug 8 at 11:00."",""rawQuote"":""Pick up the dry cleaning for the family trip with Xochitl Rivera at Farm Boy on Sat Aug 8 at 11:00."",""recurrence"":""nil"",""reminder"":null,""route"":""Today"",""state"":""resolved"",""title"":""Pick up the dry cleaning for the family trip with Xochitl Rivera at Farm Boy on Sat Aug 8 at 11:00"",""type"":""task"",""wasRepaired"":false}],""operations"":[],""text"":""Pick up the dry cleaning for the family trip with Xochitl Rivera at Farm Boy on Sat Aug 8 at 11:00.""}",location_preservation|person_preservation|time_preservation|type:a8ea155a6d94fb7f,failure|hash_random_fill
rd-b2fb57db7a37d3be9c2b6402,,family-negative-statement-weekend-context,It is not true that record that the invoice was not sent for the family trip with Xochitl Rivera at Farm Boy on Sat Aug 8 at 11:00.,"{""ambiguity_policy"":""act"",""item_count"":1,""items"":[{""date"":""Sat Aug 8"",""facts"":[""record that the invoice was not sent for the family trip""],""forbidden_facts"":[],""location"":""Farm Boy"",""needs_review"":false,""negation"":true,""person"":""Xochitl Rivera"",""prohibition"":false,""recurrence"":null,""route"":""Memory"",""state"":""informational"",""time"":""11:00"",""title"":""record that the invoice was not sent for the family trip"",""type"":""memory""}],""operations"":[],""shared_context"":{""location"":null,""person"":null,""temporal"":null}}","{""items"":[{""analysis"":""It is not true that record that the invoice was not sent for the family trip with Xochitl Rivera at Farm Boy on Sat Aug 8 at 11:00."",""delivery"":""none"",""due"":1786201200,""location"":""nil"",""needsReview"":false,""person"":null,""quote"":""It is not true that record that the invoice was not sent for the family trip with Xochitl Rivera at Farm Boy on Sat Aug 8 at 11:00."",""rawQuote"":""It is not true that record that the invoice was not sent for the family trip with Xochitl Rivera at Farm Boy on Sat Aug 8 at 11:00."",""recurrence"":""nil"",""reminder"":null,""route"":""Today"",""state"":""resolved"",""title"":""It is not true that record that the invoice was not sent for the family trip with Xochitl Rivera at Farm Boy on Sat Aug 8 at 11:00"",""type"":""event"",""wasRepaired"":false}],""operations"":[],""text"":""It is not true that record that the invoice was not sent for the family trip with Xochitl Rivera at Farm Boy on Sat Aug 8 at 11:00.""}",location_preservation|person_preservation|routing|time_preservation|type:b9edb7e3b3728e13,safety_critical|failure|compound_failure
rd-d0ce717a1c28aa582a6736ed,,family-memory-exact-time,I want to remember that the window-seat preference for the appointment on Thu Aug 6 at 16:15.,"{""ambiguity_policy"":""act"",""item_count"":1,""items"":[{""date"":""Thu Aug 6"",""facts"":[""remember the window-seat preference for the appointment""],""forbidden_facts"":[],""location"":null,""needs_review"":false,""negation"":false,""person"":null,""prohibition"":false,""recurrence"":null,""route"":""Memory"",""state"":""informational"",""time"":""16:15"",""title"":""remember the window-seat preference for the appointment"",""type"":""memory""}],""operations"":[],""shared_context"":{""location"":null,""person"":null,""temporal"":null}}","{""items"":[{""analysis"":""I want to remember that the window-seat preference for the appointment on Thu Aug 6 at 4:15 pm."",""delivery"":""none"",""due"":null,""location"":""nil"",""needsReview"":false,""person"":null,""quote"":""I want to remember that the window-seat preference for the appointment on Thu Aug 6 at 4:15 pm."",""rawQuote"":""I want to remember that the window-seat preference for the appointment on Thu Aug 6 at 16:15"",""recurrence"":""nil"",""reminder"":null,""route"":""Memory"",""state"":""resolved"",""title"":""The window-seat preference for the appointment on Thu Aug 6 at 4:15 pm"",""type"":""note"",""wasRepaired"":true}],""operations"":[],""text"":""I want to remember that the window-seat preference for the appointment on Thu Aug 6 at 16:15.""}",date_preservation|lost_information|time_preservation|title_content_preservation|type:ddca5c0667d205d9,failure|compound_failure|ai_candidate|hash_random_fill
rd-9bd00294e041b33617913fa0,,family-ambiguous-review-weekend-context,Maybe send the document to her for the family trip with Xochitl Rivera…,"{""ambiguity_policy"":""review"",""item_count"":1,""items"":[{""date"":null,""facts"":[""send the document to her for the family trip""],""forbidden_facts"":[],""location"":null,""needs_review"":true,""negation"":false,""person"":""Xochitl Rivera"",""prohibition"":false,""recurrence"":null,""route"":""Memory"",""state"":""uncertain"",""time"":null,""title"":""send the document to her for the family trip"",""type"":""note""}],""operations"":[],""shared_context"":{""location"":null,""person"":null,""temporal"":null}}","{""items"":[{""analysis"":""Maybe send the document to her for the family trip with Xochitl Rivera…"",""delivery"":""none"",""due"":null,""location"":""nil"",""needsReview"":false,""person"":null,""quote"":""Maybe send the document to her for the family trip with Xochitl Rivera…"",""rawQuote"":""Maybe send the document to her for the family trip with Xochitl Rivera…"",""recurrence"":""nil"",""reminder"":null,""route"":""Today"",""state"":""resolved"",""title"":""Send the document to her for the family trip with Xochitl Rivera…"",""type"":""task"",""wasRepaired"":false}],""operations"":[],""text"":""Maybe send the document to her for the family trip with Xochitl Rivera…""}",person_preservation|review_ambiguity_behavior|routing|type:6185011130765d60,failure|hash_random_fill
rd-3febd360151056a1fc7bc7e9,filler-words|hesitation|rambling-introduction,family-date-correction-relative-date,"So there's one thing, um, make sure I remember to renew the membership for the travel plan on Sat Aug 8, and that's everything.","{""ambiguity_policy"":""act"",""item_count"":1,""items"":[{""date"":""Sat Aug 8"",""facts"":[""renew the membership for the travel plan""],""forbidden_facts"":[""Fri Aug 7""],""location"":null,""needs_review"":false,""negation"":false,""person"":null,""prohibition"":false,""recurrence"":null,""route"":""Today"",""state"":""outstanding"",""time"":null,""title"":""renew the membership for the travel plan"",""type"":""task""}],""operations"":[],""shared_context"":{""location"":null,""person"":null,""temporal"":null}}","{""items"":[{""analysis"":""there's one thing"",""delivery"":""none"",""due"":null,""location"":""nil"",""needsReview"":false,""person"":null,""quote"":""there's one thing"",""rawQuote"":""there's one thing"",""recurrence"":""nil"",""reminder"":null,""route"":""Memory"",""state"":""resolved"",""title"":""There's one thing"",""type"":""note"",""wasRepaired"":false},{""analysis"":""make sure I remember to renew the membership for the travel plan on Sat Aug 8"",""delivery"":""none"",""due"":1786161600,""location"":""nil"",""needsReview"":false,""person"":null,""quote"":""make sure I remember to renew the membership for the travel plan on Sat Aug 8"",""rawQuote"":""make sure I remember to renew the membership for the travel plan on Sat Aug 8"",""recurrence"":""nil"",""reminder"":null,""route"":""Today"",""state"":""resolved"",""title"":""Renew the membership for the travel plan on Sat Aug 8"",""type"":""task"",""wasRepaired"":false},{""analysis"":""that's everything"",""delivery"":""none"",""due"":null,""location"":""nil"",""needsReview"":false,""person"":null,""quote"":""that's everything"",""rawQuote"":""that's everything"",""recurrence"":""nil"",""reminder"":null,""route"":""Memory"",""state"":""resolved"",""title"":""That's everything"",""type"":""note"",""wasRepaired"":false}],""operations"":[],""text"":""So there's one thing, um, make sure I remember to renew the membership for the travel plan on Sat Aug 8, and that's everything.""}",date_preservation|item_count|over_split|routing|type|wrong_merge:bd7b3b8e31b80f3c,phenomenon_coverage|multi_phenomenon|failure|compound_failure|unusual_item_count|ai_candidate
rd-8cb41a36b32bf217d1047d0c,shared-object,family-two-independent-tasks-plain,"Buy oat milk for the core project. Also, call Maya about dinner; use the same document for both actions.","{""ambiguity_policy"":""act"",""item_count"":2,""items"":[{""date"":null,""facts"":[""buy oat milk for the core project""],""forbidden_facts"":[],""location"":null,""needs_review"":false,""negation"":false,""person"":null,""prohibition"":false,""recurrence"":null,""route"":""Today"",""state"":""outstanding"",""time"":null,""title"":""buy oat milk for the core project"",""type"":""task""},{""date"":null,""facts"":[""call Maya about dinner""],""forbidden_facts"":[],""location"":null,""needs_review"":false,""negation"":false,""person"":null,""prohibition"":false,""recurrence"":null,""route"":""Today"",""state"":""outstanding"",""time"":null,""title"":""call Maya about dinner"",""type"":""task""}],""operations"":[],""shared_context"":{""location"":null,""person"":null,""temporal"":null}}","{""items"":[{""analysis"":""Buy oat milk for the core project"",""delivery"":""none"",""due"":null,""location"":""nil"",""needsReview"":false,""person"":null,""quote"":""Buy oat milk for the core project"",""rawQuote"":""Buy oat milk for the core project"",""recurrence"":""nil"",""reminder"":null,""route"":""Today"",""state"":""resolved"",""title"":""Buy oat milk for the core project"",""type"":""shopping"",""wasRepaired"":false},{""analysis"":""call Maya about dinner"",""delivery"":""none"",""due"":null,""location"":""nil"",""needsReview"":false,""person"":""Maya"",""quote"":""call Maya about dinner"",""rawQuote"":""call Maya about dinner"",""recurrence"":""nil"",""reminder"":null,""route"":""Today"",""state"":""resolved"",""title"":""Call Maya about dinner"",""type"":""personFollowUp"",""wasRepaired"":false},{""analysis"":""use the same document for both actions"",""delivery"":""none"",""due"":null,""location"":""nil"",""needsReview"":false,""person"":null,""quote"":""use the same document for both actions"",""rawQuote"":""use the same document for both actions"",""recurrence"":""nil"",""reminder"":null,""route"":""Today"",""state"":""resolved"",""title"":""Use the same document for both actions"",""type"":""task"",""wasRepaired"":false}],""operations"":[],""text"":""Buy oat milk for the core project. Also, call Maya about dinner; use the same document for both actions.""}",invented_information|item_count|over_split|person_preservation|routing|type|wrong_merge:8d6019065c71e6fe,phenomenon_coverage|failure|compound_failure|unusual_item_count|suspicious_synthetic
rd-8874803e24f81fb2c5e5cb7b,,family-time-correction-shared-context,Call the clinic for the launch with Elena Costa at Farm Boy on Fri Aug 7 at 16:00.,"{""ambiguity_policy"":""act"",""item_count"":1,""items"":[{""date"":""Fri Aug 7"",""facts"":[""call the clinic for the launch""],""forbidden_facts"":[""15:00""],""location"":""Farm Boy"",""needs_review"":false,""negation"":false,""person"":""Elena Costa"",""prohibition"":false,""recurrence"":null,""route"":""Today"",""state"":""outstanding"",""time"":""16:00"",""title"":""call the clinic for the launch"",""type"":""task""}],""operations"":[],""shared_context"":{""location"":null,""person"":null,""temporal"":null}}","{""items"":[{""analysis"":""Call the clinic for the launch with Elena Costa at Farm Boy on Fri Aug 7 at 4:00 pm."",""delivery"":""none"",""due"":1786132800,""location"":""nil"",""needsReview"":false,""person"":null,""quote"":""Call the clinic for the launch with Elena Costa at Farm Boy on Fri Aug 7 at 4:00 pm."",""rawQuote"":""Call the clinic for the launch with Elena Costa at Farm Boy on Fri Aug 7 at 16:00"",""recurrence"":""nil"",""reminder"":null,""route"":""Today"",""state"":""resolved"",""title"":""Call the clinic for the launch with Elena Costa at Farm Boy on Fri Aug 7 at 4:00 pm"",""type"":""task"",""wasRepaired"":true}],""operations"":[],""text"":""Call the clinic for the launch with Elena Costa at Farm Boy on Fri Aug 7 at 16:00.""}",location_preservation|person_preservation|time_preservation:3c5d20b22ef4ee19,failure|hash_random_fill
rd-a4ff0ebe701456692d33a15a,,family-memory-person-time,Remember the window-seat preference for the interview with Noah Brooks on Tue Aug 4 at 09:30.,"{""ambiguity_policy"":""act"",""item_count"":1,""items"":[{""date"":""Tue Aug 4"",""facts"":[""remember the window-seat preference for the interview""],""forbidden_facts"":[],""location"":null,""needs_review"":false,""negation"":false,""person"":""Noah Brooks"",""prohibition"":false,""recurrence"":null,""route"":""Memory"",""state"":""informational"",""time"":""09:30"",""title"":""remember the window-seat preference for the interview"",""type"":""memory""}],""operations"":[],""shared_context"":{""location"":null,""person"":null,""temporal"":null}}","{""items"":[{""analysis"":""Remember the window-seat preference for the interview with Noah Brooks on Tue Aug 4 at 09:30."",""delivery"":""none"",""due"":null,""location"":""nil"",""needsReview"":false,""person"":null,""quote"":""Remember the window-seat preference for the interview with Noah Brooks on Tue Aug 4 at 09:30."",""rawQuote"":""Remember the window-seat preference for the interview with Noah Brooks on Tue Aug 4 at 09:30."",""recurrence"":""nil"",""reminder"":null,""route"":""Memory"",""state"":""resolved"",""title"":""The window-seat preference for the interview with Noah Brooks on Tue Aug 4 at 09:30"",""type"":""note"",""wasRepaired"":false}],""operations"":[],""text"":""Remember the window-seat preference for the interview with Noah Brooks on Tue Aug 4 at 09:30.""}",date_preservation|person_preservation|time_preservation|type:d436c537fd4b2388,failure|hash_random_fill
rd-277c54817cb73105bbd23424,,family-change-of-mind-named-location,Make a task to order the blue notebook for the errand at Farm Boy.,"{""ambiguity_policy"":""act"",""item_count"":1,""items"":[{""date"":null,""facts"":[""order the blue notebook for the errand""],""forbidden_facts"":[""order the red notebook""],""location"":""Farm Boy"",""needs_review"":false,""negation"":false,""person"":null,""prohibition"":false,""recurrence"":null,""route"":""Today"",""state"":""outstanding"",""time"":null,""title"":""order the blue notebook for the errand"",""type"":""task""}],""operations"":[],""shared_context"":{""location"":null,""person"":null,""temporal"":null}}","{""items"":[{""analysis"":""Make a task to order the blue notebook for the errand at Farm Boy."",""delivery"":""none"",""due"":null,""location"":""nil"",""needsReview"":false,""person"":null,""quote"":""Make a task to order the blue notebook for the errand at Farm Boy."",""rawQuote"":""Make a task to order the blue notebook for the errand at Farm Boy."",""recurrence"":""nil"",""reminder"":null,""route"":""Today"",""state"":""resolved"",""title"":""Make a task to order the blue notebook for the errand at Farm Boy"",""type"":""task"",""wasRepaired"":false}],""operations"":[],""text"":""Make a task to order the blue notebook for the errand at Farm Boy.""}",location_preservation:ebb663aabb81d6cd,failure|ai_candidate|hash_random_fill
rd-848eff8905eb7a8b4462bdb2,,family-time-correction-exact-time,Call the clinic for the appointment on Thu Aug 6 at 16:00.,"{""ambiguity_policy"":""act"",""item_count"":1,""items"":[{""date"":""Thu Aug 6"",""facts"":[""call the clinic for the appointment""],""forbidden_facts"":[""15:00""],""location"":null,""needs_review"":false,""negation"":false,""person"":null,""prohibition"":false,""recurrence"":null,""route"":""Today"",""state"":""outstanding"",""time"":""16:00"",""title"":""call the clinic for the appointment"",""type"":""task""}],""operations"":[],""shared_context"":{""location"":null,""person"":null,""temporal"":null}}","{""items"":[{""analysis"":""Call the clinic for the appointment on Thu Aug 6 at 4:00 pm."",""delivery"":""none"",""due"":1786046400,""location"":""nil"",""needsReview"":false,""person"":null,""quote"":""Call the clinic for the appointment on Thu Aug 6 at 4:00 pm."",""rawQuote"":""Call the clinic for the appointment on Thu Aug 6 at 16:00"",""recurrence"":""nil"",""reminder"":null,""route"":""Today"",""state"":""resolved"",""title"":""Call the clinic for the appointment on Thu Aug 6 at 4:00 pm"",""type"":""task"",""wasRepaired"":true}],""operations"":[],""text"":""Call the clinic for the appointment on Thu Aug 6 at 16:00.""}",time_preservation:6e84ac6fafda8794,failure|hash_random_fill
rd-f671ca527183b34972b9619c,,family-two-tasks-shared-time-plain,"Submit the expense report for the core project on Tue Aug 4 at 16:15. Also, call Maya about dinner with Maya Chen on Tue Aug 4 at 16:15.","{""ambiguity_policy"":""act"",""item_count"":2,""items"":[{""date"":""Tue Aug 4"",""facts"":[""submit the expense report for the core project""],""forbidden_facts"":[],""location"":null,""needs_review"":false,""negation"":false,""person"":null,""prohibition"":false,""recurrence"":null,""route"":""Today"",""state"":""outstanding"",""time"":""16:15"",""title"":""submit the expense report for the core project"",""type"":""task""},{""date"":""Tue Aug 4"",""facts"":[""call Maya about dinner""],""forbidden_facts"":[],""location"":null,""needs_review"":false,""negation"":false,""person"":""Maya Chen"",""prohibition"":false,""recurrence"":null,""route"":""Today"",""state"":""outstanding"",""time"":""16:15"",""title"":""call Maya about dinner"",""type"":""task""}],""operations"":[],""shared_context"":{""location"":null,""person"":null,""temporal"":""Tue Aug 4 16:15""}}","{""items"":[{""analysis"":""Submit the expense report for the core project on Tue Aug 4 at 4:15 pm"",""delivery"":""none"",""due"":1785874500,""location"":""nil"",""needsReview"":false,""person"":null,""quote"":""Submit the expense report for the core project on Tue Aug 4 at 4:15 pm"",""rawQuote"":""Submit the expense report for the core project on Tue Aug 4 at 16:15. Also"",""recurrence"":""nil"",""reminder"":null,""route"":""Today"",""state"":""resolved"",""title"":""Submit the expense report for the core project on Tue Aug 4 at 4:15 pm"",""type"":""task"",""wasRepaired"":true},{""analysis"":""call Maya about dinner with Maya Chen on Tue Aug 4 at 4:15 pm"",""delivery"":""none"",""due"":1785874500,""location"":""nil"",""needsReview"":false,""person"":""Maya"",""quote"":""call Maya about dinner with Maya Chen on Tue Aug 4 at 4:15 pm"",""rawQuote"":""call Maya about dinner with Maya Chen on Tue Aug 4 at 16:15"",""recurrence"":""nil"",""reminder"":null,""route"":""Today"",""state"":""resolved"",""title"":""Call Maya about dinner with Maya Chen on Tue Aug 4 at 4:15 pm"",""type"":""personFollowUp"",""wasRepaired"":true}],""operations"":[],""text"":""Submit the expense report for the core project on Tue Aug 4 at 16:15. Also, call Maya about dinner with Maya Chen on Tue Aug 4 at 16:15.""}",time_preservation|type:956fb00c919831ff,failure|hash_random_fill
rd-da88b21a82deda2bc8924642,,family-reminder-named-location,Water the basil for the errand at Farm Boy.,"{""ambiguity_policy"":""act"",""item_count"":1,""items"":[{""date"":null,""facts"":[""water the basil for the errand""],""forbidden_facts"":[],""location"":""Farm Boy"",""needs_review"":false,""negation"":false,""person"":null,""prohibition"":false,""recurrence"":null,""route"":""Today"",""state"":""outstanding"",""time"":null,""title"":""water the basil for the errand"",""type"":""reminder""}],""operations"":[],""shared_context"":{""location"":null,""person"":null,""temporal"":null}}","{""items"":[{""analysis"":""Water the basil for the errand at Farm Boy."",""delivery"":""none"",""due"":null,""location"":""nil"",""needsReview"":false,""person"":null,""quote"":""Water the basil for the errand at Farm Boy."",""rawQuote"":""Water the basil for the errand at Farm Boy."",""recurrence"":""nil"",""reminder"":null,""route"":""Today"",""state"":""resolved"",""title"":""Water the basil for the errand at Farm Boy"",""type"":""task"",""wasRepaired"":false}],""operations"":[],""text"":""Water the basil for the errand at Farm Boy.""}",location_preservation|type:f801f2db117f0ea1,failure|hash_random_fill
rd-568d852c79e523f7b768c77b,filler-words|rephrasing|rambling-ending,family-exact-date-time-person,"Okay, so, I need a reminder to join the dentist appointment for the client account with Maya Chen on Tue Aug 4 at 16:15—yeah, that's what I meant.","{""ambiguity_policy"":""act"",""item_count"":1,""items"":[{""date"":""Tue Aug 4"",""facts"":[""join the dentist appointment for the client account""],""forbidden_facts"":[],""location"":null,""needs_review"":false,""negation"":false,""person"":""Maya Chen"",""prohibition"":false,""recurrence"":null,""route"":""Today"",""state"":""outstanding"",""time"":""16:15"",""title"":""join the dentist appointment for the client account"",""type"":""reminder""}],""operations"":[],""shared_context"":{""location"":null,""person"":null,""temporal"":null}}","{""items"":[{""analysis"":""I need a reminder to join the dentist appointment for the client account with Maya Chen on Tue Aug 4 at 4:15 pm—yeah, that's."",""delivery"":""notification"",""due"":1785874500,""location"":""nil"",""needsReview"":false,""person"":null,""quote"":""I need a reminder to join the dentist appointment for the client account with Maya Chen on Tue Aug 4 at 4:15 pm—yeah, that's."",""rawQuote"":""I need a reminder to join the dentist appointment for the client account with Maya Chen on Tue Aug 4 at 16:15—yeah, that's"",""recurrence"":""nil"",""reminder"":1785874500,""route"":""Today"",""state"":""resolved"",""title"":""Join the dentist appointment for the client account with Maya Chen on Tue Aug 4 at 4:15 pm—yeah, that's"",""type"":""event"",""wasRepaired"":true}],""operations"":[],""text"":""Okay, so, I need a reminder to join the dentist appointment for the client account with Maya Chen on Tue Aug 4 at 16:15—yeah, that's what I meant.""}",person_preservation|type:9d0cc991e51b6027,phenomenon_coverage|multi_phenomenon|failure|ai_candidate
rd-f5b2af171b56fc60aae9259a,,family-cancellation-weekend-context,Cancel the saved reminder to water the basil for the family trip.,"{""ambiguity_policy"":""act"",""item_count"":0,""items"":[],""operations"":[{""operation"":""cancel"",""scoped"":false,""target"":""water the basil for the family trip""}],""shared_context"":{""location"":null,""person"":null,""temporal"":null}}","{""items"":[],""operations"":[{""operation"":""cancel"",""scoped"":false,""target"":""saved reminder to water the basil for the family trip""}],""text"":""Cancel the saved reminder to water the basil for the family trip.""}",cancellation_correctness:78b75480f29ec647,safety_critical|failure
rd-de43cc168047d38591c96b3a,filler-words|hesitation|sign-off-trailing-noise,family-recurrence-person,"Um, remind me to take out the recycling for the client account with Maya Chen on Tue Aug 4 every Tuesday, uh, that's all.","{""ambiguity_policy"":""act"",""item_count"":1,""items"":[{""date"":""Tue Aug 4"",""facts"":[""take out the recycling for the client account""],""forbidden_facts"":[],""location"":null,""needs_review"":false,""negation"":false,""person"":""Maya Chen"",""prohibition"":false,""recurrence"":""weekly:tuesday"",""route"":""Today"",""state"":""outstanding"",""time"":null,""title"":""take out the recycling for the client account"",""type"":""reminder""}],""operations"":[],""shared_context"":{""location"":null,""person"":null,""temporal"":null}}","{""items"":[{""analysis"":""remind me to take out the recycling for the client account with Maya Chen on Tue Aug 4 every Tuesday, that's all."",""delivery"":""notification"",""due"":1785848400,""location"":""nil"",""needsReview"":false,""person"":null,""quote"":""remind me to take out the recycling for the client account with Maya Chen on Tue Aug 4 every Tuesday, that's all."",""rawQuote"":""remind me to take out the recycling for the client account with Maya Chen on Tue Aug 4 every Tuesday, uh, that's all"",""recurrence"":""weekly x1 days[3]"",""reminder"":1785848400,""route"":""Today"",""state"":""resolved"",""title"":""Take out the recycling for the client account with Maya Chen on Tue Aug 4 every Tuesday, that's all"",""type"":""task"",""wasRepaired"":true}],""operations"":[],""text"":""Um, remind me to take out the recycling for the client account with Maya Chen on Tue Aug 4 every Tuesday, uh, that's all.""}",person_preservation|time_preservation|type:aee8c4776546e0a4,phenomenon_coverage|multi_phenomenon|failure|ai_candidate
rd-793787722a668c2f98bdab94,,family-two-tasks-shared-time-exact-time,"Submit the expense report for the appointment on Thu Aug 6 at 16:15. Also, call Maya about dinner with Maya Chen on Thu Aug 6 at 16:15.","{""ambiguity_policy"":""act"",""item_count"":2,""items"":[{""date"":""Thu Aug 6"",""facts"":[""submit the expense report for the appointment""],""forbidden_facts"":[],""location"":null,""needs_review"":false,""negation"":false,""person"":null,""prohibition"":false,""recurrence"":null,""route"":""Today"",""state"":""outstanding"",""time"":""16:15"",""title"":""submit the expense report for the appointment"",""type"":""task""},{""date"":""Thu Aug 6"",""facts"":[""call Maya about dinner""],""forbidden_facts"":[],""location"":null,""needs_review"":false,""negation"":false,""person"":""Maya Chen"",""prohibition"":false,""recurrence"":null,""route"":""Today"",""state"":""outstanding"",""time"":""16:15"",""title"":""call Maya about dinner"",""type"":""task""}],""operations"":[],""shared_context"":{""location"":null,""person"":null,""temporal"":""Thu Aug 6 16:15""}}","{""items"":[{""analysis"":""Submit the expense report for the appointment on Thu Aug 6 at 4:15 pm"",""delivery"":""none"",""due"":1786047300,""location"":""nil"",""needsReview"":false,""person"":null,""quote"":""Submit the expense report for the appointment on Thu Aug 6 at 4:15 pm"",""rawQuote"":""Submit the expense report for the appointment on Thu Aug 6 at 16:15. Also"",""recurrence"":""nil"",""reminder"":null,""route"":""Today"",""state"":""resolved"",""title"":""Submit the expense report for the appointment on Thu Aug 6 at 4:15 pm"",""type"":""task"",""wasRepaired"":true},{""analysis"":""call Maya about dinner with Maya Chen on Thu Aug 6 at 4:15 pm"",""delivery"":""none"",""due"":1786047300,""location"":""nil"",""needsReview"":false,""person"":""Maya"",""quote"":""call Maya about dinner with Maya Chen on Thu Aug 6 at 4:15 pm"",""rawQuote"":""call Maya about dinner with Maya Chen on Thu Aug 6 at 16:15"",""recurrence"":""nil"",""reminder"":null,""route"":""Today"",""state"":""resolved"",""title"":""Call Maya about dinner with Maya Chen on Thu Aug 6 at 4:15 pm"",""type"":""personFollowUp"",""wasRepaired"":true}],""operations"":[],""text"":""Submit the expense report for the appointment on Thu Aug 6 at 16:15. Also, call Maya about dinner with Maya Chen on Thu Aug 6 at 16:15.""}",time_preservation|type:956fb00c919831ff,failure|hash_random_fill
rd-60e92e7bc53017904529211e,,family-recurrence-person-date,Take out the recycling for the birthday with Priya Shah on Tue Aug 4 every Tuesday.,"{""ambiguity_policy"":""act"",""item_count"":1,""items"":[{""date"":""Tue Aug 4"",""facts"":[""take out the recycling for the birthday""],""forbidden_facts"":[],""location"":null,""needs_review"":false,""negation"":false,""person"":""Priya Shah"",""prohibition"":false,""recurrence"":""weekly:tuesday"",""route"":""Today"",""state"":""outstanding"",""time"":null,""title"":""take out the recycling for the birthday"",""type"":""reminder""}],""operations"":[],""shared_context"":{""location"":null,""person"":null,""temporal"":null}}","{""items"":[{""analysis"":""Take out the recycling for the birthday with Priya Shah on Tue Aug 4 every Tuesday."",""delivery"":""none"",""due"":1785848400,""location"":""nil"",""needsReview"":false,""person"":null,""quote"":""Take out the recycling for the birthday with Priya Shah on Tue Aug 4 every Tuesday."",""rawQuote"":""Take out the recycling for the birthday with Priya Shah on Tue Aug 4 every Tuesday."",""recurrence"":""weekly x1 days[3]"",""reminder"":null,""route"":""Today"",""state"":""resolved"",""title"":""Take out the recycling for the birthday with Priya Shah on Tue Aug 4 every Tuesday"",""type"":""task"",""wasRepaired"":false}],""operations"":[],""text"":""Take out the recycling for the birthday with Priya Shah on Tue Aug 4 every Tuesday.""}",person_preservation|type:9d0cc991e51b6027,failure|hash_random_fill
rd-4d2f8c2cfd643a129ec4e354,completed-action,family-completed-action-plain,Already Already file the tax receipt for the core project.,"{""ambiguity_policy"":""act"",""item_count"":1,""items"":[{""date"":null,""facts"":[""file the tax receipt for the core project""],""forbidden_facts"":[],""location"":null,""needs_review"":false,""negation"":false,""person"":null,""prohibition"":false,""recurrence"":null,""route"":""Memory"",""state"":""completed"",""time"":null,""title"":""file the tax receipt for the core project"",""type"":""memory""}],""operations"":[],""shared_context"":{""location"":null,""person"":null,""temporal"":null}}","{""items"":[{""analysis"":""file the tax receipt for the core project"",""delivery"":""none"",""due"":null,""location"":""nil"",""needsReview"":false,""person"":null,""quote"":""file the tax receipt for the core project"",""rawQuote"":""file the tax receipt for the core project"",""recurrence"":""nil"",""reminder"":null,""route"":""Today"",""state"":""resolved"",""title"":""File the tax receipt for the core project"",""type"":""task"",""wasRepaired"":false}],""operations"":[{""operation"":""complete"",""scoped"":false,""target"":""already""}],""text"":""Already Already file the tax receipt for the core project.""}",cancellation_correctness|routing|type:95ed130e0bac9131,phenomenon_coverage|failure|suspicious_synthetic
rd-a681b005f3be12b1b808bc14,rambling-introduction|filler-words,family-ambiguous-review-priority-context,"Right, just getting this out of my head: I'm not sure whether this is a task or just something to keep, but I want to remember that send the document to her for the tax filing with Hope Reed.","{""ambiguity_policy"":""review"",""item_count"":1,""items"":[{""date"":null,""facts"":[""send the document to her for the tax filing""],""forbidden_facts"":[],""location"":null,""needs_review"":true,""negation"":false,""person"":""Hope Reed"",""prohibition"":false,""recurrence"":null,""route"":""Memory"",""state"":""uncertain"",""time"":null,""title"":""send the document to her for the tax filing"",""type"":""note""}],""operations"":[],""shared_context"":{""location"":null,""person"":null,""temporal"":null}}","{""items"":[{""analysis"":""just getting this out of my head: I'm not sure whether this is a task or just something to keep, but I want to remember that send the document to her for the tax filing with Hope Reed."",""delivery"":""none"",""due"":null,""location"":""nil"",""needsReview"":false,""person"":null,""quote"":""just getting this out of my head: I'm not sure whether this is a task or just something to keep, but I want to remember that send the document to her for the tax filing with Hope Reed."",""rawQuote"":""just getting this out of my head: I'm not sure whether this is a task or just something to keep, but I want to remember that send the document to her for the tax filing with Hope Reed"",""recurrence"":""nil"",""reminder"":null,""route"":""Today"",""state"":""resolved"",""title"":""Getting this out of my head: I'm not sure whether this is a task or just something to keep, but I want to remember that send the document to her for the tax filing with Hope Reed"",""type"":""task"",""wasRepaired"":false}],""operations"":[],""text"":""Right, just getting this out of my head: I'm not sure whether this is a task or just something to keep, but I want to remember that send the document to her for the tax filing with Hope Reed.""}",person_preservation|review_ambiguity_behavior|routing|type:6185011130765d60,phenomenon_coverage|multi_phenomenon|failure|ai_candidate
rd-89813487a6b3b8afd4500a55,uncertainty,family-ambiguous-review-plain,Maybe Maybe send the document to her for the core project?,"{""ambiguity_policy"":""review"",""item_count"":1,""items"":[{""date"":null,""facts"":[""send the document to her for the core project""],""forbidden_facts"":[],""location"":null,""needs_review"":true,""negation"":false,""person"":null,""prohibition"":false,""recurrence"":null,""route"":""Memory"",""state"":""uncertain"",""time"":null,""title"":""send the document to her for the core project"",""type"":""note""}],""operations"":[],""shared_context"":{""location"":null,""person"":null,""temporal"":null}}","{""items"":[{""analysis"":""Maybe"",""delivery"":""none"",""due"":null,""location"":""nil"",""needsReview"":false,""person"":null,""quote"":""Maybe"",""rawQuote"":""Maybe"",""recurrence"":""nil"",""reminder"":null,""route"":""Memory"",""state"":""resolved"",""title"":""Maybe"",""type"":""note"",""wasRepaired"":false},{""analysis"":""send the document to her for the core project"",""delivery"":""none"",""due"":null,""location"":""nil"",""needsReview"":false,""person"":null,""quote"":""send the document to her for the core project"",""rawQuote"":""send the document to her for the core project"",""recurrence"":""nil"",""reminder"":null,""route"":""Today"",""state"":""resolved"",""title"":""Send the document to her for the core project"",""type"":""task"",""wasRepaired"":false}],""operations"":[],""text"":""Maybe Maybe send the document to her for the core project?""}",item_count|over_split|review_ambiguity_behavior|routing|type|wrong_merge:833bef5128c2d87b,phenomenon_coverage|failure|compound_failure|unusual_item_count|suspicious_synthetic
rd-352788de755853bbadae5983,,family-task-plus-memory-named-location,"Book the train for the errand at Farm Boy. Also, Maya prefers the quiet car with Maya Chen.","{""ambiguity_policy"":""act"",""item_count"":2,""items"":[{""date"":null,""facts"":[""book the train for the errand""],""forbidden_facts"":[],""location"":""Farm Boy"",""needs_review"":false,""negation"":false,""person"":null,""prohibition"":false,""recurrence"":null,""route"":""Today"",""state"":""outstanding"",""time"":null,""title"":""book the train for the errand"",""type"":""task""},{""date"":null,""facts"":[""Maya prefers the quiet car""],""forbidden_facts"":[],""location"":null,""needs_review"":false,""negation"":false,""person"":""Maya Chen"",""prohibition"":false,""recurrence"":null,""route"":""Memory"",""state"":""informational"",""time"":null,""title"":""Maya prefers the quiet car"",""type"":""memory""}],""operations"":[],""shared_context"":{""location"":null,""person"":null,""temporal"":null}}","{""items"":[{""analysis"":""Book the train for the errand at Farm Boy"",""delivery"":""none"",""due"":null,""location"":""nil"",""needsReview"":false,""person"":null,""quote"":""Book the train for the errand at Farm Boy"",""rawQuote"":""Book the train for the errand at Farm Boy"",""recurrence"":""nil"",""reminder"":null,""route"":""Today"",""state"":""resolved"",""title"":""Book the train for the errand at Farm Boy"",""type"":""task"",""wasRepaired"":false},{""analysis"":""Maya prefers the quiet car with Maya Chen"",""delivery"":""none"",""due"":null,""location"":""nil"",""needsReview"":false,""person"":""Maya"",""quote"":""Maya prefers the quiet car with Maya Chen"",""rawQuote"":""Maya prefers the quiet car with Maya Chen"",""recurrence"":""nil"",""reminder"":null,""route"":""Memory"",""state"":""resolved"",""title"":""Maya prefers the quiet car with Maya Chen"",""type"":""note"",""wasRepaired"":false}],""operations"":[],""text"":""Book the train for the errand at Farm Boy. Also, Maya prefers the quiet car with Maya Chen.""}",location_preservation|type:f801f2db117f0ea1,failure|hash_random_fill
rd-2d75d44303f2e2c19b200d06,,family-person-correction-named-location,Send the photos for the errand with Priya Shah at Farm Boy.,"{""ambiguity_policy"":""act"",""item_count"":1,""items"":[{""date"":null,""facts"":[""send the photos for the errand""],""forbidden_facts"":[""Maya Chen""],""location"":""Farm Boy"",""needs_review"":false,""negation"":false,""person"":""Priya Shah"",""prohibition"":false,""recurrence"":null,""route"":""Today"",""state"":""outstanding"",""time"":null,""title"":""send the photos for the errand"",""type"":""task""}],""operations"":[],""shared_context"":{""location"":null,""person"":null,""temporal"":null}}","{""items"":[{""analysis"":""Send the photos for the errand with Priya Shah at Farm Boy."",""delivery"":""none"",""due"":null,""location"":""nil"",""needsReview"":false,""person"":null,""quote"":""Send the photos for the errand with Priya Shah at Farm Boy."",""rawQuote"":""Send the photos for the errand with Priya Shah at Farm Boy."",""recurrence"":""nil"",""reminder"":null,""route"":""Today"",""state"":""resolved"",""title"":""Send the photos for the errand with Priya Shah at Farm Boy"",""type"":""task"",""wasRepaired"":false}],""operations"":[],""text"":""Send the photos for the errand with Priya Shah at Farm Boy.""}",location_preservation|person_preservation:f96a2e27ff510dea,failure|hash_random_fill
rd-b97fd51194cdbe065becfd25,shared-subject,family-two-independent-tasks-plain,"I need to Buy oat milk for the core project. Also, call Maya about dinner.","{""ambiguity_policy"":""act"",""item_count"":2,""items"":[{""date"":null,""facts"":[""buy oat milk for the core project""],""forbidden_facts"":[],""location"":null,""needs_review"":false,""negation"":false,""person"":null,""prohibition"":false,""recurrence"":null,""route"":""Today"",""state"":""outstanding"",""time"":null,""title"":""buy oat milk for the core project"",""type"":""task""},{""date"":null,""facts"":[""call Maya about dinner""],""forbidden_facts"":[],""location"":null,""needs_review"":false,""negation"":false,""person"":null,""prohibition"":false,""recurrence"":null,""route"":""Today"",""state"":""outstanding"",""time"":null,""title"":""call Maya about dinner"",""type"":""task""}],""operations"":[],""shared_context"":{""location"":null,""person"":null,""temporal"":null}}","{""items"":[{""analysis"":""I need to Buy oat milk for the core project"",""delivery"":""none"",""due"":null,""location"":""nil"",""needsReview"":false,""person"":null,""quote"":""I need to Buy oat milk for the core project"",""rawQuote"":""I need to Buy oat milk for the core project"",""recurrence"":""nil"",""reminder"":null,""route"":""Today"",""state"":""resolved"",""title"":""Buy oat milk for the core project"",""type"":""shopping"",""wasRepaired"":false},{""analysis"":""call Maya about dinner"",""delivery"":""none"",""due"":null,""location"":""nil"",""needsReview"":false,""person"":""Maya"",""quote"":""call Maya about dinner"",""rawQuote"":""call Maya about dinner"",""recurrence"":""nil"",""reminder"":null,""route"":""Today"",""state"":""resolved"",""title"":""Call Maya about dinner"",""type"":""personFollowUp"",""wasRepaired"":false}],""operations"":[],""text"":""I need to Buy oat milk for the core project. Also, call Maya about dinner.""}",invented_information|person_preservation|type:86dd6c58726ec962,phenomenon_coverage|failure
rd-369aaed1fcfffea5a99a795a,,family-negative-statement-person-time,It is not true that record that the invoice was not sent for the interview with Noah Brooks on Tue Aug 4 at 09:30.,"{""ambiguity_policy"":""act"",""item_count"":1,""items"":[{""date"":""Tue Aug 4"",""facts"":[""record that the invoice was not sent for the interview""],""forbidden_facts"":[],""location"":null,""needs_review"":false,""negation"":true,""person"":""Noah Brooks"",""prohibition"":false,""recurrence"":null,""route"":""Memory"",""state"":""informational"",""time"":""09:30"",""title"":""record that the invoice was not sent for the interview"",""type"":""memory""}],""operations"":[],""shared_context"":{""location"":null,""person"":null,""temporal"":null}}","{""items"":[{""analysis"":""It is not true that record that the invoice was not sent for the interview with Noah Brooks on Tue Aug 4 at 09:30."",""delivery"":""none"",""due"":1785850200,""location"":""nil"",""needsReview"":false,""person"":null,""quote"":""It is not true that record that the invoice was not sent for the interview with Noah Brooks on Tue Aug 4 at 09:30."",""rawQuote"":""It is not true that record that the invoice was not sent for the interview with Noah Brooks on Tue Aug 4 at 09:30."",""recurrence"":""nil"",""reminder"":null,""route"":""Today"",""state"":""resolved"",""title"":""It is not true that record that the invoice was not sent for the interview with Noah Brooks on Tue Aug 4 at 09:30"",""type"":""event"",""wasRepaired"":false}],""operations"":[],""text"":""It is not true that record that the invoice was not sent for the interview with Noah Brooks on Tue Aug 4 at 09:30.""}",person_preservation|routing|time_preservation|type:413ff3d087d1bd65,safety_critical|failure
rd-9e52ad88b8120f958a81cf6a,filler-words,family-single-task-plain,"Um, Send the project update for the core project, you know.","{""ambiguity_policy"":""act"",""item_count"":1,""items"":[{""date"":null,""facts"":[""send the project update for the core project""],""forbidden_facts"":[],""location"":null,""needs_review"":false,""negation"":false,""person"":null,""prohibition"":false,""recurrence"":null,""route"":""Today"",""state"":""outstanding"",""time"":null,""title"":""send the project update for the core project"",""type"":""task""}],""operations"":[],""shared_context"":{""location"":null,""person"":null,""temporal"":null}}","{""items"":[{""analysis"":""Send the project update for the core project, you know."",""delivery"":""none"",""due"":null,""location"":""nil"",""needsReview"":false,""person"":null,""quote"":""Send the project update for the core project, you know."",""rawQuote"":""Send the project update for the core project, you know"",""recurrence"":""nil"",""reminder"":null,""route"":""Today"",""state"":""resolved"",""title"":""Send the project update for the core project, you know"",""type"":""task"",""wasRepaired"":false}],""operations"":[],""text"":""Um, Send the project update for the core project, you know.""}",,phenomenon_coverage
rd-99a2f326d1a017f6f8d9c4b6,,family-memory-person,Remember that the window-seat preference for the client account with Maya Chen.,"{""ambiguity_policy"":""act"",""item_count"":1,""items"":[{""date"":null,""facts"":[""remember the window-seat preference for the client account""],""forbidden_facts"":[],""location"":null,""needs_review"":false,""negation"":false,""person"":""Maya Chen"",""prohibition"":false,""recurrence"":null,""route"":""Memory"",""state"":""informational"",""time"":null,""title"":""remember the window-seat preference for the client account"",""type"":""memory""}],""operations"":[],""shared_context"":{""location"":null,""person"":null,""temporal"":null}}","{""items"":[{""analysis"":""Remember that the window-seat preference for the client account with Maya Chen."",""delivery"":""none"",""due"":null,""location"":""nil"",""needsReview"":false,""person"":null,""quote"":""Remember that the window-seat preference for the client account with Maya Chen."",""rawQuote"":""Remember that the window-seat preference for the client account with Maya Chen."",""recurrence"":""nil"",""reminder"":null,""route"":""Memory"",""state"":""resolved"",""title"":""The window-seat preference for the client account with Maya Chen"",""type"":""note"",""wasRepaired"":false}],""operations"":[],""text"":""Remember that the window-seat preference for the client account with Maya Chen.""}",lost_information|person_preservation|title_content_preservation|type:52d7f15a05d7955f,failure|ai_candidate|hash_random_fill
rd-0f59820376c1f274352d1746,,family-person-fact-person-date,Remember the design-team detail for the birthday with Priya Shah on Tue Aug 4.,"{""ambiguity_policy"":""act"",""item_count"":1,""items"":[{""date"":""Tue Aug 4"",""facts"":[""remember the design-team detail for the birthday""],""forbidden_facts"":[],""location"":null,""needs_review"":false,""negation"":false,""person"":""Priya Shah"",""prohibition"":false,""recurrence"":null,""route"":""Memory"",""state"":""informational"",""time"":null,""title"":""remember the design-team detail for the birthday"",""type"":""personFact""}],""operations"":[],""shared_context"":{""location"":null,""person"":null,""temporal"":null}}","{""items"":[{""analysis"":""Remember the design-team detail for the birthday with Priya Shah on Tue Aug 4."",""delivery"":""none"",""due"":null,""location"":""nil"",""needsReview"":false,""person"":null,""quote"":""Remember the design-team detail for the birthday with Priya Shah on Tue Aug 4."",""rawQuote"":""Remember the design-team detail for the birthday with Priya Shah on Tue Aug 4."",""recurrence"":""nil"",""reminder"":null,""route"":""Memory"",""state"":""resolved"",""title"":""The design-team detail for the birthday with Priya Shah on Tue Aug 4"",""type"":""note"",""wasRepaired"":false}],""operations"":[],""text"":""Remember the design-team detail for the birthday with Priya Shah on Tue Aug 4.""}",date_preservation|person_preservation|type:a3b9372218a74ce2,failure|hash_random_fill
rd-724e7451525f5f9b1c139e55,,family-exact-date-time-relative-date,Make sure I remember to join the dentist appointment for the travel plan on Tue Aug 4 at 16:15.,"{""ambiguity_policy"":""act"",""item_count"":1,""items"":[{""date"":""Tue Aug 4"",""facts"":[""join the dentist appointment for the travel plan""],""forbidden_facts"":[],""location"":null,""needs_review"":false,""negation"":false,""person"":null,""prohibition"":false,""recurrence"":null,""route"":""Today"",""state"":""outstanding"",""time"":""16:15"",""title"":""join the dentist appointment for the travel plan"",""type"":""reminder""}],""operations"":[],""shared_context"":{""location"":null,""person"":null,""temporal"":null}}","{""items"":[{""analysis"":""Make sure I remember to join the dentist appointment for the travel plan on Tue Aug 4 at 4:15 pm."",""delivery"":""none"",""due"":1785874500,""location"":""nil"",""needsReview"":false,""person"":null,""quote"":""Make sure I remember to join the dentist appointment for the travel plan on Tue Aug 4 at 4:15 pm."",""rawQuote"":""Make sure I remember to join the dentist appointment for the travel plan on Tue Aug 4 at 16:15"",""recurrence"":""nil"",""reminder"":null,""route"":""Today"",""state"":""resolved"",""title"":""Join the dentist appointment for the travel plan on Tue Aug 4 at 4:15 pm"",""type"":""event"",""wasRepaired"":true}],""operations"":[],""text"":""Make sure I remember to join the dentist appointment for the travel plan on Tue Aug 4 at 16:15.""}",time_preservation|type:956fb00c919831ff,failure|ai_candidate|hash_random_fill
rd-ef4cbd937401053c533afdd4,,family-event-exact-time,Attend the planning session for the appointment on Thu Aug 6 at 16:15.,"{""ambiguity_policy"":""act"",""item_count"":1,""items"":[{""date"":""Thu Aug 6"",""facts"":[""attend the planning session for the appointment""],""forbidden_facts"":[],""location"":null,""needs_review"":false,""negation"":false,""person"":null,""prohibition"":false,""recurrence"":null,""route"":""Today"",""state"":""outstanding"",""time"":""16:15"",""title"":""attend the planning session for the appointment"",""type"":""event""}],""operations"":[],""shared_context"":{""location"":null,""person"":null,""temporal"":null}}","{""items"":[{""analysis"":""Attend the planning session for the appointment on Thu Aug 6 at 4:15 pm."",""delivery"":""none"",""due"":1786047300,""location"":""nil"",""needsReview"":false,""person"":null,""quote"":""Attend the planning session for the appointment on Thu Aug 6 at 4:15 pm."",""rawQuote"":""Attend the planning session for the appointment on Thu Aug 6 at 16:15"",""recurrence"":""nil"",""reminder"":null,""route"":""Today"",""state"":""resolved"",""title"":""Attend the planning session for the appointment on Thu Aug 6 at 4:15 pm"",""type"":""event"",""wasRepaired"":true}],""operations"":[],""text"":""Attend the planning session for the appointment on Thu Aug 6 at 16:15.""}",time_preservation:6e84ac6fafda8794,failure|hash_random_fill
rd-a77dcdd7fd7815679366e4da,,family-task-plus-question-person-date,"Call the venue for the birthday with Priya Shah on Tue Aug 4. Also, ask when the doors open.","{""ambiguity_policy"":""act"",""item_count"":2,""items"":[{""date"":""Tue Aug 4"",""facts"":[""call the venue for the birthday""],""forbidden_facts"":[],""location"":null,""needs_review"":false,""negation"":false,""person"":""Priya Shah"",""prohibition"":false,""recurrence"":null,""route"":""Today"",""state"":""outstanding"",""time"":null,""title"":""call the venue for the birthday"",""type"":""task""},{""date"":null,""facts"":[""ask when the doors open""],""forbidden_facts"":[],""location"":null,""needs_review"":false,""negation"":false,""person"":null,""prohibition"":false,""recurrence"":null,""route"":""Memory"",""state"":""informational"",""time"":null,""title"":""ask when the doors open"",""type"":""note""}],""operations"":[],""shared_context"":{""location"":null,""person"":null,""temporal"":null}}","{""items"":[{""analysis"":""Call the venue for the birthday with Priya Shah on Tue Aug 4"",""delivery"":""none"",""due"":1785816000,""location"":""nil"",""needsReview"":false,""person"":null,""quote"":""Call the venue for the birthday with Priya Shah on Tue Aug 4"",""rawQuote"":""Call the venue for the birthday with Priya Shah on Tue Aug 4"",""recurrence"":""nil"",""reminder"":null,""route"":""Today"",""state"":""resolved"",""title"":""Call the venue for the birthday with Priya Shah on Tue Aug 4"",""type"":""task"",""wasRepaired"":false},{""analysis"":""ask when the doors open"",""delivery"":""none"",""due"":null,""location"":""nil"",""needsReview"":true,""person"":null,""quote"":""ask when the doors open"",""rawQuote"":""ask when the doors open"",""recurrence"":""nil"",""reminder"":null,""route"":""Today"",""state"":""resolved"",""title"":""Ask when the doors open"",""type"":""personFollowUp"",""wasRepaired"":false}],""operations"":[],""text"":""Call the venue for the birthday with Priya Shah on Tue Aug 4. Also, ask when the doors open.""}",person_preservation|routing|type:6f2c9b72bce2643d,failure|hash_random_fill
rd-7440815533540e2deb17c119,filler-words|hesitation|sign-off-trailing-noise,family-single-task-priority-context,"Um, I need a reminder to send the project update for the tax filing with Hope Reed on Wed Aug 5, uh, that's all.","{""ambiguity_policy"":""act"",""item_count"":1,""items"":[{""date"":""Wed Aug 5"",""facts"":[""send the project update for the tax filing""],""forbidden_facts"":[],""location"":null,""needs_review"":false,""negation"":false,""person"":""Hope Reed"",""prohibition"":false,""recurrence"":null,""route"":""Today"",""state"":""outstanding"",""time"":null,""title"":""send the project update for the tax filing"",""type"":""task""}],""operations"":[],""shared_context"":{""location"":null,""person"":null,""temporal"":null}}","{""items"":[{""analysis"":""I need a reminder to send the project update for the tax filing with Hope Reed on Wed Aug 5, that's all."",""delivery"":""notification"",""due"":1785902400,""location"":""nil"",""needsReview"":false,""person"":null,""quote"":""I need a reminder to send the project update for the tax filing with Hope Reed on Wed Aug 5, that's all."",""rawQuote"":""I need a reminder to send the project update for the tax filing with Hope Reed on Wed Aug 5, uh, that's all"",""recurrence"":""nil"",""reminder"":1785934800,""route"":""Today"",""state"":""resolved"",""title"":""Send the project update for the tax filing with Hope Reed on Wed Aug 5, that's all"",""type"":""task"",""wasRepaired"":true}],""operations"":[],""text"":""Um, I need a reminder to send the project update for the tax filing with Hope Reed on Wed Aug 5, uh, that's all.""}",person_preservation|time_preservation:166c60e27900812c,phenomenon_coverage|multi_phenomenon|failure|ai_candidate
rd-955042bf5fa0f9872156b8d4,,family-time-correction-plain,Call the clinic for the core project on Tue Aug 4 at 16:00.,"{""ambiguity_policy"":""act"",""item_count"":1,""items"":[{""date"":""Tue Aug 4"",""facts"":[""call the clinic for the core project""],""forbidden_facts"":[""15:00""],""location"":null,""needs_review"":false,""negation"":false,""person"":null,""prohibition"":false,""recurrence"":null,""route"":""Today"",""state"":""outstanding"",""time"":""16:00"",""title"":""call the clinic for the core project"",""type"":""task""}],""operations"":[],""shared_context"":{""location"":null,""person"":null,""temporal"":null}}","{""items"":[{""analysis"":""Call the clinic for the core project on Tue Aug 4 at 4:00 pm."",""delivery"":""none"",""due"":1785873600,""location"":""nil"",""needsReview"":false,""person"":null,""quote"":""Call the clinic for the core project on Tue Aug 4 at 4:00 pm."",""rawQuote"":""Call the clinic for the core project on Tue Aug 4 at 16:00"",""recurrence"":""nil"",""reminder"":null,""route"":""Today"",""state"":""resolved"",""title"":""Call the clinic for the core project on Tue Aug 4 at 4:00 pm"",""type"":""task"",""wasRepaired"":true}],""operations"":[],""text"":""Call the clinic for the core project on Tue Aug 4 at 16:00.""}",time_preservation:6e84ac6fafda8794,failure|hash_random_fill
rd-1a7661d08b0aca9e6a1f8830,,family-memory-person-date,Remember the window-seat preference for the birthday with Priya Shah on Tue Aug 4.,"{""ambiguity_policy"":""act"",""item_count"":1,""items"":[{""date"":""Tue Aug 4"",""facts"":[""remember the window-seat preference for the birthday""],""forbidden_facts"":[],""location"":null,""needs_review"":false,""negation"":false,""person"":""Priya Shah"",""prohibition"":false,""recurrence"":null,""route"":""Memory"",""state"":""informational"",""time"":null,""title"":""remember the window-seat preference for the birthday"",""type"":""memory""}],""operations"":[],""shared_context"":{""location"":null,""person"":null,""temporal"":null}}","{""items"":[{""analysis"":""Remember the window-seat preference for the birthday with Priya Shah on Tue Aug 4."",""delivery"":""none"",""due"":null,""location"":""nil"",""needsReview"":false,""person"":null,""quote"":""Remember the window-seat preference for the birthday with Priya Shah on Tue Aug 4."",""rawQuote"":""Remember the window-seat preference for the birthday with Priya Shah on Tue Aug 4."",""recurrence"":""nil"",""reminder"":null,""route"":""Memory"",""state"":""resolved"",""title"":""The window-seat preference for the birthday with Priya Shah on Tue Aug 4"",""type"":""note"",""wasRepaired"":false}],""operations"":[],""text"":""Remember the window-seat preference for the birthday with Priya Shah on Tue Aug 4.""}",date_preservation|person_preservation|type:a3b9372218a74ce2,failure|hash_random_fill
rd-ea91332b60d1a8293689592c,,family-ambiguous-review-named-location,Maybe send the document to her for the errand…,"{""ambiguity_policy"":""review"",""item_count"":1,""items"":[{""date"":null,""facts"":[""send the document to her for the errand""],""forbidden_facts"":[],""location"":null,""needs_review"":true,""negation"":false,""person"":null,""prohibition"":false,""recurrence"":null,""route"":""Memory"",""state"":""uncertain"",""time"":null,""title"":""send the document to her for the errand"",""type"":""note""}],""operations"":[],""shared_context"":{""location"":null,""person"":null,""temporal"":null}}","{""items"":[{""analysis"":""Maybe send the document to her for the errand…"",""delivery"":""none"",""due"":null,""location"":""nil"",""needsReview"":false,""person"":null,""quote"":""Maybe send the document to her for the errand…"",""rawQuote"":""Maybe send the document to her for the errand…"",""recurrence"":""nil"",""reminder"":null,""route"":""Today"",""state"":""resolved"",""title"":""Send the document to her for the errand…"",""type"":""task"",""wasRepaired"":false}],""operations"":[],""text"":""Maybe send the document to her for the errand…""}",review_ambiguity_behavior|routing|type:f8100f4eecde71a2,failure|hash_random_fill
rd-0b62947959f88cfd17078993,,family-information-plus-task-named-location,"The tea shelf is empty. Also, order more tea for the errand at Farm Boy.","{""ambiguity_policy"":""act"",""item_count"":2,""items"":[{""date"":null,""facts"":[""the tea shelf is empty""],""forbidden_facts"":[],""location"":null,""needs_review"":false,""negation"":false,""person"":null,""prohibition"":false,""recurrence"":null,""route"":""Memory"",""state"":""informational"",""time"":null,""title"":""the tea shelf is empty"",""type"":""memory""},{""date"":null,""facts"":[""order more tea for the errand""],""forbidden_facts"":[],""location"":""Farm Boy"",""needs_review"":false,""negation"":false,""person"":null,""prohibition"":false,""recurrence"":null,""route"":""Today"",""state"":""outstanding"",""time"":null,""title"":""order more tea for the errand"",""type"":""task""}],""operations"":[],""shared_context"":{""location"":null,""person"":null,""temporal"":null}}","{""items"":[{""analysis"":""The tea shelf is empty"",""delivery"":""none"",""due"":null,""location"":""nil"",""needsReview"":false,""person"":null,""quote"":""The tea shelf is empty"",""rawQuote"":""The tea shelf is empty"",""recurrence"":""nil"",""reminder"":null,""route"":""Memory"",""state"":""resolved"",""title"":""The tea shelf is empty"",""type"":""note"",""wasRepaired"":false},{""analysis"":""order more tea for the errand at Farm Boy"",""delivery"":""none"",""due"":null,""location"":""nil"",""needsReview"":false,""person"":null,""quote"":""order more tea for the errand at Farm Boy"",""rawQuote"":""order more tea for the errand at Farm Boy"",""recurrence"":""nil"",""reminder"":null,""route"":""Today"",""state"":""resolved"",""title"":""Order more tea for the errand at Farm Boy"",""type"":""shopping"",""wasRepaired"":false}],""operations"":[],""text"":""The tea shelf is empty. Also, order more tea for the errand at Farm Boy.""}",location_preservation|type:f801f2db117f0ea1,failure|hash_random_fill
rd-36e30e0e87b09f83ec6a3e9a,self-correction-person|hesitation|sign-off-trailing-noise,family-single-task-person-date,"This is for Sam— sorry, for Priya Shah. I need a reminder to send the project update for the birthday with Priya Shah on Tue Aug 4, okay that's all.","{""ambiguity_policy"":""act"",""item_count"":1,""items"":[{""date"":""Tue Aug 4"",""facts"":[""send the project update for the birthday""],""forbidden_facts"":[],""location"":null,""needs_review"":false,""negation"":false,""person"":""Priya Shah"",""prohibition"":false,""recurrence"":null,""route"":""Today"",""state"":""outstanding"",""time"":null,""title"":""send the project update for the birthday"",""type"":""task""}],""operations"":[],""shared_context"":{""location"":null,""person"":null,""temporal"":null}}","{""items"":[{""analysis"":""for Priya Shah"",""delivery"":""none"",""due"":null,""location"":""nil"",""needsReview"":false,""person"":null,""quote"":""for Priya Shah"",""rawQuote"":""for Sam— sorry, for Priya Shah"",""recurrence"":""nil"",""reminder"":null,""route"":""Memory"",""state"":""resolved"",""title"":""For Priya Shah"",""type"":""note"",""wasRepaired"":true},{""analysis"":""I need a reminder to send the project update for the birthday with Priya Shah on Tue Aug 4, okay that's all"",""delivery"":""notification"",""due"":1785816000,""location"":""nil"",""needsReview"":false,""person"":null,""quote"":""I need a reminder to send the project update for the birthday with Priya Shah on Tue Aug 4, okay that's all"",""rawQuote"":""I need a reminder to send the project update for the birthday with Priya Shah on Tue Aug 4, okay that's all"",""recurrence"":""nil"",""reminder"":1785848400,""route"":""Today"",""state"":""resolved"",""title"":""Send the project update for the birthday with Priya Shah on Tue Aug 4, okay that's all"",""type"":""task"",""wasRepaired"":false}],""operations"":[],""text"":""This is for Sam— sorry, for Priya Shah. I need a reminder to send the project update for the birthday with Priya Shah on Tue Aug 4, okay that's all.""}",date_preservation|item_count|over_split|person_preservation|routing|type|wrong_merge:59da48662667f98e,phenomenon_coverage|multi_phenomenon|failure|compound_failure|unusual_item_count|ai_candidate
rd-12141475ca399d79c8c210fa,,family-change-of-mind-named-location,Order the blue notebook for the errand at Farm Boy.,"{""ambiguity_policy"":""act"",""item_count"":1,""items"":[{""date"":null,""facts"":[""order the blue notebook for the errand""],""forbidden_facts"":[""order the red notebook""],""location"":""Farm Boy"",""needs_review"":false,""negation"":false,""person"":null,""prohibition"":false,""recurrence"":null,""route"":""Today"",""state"":""outstanding"",""time"":null,""title"":""order the blue notebook for the errand"",""type"":""task""}],""operations"":[],""shared_context"":{""location"":null,""person"":null,""temporal"":null}}","{""items"":[{""analysis"":""Order the blue notebook for the errand at Farm Boy."",""delivery"":""none"",""due"":null,""location"":""nil"",""needsReview"":false,""person"":null,""quote"":""Order the blue notebook for the errand at Farm Boy."",""rawQuote"":""Order the blue notebook for the errand at Farm Boy."",""recurrence"":""nil"",""reminder"":null,""route"":""Today"",""state"":""resolved"",""title"":""Order the blue notebook for the errand at Farm Boy"",""type"":""shopping"",""wasRepaired"":false}],""operations"":[],""text"":""Order the blue notebook for the errand at Farm Boy.""}",location_preservation|type:f801f2db117f0ea1,failure|hash_random_fill
rd-544d0330813351b2640d3505,false-start|restart|multiple-thoughts|numbered-list|sign-off-trailing-noise,family-information-plus-task-priority-context,"Okay, two things. First, a note for later: the tea shelf is empty. One more thing, make sure I remember to order more tea for the tax filing with Hope Reed on Wed Aug 5, okay that's all.","{""ambiguity_policy"":""act"",""item_count"":2,""items"":[{""date"":null,""facts"":[""the tea shelf is empty""],""forbidden_facts"":[],""location"":null,""needs_review"":false,""negation"":false,""person"":null,""prohibition"":false,""recurrence"":null,""route"":""Memory"",""state"":""informational"",""time"":null,""title"":""the tea shelf is empty"",""type"":""memory""},{""date"":""Wed Aug 5"",""facts"":[""order more tea for the tax filing""],""forbidden_facts"":[],""location"":null,""needs_review"":false,""negation"":false,""person"":""Hope Reed"",""prohibition"":false,""recurrence"":null,""route"":""Today"",""state"":""outstanding"",""time"":null,""title"":""order more tea for the tax filing"",""type"":""task""}],""operations"":[],""shared_context"":{""location"":null,""person"":null,""temporal"":null}}","{""items"":[{""analysis"":""two things"",""delivery"":""none"",""due"":null,""location"":""nil"",""needsReview"":false,""person"":null,""quote"":""two things"",""rawQuote"":""two things"",""recurrence"":""nil"",""reminder"":null,""route"":""Memory"",""state"":""resolved"",""title"":""Two things"",""type"":""note"",""wasRepaired"":false},{""analysis"":""a note for later: the tea shelf is empty"",""delivery"":""none"",""due"":null,""location"":""nil"",""needsReview"":false,""person"":null,""quote"":""a note for later: the tea shelf is empty"",""rawQuote"":""a note for later: the tea shelf is empty"",""recurrence"":""nil"",""reminder"":null,""route"":""Memory"",""state"":""resolved"",""title"":""A note for later: the tea shelf is empty"",""type"":""note"",""wasRepaired"":false},{""analysis"":""make sure I remember to order more tea for the tax filing with Hope Reed on Wed Aug 5, okay that's all"",""delivery"":""none"",""due"":1785902400,""location"":""nil"",""needsReview"":false,""person"":null,""quote"":""make sure I remember to order more tea for the tax filing with Hope Reed on Wed Aug 5, okay that's all"",""rawQuote"":""make sure I remember to order more tea for the tax filing with Hope Reed on Wed Aug 5, okay that's all"",""recurrence"":""nil"",""reminder"":null,""route"":""Today"",""state"":""resolved"",""title"":""Order more tea for the tax filing with Hope Reed on Wed Aug 5, okay that's all"",""type"":""shopping"",""wasRepaired"":false}],""operations"":[],""text"":""Okay, two things. First, a note for later: the tea shelf is empty. One more thing, make sure I remember to order more tea for the tax filing with Hope Reed on Wed Aug 5, okay that's all.""}",date_preservation|item_count|over_split|person_preservation|routing|type|wrong_merge:59da48662667f98e,phenomenon_coverage|multi_phenomenon|failure|compound_failure|unusual_item_count|ai_candidate
rd-838385c41d3ffc2b17258f16,,family-date-only-priority-context,Note the warranty date for the tax filing with Hope Reed on Wed Aug 5.,"{""ambiguity_policy"":""act"",""item_count"":1,""items"":[{""date"":""Wed Aug 5"",""facts"":[""note the warranty date for the tax filing""],""forbidden_facts"":[],""location"":null,""needs_review"":false,""negation"":false,""person"":""Hope Reed"",""prohibition"":false,""recurrence"":null,""route"":""Memory"",""state"":""informational"",""time"":null,""title"":""note the warranty date for the tax filing"",""type"":""note""}],""operations"":[],""shared_context"":{""location"":null,""person"":null,""temporal"":null}}","{""items"":[{""analysis"":""Note the warranty date for the tax filing with Hope Reed on Wed Aug 5."",""delivery"":""none"",""due"":null,""location"":""nil"",""needsReview"":false,""person"":null,""quote"":""Note the warranty date for the tax filing with Hope Reed on Wed Aug 5."",""rawQuote"":""Note the warranty date for the tax filing with Hope Reed on Wed Aug 5."",""recurrence"":""nil"",""reminder"":null,""route"":""Memory"",""state"":""resolved"",""title"":""The warranty date for the tax filing with Hope Reed on Wed Aug 5"",""type"":""note"",""wasRepaired"":false}],""operations"":[],""text"":""Note the warranty date for the tax filing with Hope Reed on Wed Aug 5.""}",date_preservation|person_preservation:a921fdcf642aa0e2,failure|hash_random_fill
rd-754e768826652661cc7da241,,family-location-trigger-relative-date,I need a reminder to pick up the dry cleaning for the travel plan at Farm Boy on Tue Aug 4.,"{""ambiguity_policy"":""act"",""item_count"":1,""items"":[{""date"":""Tue Aug 4"",""facts"":[""pick up the dry cleaning for the travel plan""],""forbidden_facts"":[],""location"":""Farm Boy"",""needs_review"":false,""negation"":false,""person"":null,""prohibition"":false,""recurrence"":null,""route"":""Today"",""state"":""outstanding"",""time"":null,""title"":""pick up the dry cleaning for the travel plan"",""type"":""reminder""}],""operations"":[],""shared_context"":{""location"":null,""person"":null,""temporal"":null}}","{""items"":[{""analysis"":""I need a reminder to pick up the dry cleaning for the travel plan at Farm Boy on Tue Aug 4."",""delivery"":""notification"",""due"":1785816000,""location"":""nil"",""needsReview"":false,""person"":null,""quote"":""I need a reminder to pick up the dry cleaning for the travel plan at Farm Boy on Tue Aug 4."",""rawQuote"":""I need a reminder to pick up the dry cleaning for the travel plan at Farm Boy on Tue Aug 4."",""recurrence"":""nil"",""reminder"":1785848400,""route"":""Today"",""state"":""resolved"",""title"":""Pick up the dry cleaning for the travel plan at Farm Boy on Tue Aug 4"",""type"":""task"",""wasRepaired"":false}],""operations"":[],""text"":""I need a reminder to pick up the dry cleaning for the travel plan at Farm Boy on Tue Aug 4.""}",location_preservation|time_preservation|type:72062a5c2647fac3,failure|ai_candidate|hash_random_fill
rd-625cfd0de90b481209a47b3a,,family-prohibition-person,Do not send the confidential draft for the client account with Maya Chen.,"{""ambiguity_policy"":""act"",""item_count"":1,""items"":[{""date"":null,""facts"":[""send the confidential draft for the client account""],""forbidden_facts"":[],""location"":null,""needs_review"":false,""negation"":true,""person"":""Maya Chen"",""prohibition"":true,""recurrence"":null,""route"":""Today"",""state"":""outstanding"",""time"":null,""title"":""send the confidential draft for the client account"",""type"":""task""}],""operations"":[],""shared_context"":{""location"":null,""person"":null,""temporal"":null}}","{""items"":[],""operations"":[{""operation"":""cancel"",""scoped"":false,""target"":""send the confidential draft for the client account with maya chen""}],""text"":""Do not send the confidential draft for the client account with Maya Chen.""}",cancellation_correctness|date_preservation|false_negative_item_creation|item_count|location_preservation|lost_information|person_preservation|recurrence_preservation|routing|time_preservation|title_content_preservation|type|under_split|wrong_merge:38bbeb4049f60a00,safety_critical|failure|compound_failure|unusual_item_count
rd-8bcb8747dd1c542dc5e0d53a,,family-change-of-mind-shared-context,Remind me to order the blue notebook for the launch with Elena Costa at Farm Boy on Fri Aug 7 at 14:00.,"{""ambiguity_policy"":""act"",""item_count"":1,""items"":[{""date"":""Fri Aug 7"",""facts"":[""order the blue notebook for the launch""],""forbidden_facts"":[""order the red notebook""],""location"":""Farm Boy"",""needs_review"":false,""negation"":false,""person"":""Elena Costa"",""prohibition"":false,""recurrence"":null,""route"":""Today"",""state"":""outstanding"",""time"":""14:00"",""title"":""order the blue notebook for the launch"",""type"":""task""}],""operations"":[],""shared_context"":{""location"":null,""person"":null,""temporal"":null}}","{""items"":[{""analysis"":""Remind me to order the blue notebook for the launch with Elena Costa at Farm Boy on Fri Aug 7 at 2:00 pm."",""delivery"":""notification"",""due"":1786125600,""location"":""nil"",""needsReview"":false,""person"":null,""quote"":""Remind me to order the blue notebook for the launch with Elena Costa at Farm Boy on Fri Aug 7 at 2:00 pm."",""rawQuote"":""Remind me to order the blue notebook for the launch with Elena Costa at Farm Boy on Fri Aug 7 at 14:00"",""recurrence"":""nil"",""reminder"":1786125600,""route"":""Today"",""state"":""resolved"",""title"":""Order the blue notebook for the launch with Elena Costa at Farm Boy on Fri Aug 7"",""type"":""shopping"",""wasRepaired"":true}],""operations"":[],""text"":""Remind me to order the blue notebook for the launch with Elena Costa at Farm Boy on Fri Aug 7 at 14:00.""}",location_preservation|person_preservation|type:3c9b7a511157e6da,failure|ai_candidate|hash_random_fill
rd-b16ad05e81212bc6151f3812,,family-time-correction-named-location,Call the clinic for the errand at Farm Boy on Tue Aug 4 at 16:00.,"{""ambiguity_policy"":""act"",""item_count"":1,""items"":[{""date"":""Tue Aug 4"",""facts"":[""call the clinic for the errand""],""forbidden_facts"":[""15:00""],""location"":""Farm Boy"",""needs_review"":false,""negation"":false,""person"":null,""prohibition"":false,""recurrence"":null,""route"":""Today"",""state"":""outstanding"",""time"":""16:00"",""title"":""call the clinic for the errand"",""type"":""task""}],""operations"":[],""shared_context"":{""location"":null,""person"":null,""temporal"":null}}","{""items"":[{""analysis"":""Call the clinic for the errand at Farm Boy on Tue Aug 4 at 4:00 pm."",""delivery"":""none"",""due"":1785873600,""location"":""nil"",""needsReview"":false,""person"":null,""quote"":""Call the clinic for the errand at Farm Boy on Tue Aug 4 at 4:00 pm."",""rawQuote"":""Call the clinic for the errand at Farm Boy on Tue Aug 4 at 16:00"",""recurrence"":""nil"",""reminder"":null,""route"":""Today"",""state"":""resolved"",""title"":""Call the clinic for the errand at Farm Boy on Tue Aug 4 at 4:00 pm"",""type"":""task"",""wasRepaired"":true}],""operations"":[],""text"":""Call the clinic for the errand at Farm Boy on Tue Aug 4 at 16:00.""}",location_preservation|time_preservation:8b53283a00f75718,failure|hash_random_fill
rd-4d7bf4aec98669d60f815a33,,family-recurrence-person,Remind me to take out the recycling for the client account with Maya Chen on Tue Aug 4 every Tuesday.,"{""ambiguity_policy"":""act"",""item_count"":1,""items"":[{""date"":""Tue Aug 4"",""facts"":[""take out the recycling for the client account""],""forbidden_facts"":[],""location"":null,""needs_review"":false,""negation"":false,""person"":""Maya Chen"",""prohibition"":false,""recurrence"":""weekly:tuesday"",""route"":""Today"",""state"":""outstanding"",""time"":null,""title"":""take out the recycling for the client account"",""type"":""reminder""}],""operations"":[],""shared_context"":{""location"":null,""person"":null,""temporal"":null}}","{""items"":[{""analysis"":""Remind me to take out the recycling for the client account with Maya Chen on Tue Aug 4 every Tuesday."",""delivery"":""notification"",""due"":1785848400,""location"":""nil"",""needsReview"":false,""person"":null,""quote"":""Remind me to take out the recycling for the client account with Maya Chen on Tue Aug 4 every Tuesday."",""rawQuote"":""Remind me to take out the recycling for the client account with Maya Chen on Tue Aug 4 every Tuesday."",""recurrence"":""weekly x1 days[3]"",""reminder"":1785848400,""route"":""Today"",""state"":""resolved"",""title"":""Take out the recycling for the client account with Maya Chen on Tue Aug 4 every Tuesday"",""type"":""task"",""wasRepaired"":false}],""operations"":[],""text"":""Remind me to take out the recycling for the client account with Maya Chen on Tue Aug 4 every Tuesday.""}",person_preservation|time_preservation|type:aee8c4776546e0a4,failure|ai_candidate|hash_random_fill
rd-2a799bdd20dc2e6b4a98a9d4,,family-single-task-person,Send the project update for the client account with Maya Chen.,"{""ambiguity_policy"":""act"",""item_count"":1,""items"":[{""date"":null,""facts"":[""send the project update for the client account""],""forbidden_facts"":[],""location"":null,""needs_review"":false,""negation"":false,""person"":""Maya Chen"",""prohibition"":false,""recurrence"":null,""route"":""Today"",""state"":""outstanding"",""time"":null,""title"":""send the project update for the client account"",""type"":""task""}],""operations"":[],""shared_context"":{""location"":null,""person"":null,""temporal"":null}}","{""items"":[{""analysis"":""Send the project update for the client account with Maya Chen."",""delivery"":""none"",""due"":null,""location"":""nil"",""needsReview"":false,""person"":null,""quote"":""Send the project update for the client account with Maya Chen."",""rawQuote"":""Send the project update for the client account with Maya Chen."",""recurrence"":""nil"",""reminder"":null,""route"":""Today"",""state"":""resolved"",""title"":""Send the project update for the client account with Maya Chen"",""type"":""task"",""wasRepaired"":false}],""operations"":[],""text"":""Send the project update for the client account with Maya Chen.""}",person_preservation:9d2282de9a52bc8a,failure|hash_random_fill
rd-3f7cf0f4bab0822dc33aa9fb,,family-negative-statement-priority-context,It is not true that record that the invoice was not sent for the tax filing with Hope Reed on Wed Aug 5.,"{""ambiguity_policy"":""act"",""item_count"":1,""items"":[{""date"":""Wed Aug 5"",""facts"":[""record that the invoice was not sent for the tax filing""],""forbidden_facts"":[],""location"":null,""needs_review"":false,""negation"":true,""person"":""Hope Reed"",""prohibition"":false,""recurrence"":null,""route"":""Memory"",""state"":""informational"",""time"":null,""title"":""record that the invoice was not sent for the tax filing"",""type"":""memory""}],""operations"":[],""shared_context"":{""location"":null,""person"":null,""temporal"":null}}","{""items"":[{""analysis"":""It is not true that record that the invoice was not sent for the tax filing with Hope Reed on Wed Aug 5."",""delivery"":""none"",""due"":null,""location"":""nil"",""needsReview"":false,""person"":null,""quote"":""It is not true that record that the invoice was not sent for the tax filing with Hope Reed on Wed Aug 5."",""rawQuote"":""It is not true that record that the invoice was not sent for the tax filing with Hope Reed on Wed Aug 5."",""recurrence"":""nil"",""reminder"":null,""route"":""Memory"",""state"":""resolved"",""title"":""It is not true that record that the invoice was not sent for the tax filing with Hope Reed on Wed Aug 5"",""type"":""note"",""wasRepaired"":false}],""operations"":[],""text"":""It is not true that record that the invoice was not sent for the tax filing with Hope Reed on Wed Aug 5.""}",date_preservation|person_preservation|type:a3b9372218a74ce2,safety_critical|failure
rd-fff890ac56724c3bd5675be8,,family-single-task-person-date,Remind me to send the project update for the birthday with Priya Shah on Tue Aug 4.,"{""ambiguity_policy"":""act"",""item_count"":1,""items"":[{""date"":""Tue Aug 4"",""facts"":[""send the project update for the birthday""],""forbidden_facts"":[],""location"":null,""needs_review"":false,""negation"":false,""person"":""Priya Shah"",""prohibition"":false,""recurrence"":null,""route"":""Today"",""state"":""outstanding"",""time"":null,""title"":""send the project update for the birthday"",""type"":""task""}],""operations"":[],""shared_context"":{""location"":null,""person"":null,""temporal"":null}}","{""items"":[{""analysis"":""Remind me to send the project update for the birthday with Priya Shah on Tue Aug 4."",""delivery"":""notification"",""due"":1785816000,""location"":""nil"",""needsReview"":false,""person"":null,""quote"":""Remind me to send the project update for the birthday with Priya Shah on Tue Aug 4."",""rawQuote"":""Remind me to send the project update for the birthday with Priya Shah on Tue Aug 4."",""recurrence"":""nil"",""reminder"":1785848400,""route"":""Today"",""state"":""resolved"",""title"":""Send the project update for the birthday with Priya Shah on Tue Aug 4"",""type"":""task"",""wasRepaired"":false}],""operations"":[],""text"":""Remind me to send the project update for the birthday with Priya Shah on Tue Aug 4.""}",person_preservation|time_preservation:166c60e27900812c,failure|ai_candidate|hash_random_fill
rd-8a3a29b2464375dfdf9e379b,,family-partial-review-priority-context,Maybe follow up about the proposal for the tax filing with Hope Reed…,"{""ambiguity_policy"":""preserve-only"",""item_count"":1,""items"":[{""date"":null,""facts"":[""follow up about the proposal for the tax filing""],""forbidden_facts"":[],""location"":null,""needs_review"":true,""negation"":false,""person"":""Hope Reed"",""prohibition"":false,""recurrence"":null,""route"":""Memory"",""state"":""uncertain"",""time"":null,""title"":""follow up about the proposal for the tax filing"",""type"":""note""}],""operations"":[],""shared_context"":{""location"":null,""person"":null,""temporal"":null}}","{""items"":[{""analysis"":""Maybe follow up about the proposal for the tax filing with Hope Reed…"",""delivery"":""none"",""due"":null,""location"":""nil"",""needsReview"":false,""person"":null,""quote"":""Maybe follow up about the proposal for the tax filing with Hope Reed…"",""rawQuote"":""Maybe follow up about the proposal for the tax filing with Hope Reed…"",""recurrence"":""nil"",""reminder"":null,""route"":""Today"",""state"":""resolved"",""title"":""Follow up about the proposal for the tax filing with Hope Reed…"",""type"":""task"",""wasRepaired"":false}],""operations"":[],""text"":""Maybe follow up about the proposal for the tax filing with Hope Reed…""}",person_preservation|review_ambiguity_behavior|routing|type:6185011130765d60,failure|hash_random_fill
rd-b20dd3f91d3ded87051bf967,unnumbered-list,family-two-independent-tasks-plain,"Buy oat milk, call Maya about dinner.","{""ambiguity_policy"":""act"",""item_count"":2,""items"":[{""date"":null,""facts"":[""buy oat milk for the core project""],""forbidden_facts"":[],""location"":null,""needs_review"":false,""negation"":false,""person"":null,""prohibition"":false,""recurrence"":null,""route"":""Today"",""state"":""outstanding"",""time"":null,""title"":""buy oat milk for the core project"",""type"":""task""},{""date"":null,""facts"":[""call Maya about dinner""],""forbidden_facts"":[],""location"":null,""needs_review"":false,""negation"":false,""person"":null,""prohibition"":false,""recurrence"":null,""route"":""Today"",""state"":""outstanding"",""time"":null,""title"":""call Maya about dinner"",""type"":""task""}],""operations"":[],""shared_context"":{""location"":null,""person"":null,""temporal"":null}}","{""items"":[{""analysis"":""Buy oat milk"",""delivery"":""none"",""due"":null,""location"":""nil"",""needsReview"":false,""person"":null,""quote"":""Buy oat milk"",""rawQuote"":""Buy oat milk"",""recurrence"":""nil"",""reminder"":null,""route"":""Today"",""state"":""resolved"",""title"":""Buy oat milk"",""type"":""shopping"",""wasRepaired"":false},{""analysis"":""call Maya about dinner"",""delivery"":""none"",""due"":null,""location"":""nil"",""needsReview"":false,""person"":""Maya"",""quote"":""call Maya about dinner"",""rawQuote"":""call Maya about dinner"",""recurrence"":""nil"",""reminder"":null,""route"":""Today"",""state"":""resolved"",""title"":""Call Maya about dinner"",""type"":""personFollowUp"",""wasRepaired"":false}],""operations"":[],""text"":""Buy oat milk, call Maya about dinner.""}",invented_information|lost_information|person_preservation|title_content_preservation|type:309fa88057a3d6c1,phenomenon_coverage|failure|compound_failure
rd-44d49cf5a8ac139e3d2003b2,,family-task-plus-question-priority-context,"Call the venue for the tax filing with Hope Reed on Wed Aug 5. Also, ask when the doors open.","{""ambiguity_policy"":""act"",""item_count"":2,""items"":[{""date"":""Wed Aug 5"",""facts"":[""call the venue for the tax filing""],""forbidden_facts"":[],""location"":null,""needs_review"":false,""negation"":false,""person"":""Hope Reed"",""prohibition"":false,""recurrence"":null,""route"":""Today"",""state"":""outstanding"",""time"":null,""title"":""call the venue for the tax filing"",""type"":""task""},{""date"":null,""facts"":[""ask when the doors open""],""forbidden_facts"":[],""location"":null,""needs_review"":false,""negation"":false,""person"":null,""prohibition"":false,""recurrence"":null,""route"":""Memory"",""state"":""informational"",""time"":null,""title"":""ask when the doors open"",""type"":""note""}],""operations"":[],""shared_context"":{""location"":null,""person"":null,""temporal"":null}}","{""items"":[{""analysis"":""Call the venue for the tax filing with Hope Reed on Wed Aug 5"",""delivery"":""none"",""due"":1785902400,""location"":""nil"",""needsReview"":false,""person"":null,""quote"":""Call the venue for the tax filing with Hope Reed on Wed Aug 5"",""rawQuote"":""Call the venue for the tax filing with Hope Reed on Wed Aug 5"",""recurrence"":""nil"",""reminder"":null,""route"":""Today"",""state"":""resolved"",""title"":""Call the venue for the tax filing with Hope Reed on Wed Aug 5"",""type"":""task"",""wasRepaired"":false},{""analysis"":""ask when the doors open"",""delivery"":""none"",""due"":null,""location"":""nil"",""needsReview"":true,""person"":null,""quote"":""ask when the doors open"",""rawQuote"":""ask when the doors open"",""recurrence"":""nil"",""reminder"":null,""route"":""Today"",""state"":""resolved"",""title"":""Ask when the doors open"",""type"":""personFollowUp"",""wasRepaired"":false}],""operations"":[],""text"":""Call the venue for the tax filing with Hope Reed on Wed Aug 5. Also, ask when the doors open.""}",person_preservation|routing|type:6f2c9b72bce2643d,failure|hash_random_fill
rd-e4bbc0f6f0f86002b8736923,,family-task-plus-memory-person,"Book the train for the client account with Maya Chen. Also, Maya prefers the quiet car with Maya Chen.","{""ambiguity_policy"":""act"",""item_count"":2,""items"":[{""date"":null,""facts"":[""book the train for the client account""],""forbidden_facts"":[],""location"":null,""needs_review"":false,""negation"":false,""person"":""Maya Chen"",""prohibition"":false,""recurrence"":null,""route"":""Today"",""state"":""outstanding"",""time"":null,""title"":""book the train for the client account"",""type"":""task""},{""date"":null,""facts"":[""Maya prefers the quiet car""],""forbidden_facts"":[],""location"":null,""needs_review"":false,""negation"":false,""person"":""Maya Chen"",""prohibition"":false,""recurrence"":null,""route"":""Memory"",""state"":""informational"",""time"":null,""title"":""Maya prefers the quiet car"",""type"":""memory""}],""operations"":[],""shared_context"":{""location"":null,""person"":""Maya Chen"",""temporal"":null}}","{""items"":[{""analysis"":""Book the train for the client account with Maya Chen"",""delivery"":""none"",""due"":null,""location"":""nil"",""needsReview"":false,""person"":null,""quote"":""Book the train for the client account with Maya Chen"",""rawQuote"":""Book the train for the client account with Maya Chen"",""recurrence"":""nil"",""reminder"":null,""route"":""Today"",""state"":""resolved"",""title"":""Book the train for the client account with Maya Chen"",""type"":""task"",""wasRepaired"":false},{""analysis"":""Maya prefers the quiet car with Maya Chen"",""delivery"":""none"",""due"":null,""location"":""nil"",""needsReview"":false,""person"":""Maya"",""quote"":""Maya prefers the quiet car with Maya Chen"",""rawQuote"":""Maya prefers the quiet car with Maya Chen"",""recurrence"":""nil"",""reminder"":null,""route"":""Memory"",""state"":""resolved"",""title"":""Maya prefers the quiet car with Maya Chen"",""type"":""note"",""wasRepaired"":false}],""operations"":[],""text"":""Book the train for the client account with Maya Chen. Also, Maya prefers the quiet car with Maya Chen.""}",person_preservation|type:9d0cc991e51b6027,failure|hash_random_fill
rd-84415c3612f3924d30f0130c,self-correction-person|hesitation|multiple-tasks|numbered-list|sign-off-trailing-noise,family-two-tasks-shared-location-person,"Okay, two things. First, add this to my list: print the handouts for the client account with Maya Chen at Farm Boy. One more thing, make a task to call Maya about dinner with Maya Chen at Farm Boy, okay that's all.","{""ambiguity_policy"":""act"",""item_count"":2,""items"":[{""date"":null,""facts"":[""print the handouts for the client account""],""forbidden_facts"":[],""location"":""Farm Boy"",""needs_review"":false,""negation"":false,""person"":""Maya Chen"",""prohibition"":false,""recurrence"":null,""route"":""Today"",""state"":""outstanding"",""time"":null,""title"":""print the handouts for the client account"",""type"":""task""},{""date"":null,""facts"":[""call Maya about dinner""],""forbidden_facts"":[],""location"":""Farm Boy"",""needs_review"":false,""negation"":false,""person"":""Maya Chen"",""prohibition"":false,""recurrence"":null,""route"":""Today"",""state"":""outstanding"",""time"":null,""title"":""call Maya about dinner"",""type"":""task""}],""operations"":[],""shared_context"":{""location"":""Farm Boy"",""person"":""Maya Chen"",""temporal"":null}}","{""items"":[{""analysis"":""two things"",""delivery"":""none"",""due"":null,""location"":""nil"",""needsReview"":false,""person"":null,""quote"":""two things"",""rawQuote"":""two things"",""recurrence"":""nil"",""reminder"":null,""route"":""Memory"",""state"":""resolved"",""title"":""Two things"",""type"":""note"",""wasRepaired"":false},{""analysis"":""add this to my list:"",""delivery"":""none"",""due"":null,""location"":""nil"",""needsReview"":false,""person"":null,""quote"":""add this to my list:"",""rawQuote"":""add this to my list"",""recurrence"":""nil"",""reminder"":null,""route"":""Today"",""state"":""resolved"",""title"":""Add this to my list"",""type"":""task"",""wasRepaired"":false},{""analysis"":""print the handouts for the client account with Maya Chen at Farm Boy"",""delivery"":""none"",""due"":null,""location"":""nil"",""needsReview"":false,""person"":null,""quote"":""print the handouts for the client account with Maya Chen at Farm Boy"",""rawQuote"":""print the handouts for the client account with Maya Chen at Farm Boy"",""recurrence"":""nil"",""reminder"":null,""route"":""Today"",""state"":""resolved"",""title"":""Print the handouts for the client account with Maya Chen at Farm Boy"",""type"":""task"",""wasRepaired"":false},{""analysis"":""make a task to call Maya about dinner with Maya Chen at Farm Boy, okay that's all"",""delivery"":""none"",""due"":null,""location"":""nil"",""needsReview"":false,""person"":""Maya"",""quote"":""make a task to call Maya about dinner with Maya Chen at Farm Boy, okay that's all"",""rawQuote"":""make a task to call Maya about dinner with Maya Chen at Farm Boy, okay that's all"",""recurrence"":""nil"",""reminder"":null,""route"":""Today"",""state"":""resolved"",""title"":""Make a task to call Maya about dinner with Maya Chen at Farm Boy, okay that's all"",""type"":""task"",""wasRepaired"":false}],""operations"":[],""text"":""Okay, two things. First, add this to my list: print the handouts for the client account with Maya Chen at Farm Boy. One more thing, make a task to call Maya about dinner with Maya Chen at Farm Boy, okay that's all.""}",item_count|location_preservation|over_split|person_preservation|routing|type|wrong_merge:7a4b1f0a4471c5d1,phenomenon_coverage|multi_phenomenon|failure|compound_failure|unusual_item_count|ai_candidate
rd-915800a9ebe6d1318aa10524,rambling-introduction|sign-off-trailing-noise,family-memory-exact-time,"Before I lose the thought, I want to remember that the window-seat preference for the appointment on Thu Aug 6 at 16:15—okay, done.","{""ambiguity_policy"":""act"",""item_count"":1,""items"":[{""date"":""Thu Aug 6"",""facts"":[""remember the window-seat preference for the appointment""],""forbidden_facts"":[],""location"":null,""needs_review"":false,""negation"":false,""person"":null,""prohibition"":false,""recurrence"":null,""route"":""Memory"",""state"":""informational"",""time"":""16:15"",""title"":""remember the window-seat preference for the appointment"",""type"":""memory""}],""operations"":[],""shared_context"":{""location"":null,""person"":null,""temporal"":null}}","{""items"":[{""analysis"":""Before I lose the thought, I want to remember that the window-seat preference for the appointment on Thu Aug 6 at 4:15 pm—okay, done."",""delivery"":""none"",""due"":1786047300,""location"":""nil"",""needsReview"":false,""person"":null,""quote"":""Before I lose the thought, I want to remember that the window-seat preference for the appointment on Thu Aug 6 at 4:15 pm—okay, done."",""rawQuote"":""Before I lose the thought, I want to remember that the window-seat preference for the appointment on Thu Aug 6 at 16:15—okay, done"",""recurrence"":""nil"",""reminder"":null,""route"":""Today"",""state"":""resolved"",""title"":""Before I lose the thought, I want to remember that the window-seat preference for the appointment on Thu Aug 6 at 4:15 pm—okay, done"",""type"":""event"",""wasRepaired"":true}],""operations"":[],""text"":""Before I lose the thought, I want to remember that the window-seat preference for the appointment on Thu Aug 6 at 16:15—okay, done.""}",lost_information|routing|time_preservation|title_content_preservation|type:136cbf15b3c44ceb,phenomenon_coverage|multi_phenomenon|failure|compound_failure|ai_candidate
rd-87687fdf07638b0396099b18,self-correction-person|hesitation|sign-off-trailing-noise,family-recurrence-person,"This is for Sam— sorry, for Maya Chen. I need a reminder to take out the recycling for the client account with Maya Chen on Tue Aug 4 every Tuesday, okay that's all.","{""ambiguity_policy"":""act"",""item_count"":1,""items"":[{""date"":""Tue Aug 4"",""facts"":[""take out the recycling for the client account""],""forbidden_facts"":[],""location"":null,""needs_review"":false,""negation"":false,""person"":""Maya Chen"",""prohibition"":false,""recurrence"":""weekly:tuesday"",""route"":""Today"",""state"":""outstanding"",""time"":null,""title"":""take out the recycling for the client account"",""type"":""reminder""}],""operations"":[],""shared_context"":{""location"":null,""person"":null,""temporal"":null}}","{""items"":[{""analysis"":""for Maya Chen"",""delivery"":""none"",""due"":null,""location"":""nil"",""needsReview"":false,""person"":null,""quote"":""for Maya Chen"",""rawQuote"":""for Sam— sorry, for Maya Chen"",""recurrence"":""nil"",""reminder"":null,""route"":""Memory"",""state"":""resolved"",""title"":""For Maya Chen"",""type"":""note"",""wasRepaired"":true},{""analysis"":""I need a reminder to take out the recycling for the client account with Maya Chen on Tue Aug 4 every Tuesday, okay that's all"",""delivery"":""notification"",""due"":1785848400,""location"":""nil"",""needsReview"":false,""person"":null,""quote"":""I need a reminder to take out the recycling for the client account with Maya Chen on Tue Aug 4 every Tuesday, okay that's all"",""rawQuote"":""I need a reminder to take out the recycling for the client account with Maya Chen on Tue Aug 4 every Tuesday, okay that's all"",""recurrence"":""weekly x1 days[3]"",""reminder"":1785848400,""route"":""Today"",""state"":""resolved"",""title"":""Take out the recycling for the client account with Maya Chen on Tue Aug 4 every Tuesday, okay that's all"",""type"":""task"",""wasRepaired"":false}],""operations"":[],""text"":""This is for Sam— sorry, for Maya Chen. I need a reminder to take out the recycling for the client account with Maya Chen on Tue Aug 4 every Tuesday, okay that's all.""}",date_preservation|item_count|over_split|person_preservation|recurrence_preservation|routing|type|wrong_merge:79b375df3714885b,phenomenon_coverage|multi_phenomenon|failure|compound_failure|unusual_item_count|ai_candidate
rd-8114450fd7c578a2db4595f0,,family-cancellation-person,Cancel the saved reminder to water the basil for the client account.,"{""ambiguity_policy"":""act"",""item_count"":0,""items"":[],""operations"":[{""operation"":""cancel"",""scoped"":false,""target"":""water the basil for the client account""}],""shared_context"":{""location"":null,""person"":null,""temporal"":null}}","{""items"":[{""analysis"":""Cancel the saved reminder to water the basil for the client account."",""delivery"":""none"",""due"":null,""location"":""nil"",""needsReview"":false,""person"":null,""quote"":""Cancel the saved reminder to water the basil for the client account."",""rawQuote"":""Cancel the saved reminder to water the basil for the client account."",""recurrence"":""nil"",""reminder"":null,""route"":""Today"",""state"":""resolved"",""title"":""Cancel the saved reminder to water the basil for the client account"",""type"":""task"",""wasRepaired"":false}],""operations"":[],""text"":""Cancel the saved reminder to water the basil for the client account.""}",cancellation_correctness|false_positive_item_creation|item_count|over_split|routing|type|wrong_merge:ac0ac0aa1037c5c2,safety_critical|failure|compound_failure|unusual_item_count
rd-37ef04f98c190991ca3abe8e,filler-words|rambling-ending,family-memory-person,"Okay— remember that the window-seat preference for the client account with Maya Chen. Sorry, that's the whole note.","{""ambiguity_policy"":""act"",""item_count"":1,""items"":[{""date"":null,""facts"":[""remember the window-seat preference for the client account""],""forbidden_facts"":[],""location"":null,""needs_review"":false,""negation"":false,""person"":""Maya Chen"",""prohibition"":false,""recurrence"":null,""route"":""Memory"",""state"":""informational"",""time"":null,""title"":""remember the window-seat preference for the client account"",""type"":""memory""}],""operations"":[],""shared_context"":{""location"":null,""person"":null,""temporal"":null}}","{""items"":[{""analysis"":""— remember that the window-seat preference for the client account with Maya Chen"",""delivery"":""none"",""due"":null,""location"":""nil"",""needsReview"":false,""person"":null,""quote"":""— remember that the window-seat preference for the client account with Maya Chen"",""rawQuote"":""remember that the window-seat preference for the client account with Maya Chen"",""recurrence"":""nil"",""reminder"":null,""route"":""Memory"",""state"":""resolved"",""title"":""— Remember that the window-seat preference for the client account with Maya Chen"",""type"":""note"",""wasRepaired"":false},{""analysis"":""Sorry, that's the whole note"",""delivery"":""none"",""due"":null,""location"":""nil"",""needsReview"":false,""person"":null,""quote"":""Sorry, that's the whole note"",""rawQuote"":""Sorry, that's the whole note"",""recurrence"":""nil"",""reminder"":null,""route"":""Memory"",""state"":""resolved"",""title"":""Sorry, that's the whole note"",""type"":""note"",""wasRepaired"":false}],""operations"":[],""text"":""Okay— remember that the window-seat preference for the client account with Maya Chen. Sorry, that's the whole note.""}",item_count|lost_information|over_split|person_preservation|routing|title_content_preservation|type|wrong_merge:c12478c33f8e8a1f,phenomenon_coverage|multi_phenomenon|failure|compound_failure|unusual_item_count|ai_candidate
rd-2d8f038ffc97180cac4662fc,,family-date-correction-named-location,Renew the membership for the errand at Farm Boy on Sat Aug 8.,"{""ambiguity_policy"":""act"",""item_count"":1,""items"":[{""date"":""Sat Aug 8"",""facts"":[""renew the membership for the errand""],""forbidden_facts"":[""Fri Aug 7""],""location"":""Farm Boy"",""needs_review"":false,""negation"":false,""person"":null,""prohibition"":false,""recurrence"":null,""route"":""Today"",""state"":""outstanding"",""time"":null,""title"":""renew the membership for the errand"",""type"":""task""}],""operations"":[],""shared_context"":{""location"":null,""person"":null,""temporal"":null}}","{""items"":[{""analysis"":""Renew the membership for the errand at Farm Boy on Sat Aug 8."",""delivery"":""none"",""due"":1786161600,""location"":""nil"",""needsReview"":false,""person"":null,""quote"":""Renew the membership for the errand at Farm Boy on Sat Aug 8."",""rawQuote"":""Renew the membership for the errand at Farm Boy on Sat Aug 8."",""recurrence"":""nil"",""reminder"":null,""route"":""Today"",""state"":""resolved"",""title"":""Renew the membership for the errand at Farm Boy on Sat Aug 8"",""type"":""task"",""wasRepaired"":false}],""operations"":[],""text"":""Renew the membership for the errand at Farm Boy on Sat Aug 8.""}",location_preservation:ebb663aabb81d6cd,failure|hash_random_fill
rd-58e5185e5adb47323a66a0ee,,family-date-correction-relative-date,Make sure I remember to renew the membership for the travel plan on Sat Aug 8.,"{""ambiguity_policy"":""act"",""item_count"":1,""items"":[{""date"":""Sat Aug 8"",""facts"":[""renew the membership for the travel plan""],""forbidden_facts"":[""Fri Aug 7""],""location"":null,""needs_review"":false,""negation"":false,""person"":null,""prohibition"":false,""recurrence"":null,""route"":""Today"",""state"":""outstanding"",""time"":null,""title"":""renew the membership for the travel plan"",""type"":""task""}],""operations"":[],""shared_context"":{""location"":null,""person"":null,""temporal"":null}}","{""items"":[{""analysis"":""Make sure I remember to renew the membership for the travel plan on Sat Aug 8."",""delivery"":""none"",""due"":1786161600,""location"":""nil"",""needsReview"":false,""person"":null,""quote"":""Make sure I remember to renew the membership for the travel plan on Sat Aug 8."",""rawQuote"":""Make sure I remember to renew the membership for the travel plan on Sat Aug 8."",""recurrence"":""nil"",""reminder"":null,""route"":""Today"",""state"":""resolved"",""title"":""Renew the membership for the travel plan on Sat Aug 8"",""type"":""task"",""wasRepaired"":false}],""operations"":[],""text"":""Make sure I remember to renew the membership for the travel plan on Sat Aug 8.""}",,ai_candidate|hash_random_fill
rd-1a96ffb7cae2c34daedf2730,asr-insertion,family-single-task-plain,Send uh the project update for the core project.,"{""ambiguity_policy"":""act"",""item_count"":1,""items"":[{""date"":null,""facts"":[""send the project update for the core project""],""forbidden_facts"":[],""location"":null,""needs_review"":false,""negation"":false,""person"":null,""prohibition"":false,""recurrence"":null,""route"":""Today"",""state"":""outstanding"",""time"":null,""title"":""send the project update for the core project"",""type"":""task""}],""operations"":[],""shared_context"":{""location"":null,""person"":null,""temporal"":null}}","{""items"":[{""analysis"":""Send the project update for the core project."",""delivery"":""none"",""due"":null,""location"":""nil"",""needsReview"":false,""person"":null,""quote"":""Send the project update for the core project."",""rawQuote"":""Send uh the project update for the core project"",""recurrence"":""nil"",""reminder"":null,""route"":""Today"",""state"":""resolved"",""title"":""Send the project update for the core project"",""type"":""task"",""wasRepaired"":true}],""operations"":[],""text"":""Send uh the project update for the core project.""}",,phenomenon_coverage
rd-996cc90028048eeaa2fc4619,,family-date-only-named-location,Note the warranty date for the errand at Farm Boy on Tue Aug 4.,"{""ambiguity_policy"":""act"",""item_count"":1,""items"":[{""date"":""Tue Aug 4"",""facts"":[""note the warranty date for the errand""],""forbidden_facts"":[],""location"":""Farm Boy"",""needs_review"":false,""negation"":false,""person"":null,""prohibition"":false,""recurrence"":null,""route"":""Memory"",""state"":""informational"",""time"":null,""title"":""note the warranty date for the errand"",""type"":""note""}],""operations"":[],""shared_context"":{""location"":null,""person"":null,""temporal"":null}}","{""items"":[{""analysis"":""Note the warranty date for the errand at Farm Boy on Tue Aug 4."",""delivery"":""none"",""due"":null,""location"":""nil"",""needsReview"":false,""person"":null,""quote"":""Note the warranty date for the errand at Farm Boy on Tue Aug 4."",""rawQuote"":""Note the warranty date for the errand at Farm Boy on Tue Aug 4."",""recurrence"":""nil"",""reminder"":null,""route"":""Memory"",""state"":""resolved"",""title"":""The warranty date for the errand at Farm Boy on Tue Aug 4"",""type"":""note"",""wasRepaired"":false}],""operations"":[],""text"":""Note the warranty date for the errand at Farm Boy on Tue Aug 4.""}",date_preservation|location_preservation:4dc5aa97522c1bfd,failure|hash_random_fill
rd-c3e5c80d8c1831bbf991d737,uncertainty|change-of-intent|sign-off-trailing-noise,family-ambiguous-review-weekend-context,"Maybe this is a task, maybe it's only a thought— I'm not sure whether this is a task or just something to keep, but I want to remember that send the document to her for the family trip with Xochitl Rivera, okay that's all.","{""ambiguity_policy"":""review"",""item_count"":1,""items"":[{""date"":null,""facts"":[""send the document to her for the family trip""],""forbidden_facts"":[],""location"":null,""needs_review"":true,""negation"":false,""person"":""Xochitl Rivera"",""prohibition"":false,""recurrence"":null,""route"":""Memory"",""state"":""uncertain"",""time"":null,""title"":""send the document to her for the family trip"",""type"":""note""}],""operations"":[],""shared_context"":{""location"":null,""person"":null,""temporal"":null}}","{""items"":[{""analysis"":""Maybe this is a task, maybe it's only a thought— I'm not sure whether this is a task or just something to keep, but I want to remember that send the document to her for the family trip with Xochitl Rivera, okay that's all."",""delivery"":""none"",""due"":null,""location"":""nil"",""needsReview"":false,""person"":null,""quote"":""Maybe this is a task, maybe it's only a thought— I'm not sure whether this is a task or just something to keep, but I want to remember that send the document to her for the family trip with Xochitl Rivera, okay that's all."",""rawQuote"":""Maybe this is a task, maybe it's only a thought— I'm not sure whether this is a task or just something to keep, but I want to remember that send the document to her for the family trip with Xochitl Rivera, okay that's all."",""recurrence"":""nil"",""reminder"":null,""route"":""Today"",""state"":""resolved"",""title"":""This is a task, maybe it's only a thought— I'm not sure whether this is a task or just something to keep, but I want to remember that send the document to her for the family trip with Xochitl Rivera, okay that's all"",""type"":""task"",""wasRepaired"":false}],""operations"":[],""text"":""Maybe this is a task, maybe it's only a thought— I'm not sure whether this is a task or just something to keep, but I want to remember that send the document to her for the family trip with Xochitl Rivera, okay that's all.""}",person_preservation|review_ambiguity_behavior|routing|type:6185011130765d60,phenomenon_coverage|multi_phenomenon|failure|ai_candidate|suspicious_synthetic
rd-405df4225b5b60400db54900,,family-location-trigger-named-location,Pick up the dry cleaning for the errand at Farm Boy.,"{""ambiguity_policy"":""act"",""item_count"":1,""items"":[{""date"":null,""facts"":[""pick up the dry cleaning for the errand""],""forbidden_facts"":[],""location"":""Farm Boy"",""needs_review"":false,""negation"":false,""person"":null,""prohibition"":false,""recurrence"":null,""route"":""Today"",""state"":""outstanding"",""time"":null,""title"":""pick up the dry cleaning for the errand"",""type"":""reminder""}],""operations"":[],""shared_context"":{""location"":null,""person"":null,""temporal"":null}}","{""items"":[{""analysis"":""Pick up the dry cleaning for the errand at Farm Boy."",""delivery"":""none"",""due"":null,""location"":""nil"",""needsReview"":false,""person"":null,""quote"":""Pick up the dry cleaning for the errand at Farm Boy."",""rawQuote"":""Pick up the dry cleaning for the errand at Farm Boy."",""recurrence"":""nil"",""reminder"":null,""route"":""Today"",""state"":""resolved"",""title"":""Pick up the dry cleaning for the errand at Farm Boy"",""type"":""task"",""wasRepaired"":false}],""operations"":[],""text"":""Pick up the dry cleaning for the errand at Farm Boy.""}",location_preservation|type:f801f2db117f0ea1,failure|hash_random_fill
rd-1a80466029a9996f7eed1906,filler-words|hesitation|rambling-introduction,family-change-of-mind-named-location,"So there's one thing, um, make a task to order the blue notebook for the errand at Farm Boy, and that's everything.","{""ambiguity_policy"":""act"",""item_count"":1,""items"":[{""date"":null,""facts"":[""order the blue notebook for the errand""],""forbidden_facts"":[""order the red notebook""],""location"":""Farm Boy"",""needs_review"":false,""negation"":false,""person"":null,""prohibition"":false,""recurrence"":null,""route"":""Today"",""state"":""outstanding"",""time"":null,""title"":""order the blue notebook for the errand"",""type"":""task""}],""operations"":[],""shared_context"":{""location"":null,""person"":null,""temporal"":null}}","{""items"":[{""analysis"":""there's one thing"",""delivery"":""none"",""due"":null,""location"":""nil"",""needsReview"":false,""person"":null,""quote"":""there's one thing"",""rawQuote"":""there's one thing"",""recurrence"":""nil"",""reminder"":null,""route"":""Memory"",""state"":""resolved"",""title"":""There's one thing"",""type"":""note"",""wasRepaired"":false},{""analysis"":""make a task to order the blue notebook for the errand at Farm Boy"",""delivery"":""none"",""due"":null,""location"":""nil"",""needsReview"":false,""person"":null,""quote"":""make a task to order the blue notebook for the errand at Farm Boy"",""rawQuote"":""make a task to order the blue notebook for the errand at Farm Boy"",""recurrence"":""nil"",""reminder"":null,""route"":""Today"",""state"":""resolved"",""title"":""Make a task to order the blue notebook for the errand at Farm Boy"",""type"":""task"",""wasRepaired"":false},{""analysis"":""that's everything"",""delivery"":""none"",""due"":null,""location"":""nil"",""needsReview"":false,""person"":null,""quote"":""that's everything"",""rawQuote"":""that's everything"",""recurrence"":""nil"",""reminder"":null,""route"":""Memory"",""state"":""resolved"",""title"":""That's everything"",""type"":""note"",""wasRepaired"":false}],""operations"":[],""text"":""So there's one thing, um, make a task to order the blue notebook for the errand at Farm Boy, and that's everything.""}",item_count|location_preservation|over_split|routing|type|wrong_merge:e0e7cda5f91fed24,phenomenon_coverage|multi_phenomenon|failure|compound_failure|unusual_item_count|ai_candidate
rd-299af8889308ef4c757b4a3a,filler-words|rambling-ending,family-ambiguous-review-relative-date,"Okay— I'm not sure whether this is a task or just something to keep, but remember that send the document to her for the travel plan. Sorry, that's the whole note.","{""ambiguity_policy"":""review"",""item_count"":1,""items"":[{""date"":null,""facts"":[""send the document to her for the travel plan""],""forbidden_facts"":[],""location"":null,""needs_review"":true,""negation"":false,""person"":null,""prohibition"":false,""recurrence"":null,""route"":""Memory"",""state"":""uncertain"",""time"":null,""title"":""send the document to her for the travel plan"",""type"":""note""}],""operations"":[],""shared_context"":{""location"":null,""person"":null,""temporal"":null}}","{""items"":[{""analysis"":""— I'm not sure whether this is a task or just something to keep, but remember that send the document to her for the travel plan"",""delivery"":""none"",""due"":null,""location"":""nil"",""needsReview"":false,""person"":null,""quote"":""— I'm not sure whether this is a task or just something to keep, but remember that send the document to her for the travel plan"",""rawQuote"":""I'm not sure whether this is a task or just something to keep, but remember that send the document to her for the travel plan"",""recurrence"":""nil"",""reminder"":null,""route"":""Memory"",""state"":""resolved"",""title"":""— I'm not sure whether this is a task or just something to keep, but remember that send the document to her for the travel plan"",""type"":""note"",""wasRepaired"":false},{""analysis"":""Sorry, that's the whole note"",""delivery"":""none"",""due"":null,""location"":""nil"",""needsReview"":false,""person"":null,""quote"":""Sorry, that's the whole note"",""rawQuote"":""Sorry, that's the whole note"",""recurrence"":""nil"",""reminder"":null,""route"":""Memory"",""state"":""resolved"",""title"":""Sorry, that's the whole note"",""type"":""note"",""wasRepaired"":false}],""operations"":[],""text"":""Okay— I'm not sure whether this is a task or just something to keep, but remember that send the document to her for the travel plan. Sorry, that's the whole note.""}",item_count|over_split|review_ambiguity_behavior|routing|type|wrong_merge:833bef5128c2d87b,phenomenon_coverage|multi_phenomenon|failure|compound_failure|unusual_item_count|ai_candidate
rd-043be2b347f506997ffada10,,family-change-of-mind-person-date,Make sure I remember to order the blue notebook for the birthday with Priya Shah on Tue Aug 4.,"{""ambiguity_policy"":""act"",""item_count"":1,""items"":[{""date"":""Tue Aug 4"",""facts"":[""order the blue notebook for the birthday""],""forbidden_facts"":[""order the red notebook""],""location"":null,""needs_review"":false,""negation"":false,""person"":""Priya Shah"",""prohibition"":false,""recurrence"":null,""route"":""Today"",""state"":""outstanding"",""time"":null,""title"":""order the blue notebook for the birthday"",""type"":""task""}],""operations"":[],""shared_context"":{""location"":null,""person"":null,""temporal"":null}}","{""items"":[{""analysis"":""Make sure I remember to order the blue notebook for the birthday with Priya Shah on Tue Aug 4."",""delivery"":""none"",""due"":1785816000,""location"":""nil"",""needsReview"":false,""person"":null,""quote"":""Make sure I remember to order the blue notebook for the birthday with Priya Shah on Tue Aug 4."",""rawQuote"":""Make sure I remember to order the blue notebook for the birthday with Priya Shah on Tue Aug 4."",""recurrence"":""nil"",""reminder"":null,""route"":""Today"",""state"":""resolved"",""title"":""Order the blue notebook for the birthday with Priya Shah on Tue Aug 4"",""type"":""shopping"",""wasRepaired"":false}],""operations"":[],""text"":""Make sure I remember to order the blue notebook for the birthday with Priya Shah on Tue Aug 4.""}",person_preservation|type:9d0cc991e51b6027,failure|ai_candidate|hash_random_fill
rd-f24043f96c1d940983cb913e,,family-person-fact-person-time,Remember the design-team detail for the interview with Noah Brooks on Tue Aug 4 at 09:30.,"{""ambiguity_policy"":""act"",""item_count"":1,""items"":[{""date"":""Tue Aug 4"",""facts"":[""remember the design-team detail for the interview""],""forbidden_facts"":[],""location"":null,""needs_review"":false,""negation"":false,""person"":""Noah Brooks"",""prohibition"":false,""recurrence"":null,""route"":""Memory"",""state"":""informational"",""time"":""09:30"",""title"":""remember the design-team detail for the interview"",""type"":""personFact""}],""operations"":[],""shared_context"":{""location"":null,""person"":null,""temporal"":null}}","{""items"":[{""analysis"":""Remember the design-team detail for the interview with Noah Brooks on Tue Aug 4 at 09:30."",""delivery"":""none"",""due"":null,""location"":""nil"",""needsReview"":false,""person"":null,""quote"":""Remember the design-team detail for the interview with Noah Brooks on Tue Aug 4 at 09:30."",""rawQuote"":""Remember the design-team detail for the interview with Noah Brooks on Tue Aug 4 at 09:30."",""recurrence"":""nil"",""reminder"":null,""route"":""Memory"",""state"":""resolved"",""title"":""The design-team detail for the interview with Noah Brooks on Tue Aug 4 at 09:30"",""type"":""note"",""wasRepaired"":false}],""operations"":[],""text"":""Remember the design-team detail for the interview with Noah Brooks on Tue Aug 4 at 09:30.""}",date_preservation|person_preservation|time_preservation|type:d436c537fd4b2388,failure|hash_random_fill
rd-740966ff3e561af33ef16c3b,,family-negative-statement-person-time,Make a note that the invoice was not sent for the interview with Noah Brooks on Tue Aug 4 at 09:30.,"{""ambiguity_policy"":""act"",""item_count"":1,""items"":[{""date"":""Tue Aug 4"",""facts"":[""record that the invoice was not sent for the interview""],""forbidden_facts"":[],""location"":null,""needs_review"":false,""negation"":true,""person"":""Noah Brooks"",""prohibition"":false,""recurrence"":null,""route"":""Memory"",""state"":""informational"",""time"":""09:30"",""title"":""record that the invoice was not sent for the interview"",""type"":""memory""}],""operations"":[],""shared_context"":{""location"":null,""person"":null,""temporal"":null}}","{""items"":[{""analysis"":""Make a note that the invoice was not sent for the interview with Noah Brooks on Tue Aug 4 at 09:30."",""delivery"":""none"",""due"":null,""location"":""nil"",""needsReview"":false,""person"":null,""quote"":""Make a note that the invoice was not sent for the interview with Noah Brooks on Tue Aug 4 at 09:30."",""rawQuote"":""Make a note that the invoice was not sent for the interview with Noah Brooks on Tue Aug 4 at 09:30."",""recurrence"":""nil"",""reminder"":null,""route"":""Memory"",""state"":""resolved"",""title"":""The invoice was not sent for the interview with Noah Brooks on Tue Aug 4 at 09:30"",""type"":""note"",""wasRepaired"":false}],""operations"":[],""text"":""Make a note that the invoice was not sent for the interview with Noah Brooks on Tue Aug 4 at 09:30.""}",date_preservation|lost_information|person_preservation|time_preservation|title_content_preservation|type:bf91e2639154395e,safety_critical|failure|compound_failure|ai_candidate
rd-258007630126c4c7119aa665,uncertainty|change-of-intent|sign-off-trailing-noise,family-partial-review-person-date,"Maybe this is a task, maybe it's only a thought— I'm not sure whether this is a task or just something to keep, but a note for later: follow up about the proposal for the birthday with Priya Shah, okay that's all.","{""ambiguity_policy"":""preserve-only"",""item_count"":1,""items"":[{""date"":null,""facts"":[""follow up about the proposal for the birthday""],""forbidden_facts"":[],""location"":null,""needs_review"":true,""negation"":false,""person"":""Priya Shah"",""prohibition"":false,""recurrence"":null,""route"":""Memory"",""state"":""uncertain"",""time"":null,""title"":""follow up about the proposal for the birthday"",""type"":""note""}],""operations"":[],""shared_context"":{""location"":null,""person"":null,""temporal"":null}}","{""items"":[{""analysis"":""Maybe this is a task, maybe it's only a thought— I'm not sure whether this is a task or just something to keep, but a note for later: follow up about the proposal for the birthday with Priya Shah, okay that's all."",""delivery"":""none"",""due"":null,""location"":""nil"",""needsReview"":false,""person"":null,""quote"":""Maybe this is a task, maybe it's only a thought— I'm not sure whether this is a task or just something to keep, but a note for later: follow up about the proposal for the birthday with Priya Shah, okay that's all."",""rawQuote"":""Maybe this is a task, maybe it's only a thought— I'm not sure whether this is a task or just something to keep, but a note for later: follow up about the proposal for the birthday with Priya Shah, okay that's all."",""recurrence"":""nil"",""reminder"":null,""route"":""Memory"",""state"":""resolved"",""title"":""This is a task, maybe it's only a thought— I'm not sure whether this is a task or just something to keep, but a note for later: follow up about the proposal for the birthday with Priya Shah, okay that's all"",""type"":""note"",""wasRepaired"":false}],""operations"":[],""text"":""Maybe this is a task, maybe it's only a thought— I'm not sure whether this is a task or just something to keep, but a note for later: follow up about the proposal for the birthday with Priya Shah, okay that's all.""}",person_preservation|review_ambiguity_behavior:70d7a26bcbf573eb,phenomenon_coverage|multi_phenomenon|failure|ai_candidate|suspicious_synthetic
rd-79cbd139cee07565ff15b69d,,family-time-correction-person-time,Call the clinic for the interview with Noah Brooks on Tue Aug 4 at 16:00.,"{""ambiguity_policy"":""act"",""item_count"":1,""items"":[{""date"":""Tue Aug 4"",""facts"":[""call the clinic for the interview""],""forbidden_facts"":[""15:00""],""location"":null,""needs_review"":false,""negation"":false,""person"":""Noah Brooks"",""prohibition"":false,""recurrence"":null,""route"":""Today"",""state"":""outstanding"",""time"":""16:00"",""title"":""call the clinic for the interview"",""type"":""task""}],""operations"":[],""shared_context"":{""location"":null,""person"":null,""temporal"":null}}","{""items"":[{""analysis"":""Call the clinic for the interview with Noah Brooks on Tue Aug 4 at 4:00 pm."",""delivery"":""none"",""due"":1785873600,""location"":""nil"",""needsReview"":false,""person"":null,""quote"":""Call the clinic for the interview with Noah Brooks on Tue Aug 4 at 4:00 pm."",""rawQuote"":""Call the clinic for the interview with Noah Brooks on Tue Aug 4 at 16:00"",""recurrence"":""nil"",""reminder"":null,""route"":""Today"",""state"":""resolved"",""title"":""Call the clinic for the interview with Noah Brooks on Tue Aug 4 at 4:00 pm"",""type"":""task"",""wasRepaired"":true}],""operations"":[],""text"":""Call the clinic for the interview with Noah Brooks on Tue Aug 4 at 16:00.""}",person_preservation|time_preservation:166c60e27900812c,failure|hash_random_fill
rd-42f46199f1433699e2094c4a,,family-date-only-relative-date,Note the warranty date for the travel plan on Tue Aug 4.,"{""ambiguity_policy"":""act"",""item_count"":1,""items"":[{""date"":""Tue Aug 4"",""facts"":[""note the warranty date for the travel plan""],""forbidden_facts"":[],""location"":null,""needs_review"":false,""negation"":false,""person"":null,""prohibition"":false,""recurrence"":null,""route"":""Memory"",""state"":""informational"",""time"":null,""title"":""note the warranty date for the travel plan"",""type"":""note""}],""operations"":[],""shared_context"":{""location"":null,""person"":null,""temporal"":null}}","{""items"":[{""analysis"":""Note the warranty date for the travel plan on Tue Aug 4."",""delivery"":""none"",""due"":null,""location"":""nil"",""needsReview"":false,""person"":null,""quote"":""Note the warranty date for the travel plan on Tue Aug 4."",""rawQuote"":""Note the warranty date for the travel plan on Tue Aug 4."",""recurrence"":""nil"",""reminder"":null,""route"":""Memory"",""state"":""resolved"",""title"":""The warranty date for the travel plan on Tue Aug 4"",""type"":""note"",""wasRepaired"":false}],""operations"":[],""text"":""Note the warranty date for the travel plan on Tue Aug 4.""}",date_preservation:20325a4e0b711399,failure|hash_random_fill
rd-392bca1cc291de74fbc53f75,,family-date-only-weekend-context,Note the warranty date for the family trip with Xochitl Rivera at Farm Boy on Sat Aug 8.,"{""ambiguity_policy"":""act"",""item_count"":1,""items"":[{""date"":""Sat Aug 8"",""facts"":[""note the warranty date for the family trip""],""forbidden_facts"":[],""location"":""Farm Boy"",""needs_review"":false,""negation"":false,""person"":""Xochitl Rivera"",""prohibition"":false,""recurrence"":null,""route"":""Memory"",""state"":""informational"",""time"":null,""title"":""note the warranty date for the family trip"",""type"":""note""}],""operations"":[],""shared_context"":{""location"":null,""person"":null,""temporal"":null}}","{""items"":[{""analysis"":""Note the warranty date for the family trip with Xochitl Rivera at Farm Boy on Sat Aug 8."",""delivery"":""none"",""due"":null,""location"":""nil"",""needsReview"":false,""person"":null,""quote"":""Note the warranty date for the family trip with Xochitl Rivera at Farm Boy on Sat Aug 8."",""rawQuote"":""Note the warranty date for the family trip with Xochitl Rivera at Farm Boy on Sat Aug 8."",""recurrence"":""nil"",""reminder"":null,""route"":""Memory"",""state"":""resolved"",""title"":""The warranty date for the family trip with Xochitl Rivera at Farm Boy on Sat Aug 8"",""type"":""note"",""wasRepaired"":false}],""operations"":[],""text"":""Note the warranty date for the family trip with Xochitl Rivera at Farm Boy on Sat Aug 8.""}",date_preservation|location_preservation|person_preservation:7a8c952485b3c07d,failure|hash_random_fill
rd-90da97909e306cb613208755,long-capture,family-single-task-plain,"I have been sorting through the schedule, the notes from last week, and all the loose ends from the project, and after checking what is urgent and what can wait, the one thing I need to capture now is this: Send the project update for the core project.","{""ambiguity_policy"":""act"",""item_count"":1,""items"":[{""date"":null,""facts"":[""send the project update for the core project""],""forbidden_facts"":[],""location"":null,""needs_review"":false,""negation"":false,""person"":null,""prohibition"":false,""recurrence"":null,""route"":""Today"",""state"":""outstanding"",""time"":null,""title"":""send the project update for the core project"",""type"":""task""}],""operations"":[],""shared_context"":{""location"":null,""person"":null,""temporal"":null}}","{""items"":[{""analysis"":""I have been sorting through the schedule, the notes from last week, and all the loose ends from the project"",""delivery"":""none"",""due"":null,""location"":""nil"",""needsReview"":false,""person"":null,""quote"":""I have been sorting through the schedule, the notes from last week, and all the loose ends from the project"",""rawQuote"":""I have been sorting through the schedule, the notes from last week, and all the loose ends from the project"",""recurrence"":""nil"",""reminder"":null,""route"":""Memory"",""state"":""resolved"",""title"":""I have been sorting through the schedule, the notes from last week, and all the loose ends from the project"",""type"":""note"",""wasRepaired"":false},{""analysis"":""after checking what is urgent"",""delivery"":""none"",""due"":null,""location"":""nil"",""needsReview"":false,""person"":null,""quote"":""after checking what is urgent"",""rawQuote"":""after checking what is urgent"",""recurrence"":""nil"",""reminder"":null,""route"":""Memory"",""state"":""resolved"",""title"":""After checking what is urgent"",""type"":""note"",""wasRepaired"":false},{""analysis"":""what can wait, the one thing I need to capture now is this:"",""delivery"":""none"",""due"":null,""location"":""nil"",""needsReview"":true,""person"":null,""quote"":""what can wait, the one thing I need to capture now is this:"",""rawQuote"":""what can wait, the one thing I need to capture now is this:"",""recurrence"":""nil"",""reminder"":null,""route"":""Memory"",""state"":""resolved"",""title"":""What can wait, the one thing I need to capture now is this"",""type"":""unclear"",""wasRepaired"":false},{""analysis"":""Send the project update for the core project"",""delivery"":""none"",""due"":null,""location"":""nil"",""needsReview"":false,""person"":null,""quote"":""Send the project update for the core project"",""rawQuote"":""Send the project update for the core project"",""recurrence"":""nil"",""reminder"":null,""route"":""Today"",""state"":""resolved"",""title"":""Send the project update for the core project"",""type"":""task"",""wasRepaired"":false}],""operations"":[],""text"":""I have been sorting through the schedule, the notes from last week, and all the loose ends from the project, and after checking what is urgent and what can wait, the one thing I need to capture now is this: Send the project update for the core project.""}",item_count|over_split|routing|type|wrong_merge:41caf148a3bc59f8,phenomenon_coverage|failure|compound_failure|unusual_item_count
rd-2acda238bb57e1995adc79b1,,family-partial-review-exact-time,Maybe follow up about the proposal for the appointment…,"{""ambiguity_policy"":""preserve-only"",""item_count"":1,""items"":[{""date"":null,""facts"":[""follow up about the proposal for the appointment""],""forbidden_facts"":[],""location"":null,""needs_review"":true,""negation"":false,""person"":null,""prohibition"":false,""recurrence"":null,""route"":""Memory"",""state"":""uncertain"",""time"":null,""title"":""follow up about the proposal for the appointment"",""type"":""note""}],""operations"":[],""shared_context"":{""location"":null,""person"":null,""temporal"":null}}","{""items"":[{""analysis"":""Maybe follow up about the proposal for the appointment…"",""delivery"":""none"",""due"":null,""location"":""nil"",""needsReview"":false,""person"":null,""quote"":""Maybe follow up about the proposal for the appointment…"",""rawQuote"":""Maybe follow up about the proposal for the appointment…"",""recurrence"":""nil"",""reminder"":null,""route"":""Today"",""state"":""resolved"",""title"":""Follow up about the proposal for the appointment…"",""type"":""task"",""wasRepaired"":false}],""operations"":[],""text"":""Maybe follow up about the proposal for the appointment…""}",review_ambiguity_behavior|routing|type:f8100f4eecde71a2,failure|hash_random_fill
rd-93c8519739900beb1b3aa28a,,family-single-task-priority-context,I need a reminder to send the project update for the tax filing with Hope Reed on Wed Aug 5.,"{""ambiguity_policy"":""act"",""item_count"":1,""items"":[{""date"":""Wed Aug 5"",""facts"":[""send the project update for the tax filing""],""forbidden_facts"":[],""location"":null,""needs_review"":false,""negation"":false,""person"":""Hope Reed"",""prohibition"":false,""recurrence"":null,""route"":""Today"",""state"":""outstanding"",""time"":null,""title"":""send the project update for the tax filing"",""type"":""task""}],""operations"":[],""shared_context"":{""location"":null,""person"":null,""temporal"":null}}","{""items"":[{""analysis"":""I need a reminder to send the project update for the tax filing with Hope Reed on Wed Aug 5."",""delivery"":""notification"",""due"":1785902400,""location"":""nil"",""needsReview"":false,""person"":null,""quote"":""I need a reminder to send the project update for the tax filing with Hope Reed on Wed Aug 5."",""rawQuote"":""I need a reminder to send the project update for the tax filing with Hope Reed on Wed Aug 5."",""recurrence"":""nil"",""reminder"":1785934800,""route"":""Today"",""state"":""resolved"",""title"":""Send the project update for the tax filing with Hope Reed on Wed Aug 5"",""type"":""task"",""wasRepaired"":false}],""operations"":[],""text"":""I need a reminder to send the project update for the tax filing with Hope Reed on Wed Aug 5.""}",person_preservation|time_preservation:166c60e27900812c,failure|ai_candidate|hash_random_fill
rd-83453ea6318fd55f81dc7179,,family-two-tasks-shared-location-named-location,"Print the handouts for the errand at Farm Boy. Also, call Maya about dinner with Maya Chen at Farm Boy.","{""ambiguity_policy"":""act"",""item_count"":2,""items"":[{""date"":null,""facts"":[""print the handouts for the errand""],""forbidden_facts"":[],""location"":""Farm Boy"",""needs_review"":false,""negation"":false,""person"":null,""prohibition"":false,""recurrence"":null,""route"":""Today"",""state"":""outstanding"",""time"":null,""title"":""print the handouts for the errand"",""type"":""task""},{""date"":null,""facts"":[""call Maya about dinner""],""forbidden_facts"":[],""location"":""Farm Boy"",""needs_review"":false,""negation"":false,""person"":""Maya Chen"",""prohibition"":false,""recurrence"":null,""route"":""Today"",""state"":""outstanding"",""time"":null,""title"":""call Maya about dinner"",""type"":""task""}],""operations"":[],""shared_context"":{""location"":""Farm Boy"",""person"":null,""temporal"":null}}","{""items"":[{""analysis"":""Print the handouts for the errand at Farm Boy"",""delivery"":""none"",""due"":null,""location"":""nil"",""needsReview"":false,""person"":null,""quote"":""Print the handouts for the errand at Farm Boy"",""rawQuote"":""Print the handouts for the errand at Farm Boy"",""recurrence"":""nil"",""reminder"":null,""route"":""Today"",""state"":""resolved"",""title"":""Print the handouts for the errand at Farm Boy"",""type"":""task"",""wasRepaired"":false},{""analysis"":""call Maya about dinner with Maya Chen at Farm Boy"",""delivery"":""none"",""due"":null,""location"":""nil"",""needsReview"":false,""person"":""Maya"",""quote"":""call Maya about dinner with Maya Chen at Farm Boy"",""rawQuote"":""call Maya about dinner with Maya Chen at Farm Boy"",""recurrence"":""nil"",""reminder"":null,""route"":""Today"",""state"":""resolved"",""title"":""Call Maya about dinner with Maya Chen at Farm Boy"",""type"":""personFollowUp"",""wasRepaired"":false}],""operations"":[],""text"":""Print the handouts for the errand at Farm Boy. Also, call Maya about dinner with Maya Chen at Farm Boy.""}",location_preservation|type:f801f2db117f0ea1,failure|hash_random_fill
rd-3a7f3c058b15f6cf901901fd,rambling-introduction|filler-words,family-location-trigger-person-time,"Right, just getting this out of my head: remind me to pick up the dry cleaning for the interview with Noah Brooks at Farm Boy on Tue Aug 4 at 09:30.","{""ambiguity_policy"":""act"",""item_count"":1,""items"":[{""date"":""Tue Aug 4"",""facts"":[""pick up the dry cleaning for the interview""],""forbidden_facts"":[],""location"":""Farm Boy"",""needs_review"":false,""negation"":false,""person"":""Noah Brooks"",""prohibition"":false,""recurrence"":null,""route"":""Today"",""state"":""outstanding"",""time"":""09:30"",""title"":""pick up the dry cleaning for the interview"",""type"":""reminder""}],""operations"":[],""shared_context"":{""location"":null,""person"":null,""temporal"":null}}","{""items"":[{""analysis"":""just getting this out of my head: remind me to pick up the dry cleaning for the interview with Noah Brooks at Farm Boy on Tue Aug 4 at 09:30."",""delivery"":""notification"",""due"":1785850200,""location"":""nil"",""needsReview"":false,""person"":null,""quote"":""just getting this out of my head: remind me to pick up the dry cleaning for the interview with Noah Brooks at Farm Boy on Tue Aug 4 at 09:30."",""rawQuote"":""just getting this out of my head: remind me to pick up the dry cleaning for the interview with Noah Brooks at Farm Boy on Tue Aug 4 at 09:30"",""recurrence"":""nil"",""reminder"":1785850200,""route"":""Today"",""state"":""resolved"",""title"":""Getting this out of my head: remind me to pick up the dry cleaning for the interview with Noah Brooks at Farm Boy on Tue Aug 4 at 09:30"",""type"":""task"",""wasRepaired"":false}],""operations"":[],""text"":""Right, just getting this out of my head: remind me to pick up the dry cleaning for the interview with Noah Brooks at Farm Boy on Tue Aug 4 at 09:30.""}",location_preservation|person_preservation|type:3c9b7a511157e6da,phenomenon_coverage|multi_phenomenon|failure|ai_candidate
rd-93e99738a6985d8949744ff1,,family-event-plain,Attend the planning session for the core project.,"{""ambiguity_policy"":""act"",""item_count"":1,""items"":[{""date"":null,""facts"":[""attend the planning session for the core project""],""forbidden_facts"":[],""location"":null,""needs_review"":false,""negation"":false,""person"":null,""prohibition"":false,""recurrence"":null,""route"":""Today"",""state"":""outstanding"",""time"":null,""title"":""attend the planning session for the core project"",""type"":""event""}],""operations"":[],""shared_context"":{""location"":null,""person"":null,""temporal"":null}}","{""items"":[{""analysis"":""Attend the planning session for the core project."",""delivery"":""none"",""due"":null,""location"":""nil"",""needsReview"":false,""person"":null,""quote"":""Attend the planning session for the core project."",""rawQuote"":""Attend the planning session for the core project."",""recurrence"":""nil"",""reminder"":null,""route"":""Today"",""state"":""resolved"",""title"":""Attend the planning session for the core project"",""type"":""task"",""wasRepaired"":false}],""operations"":[],""text"":""Attend the planning session for the core project.""}",type:177d7631d2f6bfa4,failure|hash_random_fill
rd-adbd9fab65e8b38a128df70f,,family-negative-statement-shared-context,It is not true that record that the invoice was not sent for the launch with Elena Costa at Farm Boy on Fri Aug 7 at 14:00.,"{""ambiguity_policy"":""act"",""item_count"":1,""items"":[{""date"":""Fri Aug 7"",""facts"":[""record that the invoice was not sent for the launch""],""forbidden_facts"":[],""location"":""Farm Boy"",""needs_review"":false,""negation"":true,""person"":""Elena Costa"",""prohibition"":false,""recurrence"":null,""route"":""Memory"",""state"":""informational"",""time"":""14:00"",""title"":""record that the invoice was not sent for the launch"",""type"":""memory""}],""operations"":[],""shared_context"":{""location"":null,""person"":null,""temporal"":null}}","{""items"":[{""analysis"":""It is not true that record that the invoice was not sent for the launch with Elena Costa at Farm Boy on Fri Aug 7 at 2:00 pm."",""delivery"":""none"",""due"":1786125600,""location"":""nil"",""needsReview"":false,""person"":null,""quote"":""It is not true that record that the invoice was not sent for the launch with Elena Costa at Farm Boy on Fri Aug 7 at 2:00 pm."",""rawQuote"":""It is not true that record that the invoice was not sent for the launch with Elena Costa at Farm Boy on Fri Aug 7 at 14:00"",""recurrence"":""nil"",""reminder"":null,""route"":""Today"",""state"":""resolved"",""title"":""It is not true that record that the invoice was not sent for the launch with Elena Costa at Farm Boy on Fri Aug 7 at 2:00 pm"",""type"":""event"",""wasRepaired"":true}],""operations"":[],""text"":""It is not true that record that the invoice was not sent for the launch with Elena Costa at Farm Boy on Fri Aug 7 at 14:00.""}",location_preservation|person_preservation|routing|time_preservation|type:b9edb7e3b3728e13,safety_critical|failure|compound_failure
rd-24e9c4b9e8b6cabb0b9e0049,filler-words|hesitation|sign-off-trailing-noise,family-negative-statement-person-date,"Um, make a note that the invoice was not sent for the birthday with Priya Shah on Tue Aug 4, uh, that's all.","{""ambiguity_policy"":""act"",""item_count"":1,""items"":[{""date"":""Tue Aug 4"",""facts"":[""record that the invoice was not sent for the birthday""],""forbidden_facts"":[],""location"":null,""needs_review"":false,""negation"":true,""person"":""Priya Shah"",""prohibition"":false,""recurrence"":null,""route"":""Memory"",""state"":""informational"",""time"":null,""title"":""record that the invoice was not sent for the birthday"",""type"":""memory""}],""operations"":[],""shared_context"":{""location"":null,""person"":null,""temporal"":null}}","{""items"":[{""analysis"":""make a note that the invoice was not sent for the birthday with Priya Shah on Tue Aug 4, that's all."",""delivery"":""none"",""due"":null,""location"":""nil"",""needsReview"":false,""person"":null,""quote"":""make a note that the invoice was not sent for the birthday with Priya Shah on Tue Aug 4, that's all."",""rawQuote"":""make a note that the invoice was not sent for the birthday with Priya Shah on Tue Aug 4, uh, that's all"",""recurrence"":""nil"",""reminder"":null,""route"":""Memory"",""state"":""resolved"",""title"":""The invoice was not sent for the birthday with Priya Shah on Tue Aug 4, that's all"",""type"":""note"",""wasRepaired"":true}],""operations"":[],""text"":""Um, make a note that the invoice was not sent for the birthday with Priya Shah on Tue Aug 4, uh, that's all.""}",date_preservation|lost_information|person_preservation|title_content_preservation|type:83bc173f45bc750e,phenomenon_coverage|safety_critical|multi_phenomenon|failure|compound_failure|ai_candidate
rd-84201da532f797d94d46d57a,,family-two-tasks-shared-time-person,"Submit the expense report for the client account with Maya Chen on Tue Aug 4 at 16:15. Also, call Maya about dinner with Maya Chen on Tue Aug 4 at 16:15.","{""ambiguity_policy"":""act"",""item_count"":2,""items"":[{""date"":""Tue Aug 4"",""facts"":[""submit the expense report for the client account""],""forbidden_facts"":[],""location"":null,""needs_review"":false,""negation"":false,""person"":""Maya Chen"",""prohibition"":false,""recurrence"":null,""route"":""Today"",""state"":""outstanding"",""time"":""16:15"",""title"":""submit the expense report for the client account"",""type"":""task""},{""date"":""Tue Aug 4"",""facts"":[""call Maya about dinner""],""forbidden_facts"":[],""location"":null,""needs_review"":false,""negation"":false,""person"":""Maya Chen"",""prohibition"":false,""recurrence"":null,""route"":""Today"",""state"":""outstanding"",""time"":""16:15"",""title"":""call Maya about dinner"",""type"":""task""}],""operations"":[],""shared_context"":{""location"":null,""person"":""Maya Chen"",""temporal"":""Tue Aug 4 16:15""}}","{""items"":[{""analysis"":""Submit the expense report for the client account with Maya Chen on Tue Aug 4 at 4:15 pm"",""delivery"":""none"",""due"":1785874500,""location"":""nil"",""needsReview"":false,""person"":null,""quote"":""Submit the expense report for the client account with Maya Chen on Tue Aug 4 at 4:15 pm"",""rawQuote"":""Submit the expense report for the client account with Maya Chen on Tue Aug 4 at 16:15. Also"",""recurrence"":""nil"",""reminder"":null,""route"":""Today"",""state"":""resolved"",""title"":""Submit the expense report for the client account with Maya Chen on Tue Aug 4 at 4:15 pm"",""type"":""task"",""wasRepaired"":true},{""analysis"":""call Maya about dinner with Maya Chen on Tue Aug 4 at 4:15 pm"",""delivery"":""none"",""due"":1785874500,""location"":""nil"",""needsReview"":false,""person"":""Maya"",""quote"":""call Maya about dinner with Maya Chen on Tue Aug 4 at 4:15 pm"",""rawQuote"":""call Maya about dinner with Maya Chen on Tue Aug 4 at 16:15"",""recurrence"":""nil"",""reminder"":null,""route"":""Today"",""state"":""resolved"",""title"":""Call Maya about dinner with Maya Chen on Tue Aug 4 at 4:15 pm"",""type"":""personFollowUp"",""wasRepaired"":true}],""operations"":[],""text"":""Submit the expense report for the client account with Maya Chen on Tue Aug 4 at 16:15. Also, call Maya about dinner with Maya Chen on Tue Aug 4 at 16:15.""}",person_preservation|time_preservation|type:aee8c4776546e0a4,failure|hash_random_fill
rd-1b61a5c5d20638bdc7158b58,,family-task-plus-memory-person-time,"Book the train for the interview with Noah Brooks on Tue Aug 4 at 09:30. Also, Maya prefers the quiet car with Maya Chen.","{""ambiguity_policy"":""act"",""item_count"":2,""items"":[{""date"":""Tue Aug 4"",""facts"":[""book the train for the interview""],""forbidden_facts"":[],""location"":null,""needs_review"":false,""negation"":false,""person"":""Noah Brooks"",""prohibition"":false,""recurrence"":null,""route"":""Today"",""state"":""outstanding"",""time"":""09:30"",""title"":""book the train for the interview"",""type"":""task""},{""date"":null,""facts"":[""Maya prefers the quiet car""],""forbidden_facts"":[],""location"":null,""needs_review"":false,""negation"":false,""person"":""Maya Chen"",""prohibition"":false,""recurrence"":null,""route"":""Memory"",""state"":""informational"",""time"":null,""title"":""Maya prefers the quiet car"",""type"":""memory""}],""operations"":[],""shared_context"":{""location"":null,""person"":null,""temporal"":null}}","{""items"":[{""analysis"":""Book the train for the interview with Noah Brooks on Tue Aug 4 at 09:30"",""delivery"":""none"",""due"":1785850200,""location"":""nil"",""needsReview"":false,""person"":null,""quote"":""Book the train for the interview with Noah Brooks on Tue Aug 4 at 09:30"",""rawQuote"":""Book the train for the interview with Noah Brooks on Tue Aug 4 at 09:30"",""recurrence"":""nil"",""reminder"":null,""route"":""Today"",""state"":""resolved"",""title"":""Book the train for the interview with Noah Brooks on Tue Aug 4 at 09:30"",""type"":""task"",""wasRepaired"":false},{""analysis"":""Maya prefers the quiet car with Maya Chen"",""delivery"":""none"",""due"":null,""location"":""nil"",""needsReview"":false,""person"":""Maya"",""quote"":""Maya prefers the quiet car with Maya Chen"",""rawQuote"":""Maya prefers the quiet car with Maya Chen"",""recurrence"":""nil"",""reminder"":null,""route"":""Memory"",""state"":""resolved"",""title"":""Maya prefers the quiet car with Maya Chen"",""type"":""note"",""wasRepaired"":false}],""operations"":[],""text"":""Book the train for the interview with Noah Brooks on Tue Aug 4 at 09:30. Also, Maya prefers the quiet car with Maya Chen.""}",person_preservation|time_preservation|type:aee8c4776546e0a4,failure|hash_random_fill
rd-ab90677cbddfb1e164077af8,self-correction-person|hesitation|sign-off-trailing-noise,family-negative-statement-weekend-context,"This is for Sam— sorry, for Xochitl Rivera. make a note that the invoice was not sent for the family trip with Xochitl Rivera at Farm Boy on Sat Aug 8 at 11:00, okay that's all.","{""ambiguity_policy"":""act"",""item_count"":1,""items"":[{""date"":""Sat Aug 8"",""facts"":[""record that the invoice was not sent for the family trip""],""forbidden_facts"":[],""location"":""Farm Boy"",""needs_review"":false,""negation"":true,""person"":""Xochitl Rivera"",""prohibition"":false,""recurrence"":null,""route"":""Memory"",""state"":""informational"",""time"":""11:00"",""title"":""record that the invoice was not sent for the family trip"",""type"":""memory""}],""operations"":[],""shared_context"":{""location"":null,""person"":null,""temporal"":null}}","{""items"":[{""analysis"":""for Xochitl Rivera"",""delivery"":""none"",""due"":null,""location"":""nil"",""needsReview"":false,""person"":null,""quote"":""for Xochitl Rivera"",""rawQuote"":""for Sam— sorry, for Xochitl Rivera"",""recurrence"":""nil"",""reminder"":null,""route"":""Memory"",""state"":""resolved"",""title"":""For Xochitl Rivera"",""type"":""note"",""wasRepaired"":true},{""analysis"":""make a note that the invoice was not sent for the family trip with Xochitl Rivera at Farm Boy on Sat Aug 8 at 11:00, okay that's all"",""delivery"":""none"",""due"":null,""location"":""nil"",""needsReview"":false,""person"":null,""quote"":""make a note that the invoice was not sent for the family trip with Xochitl Rivera at Farm Boy on Sat Aug 8 at 11:00, okay that's all"",""rawQuote"":""make a note that the invoice was not sent for the family trip with Xochitl Rivera at Farm Boy on Sat Aug 8 at 11:00, okay that's all"",""recurrence"":""nil"",""reminder"":null,""route"":""Memory"",""state"":""resolved"",""title"":""The invoice was not sent for the family trip with Xochitl Rivera at Farm Boy on Sat Aug 8 at 11:00, okay that's all"",""type"":""note"",""wasRepaired"":false}],""operations"":[],""text"":""This is for Sam— sorry, for Xochitl Rivera. make a note that the invoice was not sent for the family trip with Xochitl Rivera at Farm Boy on Sat Aug 8 at 11:00, okay that's all.""}",date_preservation|item_count|location_preservation|lost_information|negation_correctness|over_split|person_preservation|routing|time_preservation|title_content_preservation|type|wrong_merge:6bf23fd36b1e7646,phenomenon_coverage|safety_critical|multi_phenomenon|failure|compound_failure|unusual_item_count|ai_candidate
rd-242a5550485673651ed02e22,,family-person-fact-shared-context,Remember the design-team detail for the launch with Elena Costa at Farm Boy on Fri Aug 7 at 14:00.,"{""ambiguity_policy"":""act"",""item_count"":1,""items"":[{""date"":""Fri Aug 7"",""facts"":[""remember the design-team detail for the launch""],""forbidden_facts"":[],""location"":""Farm Boy"",""needs_review"":false,""negation"":false,""person"":""Elena Costa"",""prohibition"":false,""recurrence"":null,""route"":""Memory"",""state"":""informational"",""time"":""14:00"",""title"":""remember the design-team detail for the launch"",""type"":""personFact""}],""operations"":[],""shared_context"":{""location"":null,""person"":null,""temporal"":null}}","{""items"":[{""analysis"":""Remember the design-team detail for the launch with Elena Costa at Farm Boy on Fri Aug 7 at 2:00 pm."",""delivery"":""none"",""due"":null,""location"":""nil"",""needsReview"":false,""person"":null,""quote"":""Remember the design-team detail for the launch with Elena Costa at Farm Boy on Fri Aug 7 at 2:00 pm."",""rawQuote"":""Remember the design-team detail for the launch with Elena Costa at Farm Boy on Fri Aug 7 at 14:00"",""recurrence"":""nil"",""reminder"":null,""route"":""Memory"",""state"":""resolved"",""title"":""The design-team detail for the launch with Elena Costa at Farm Boy on Fri Aug 7 at 2:00 pm"",""type"":""note"",""wasRepaired"":true}],""operations"":[],""text"":""Remember the design-team detail for the launch with Elena Costa at Farm Boy on Fri Aug 7 at 14:00.""}",date_preservation|location_preservation|person_preservation|time_preservation|type:46796d449069e092,failure|compound_failure|hash_random_fill
rd-3dabbc9abc039c4f6372eaa9,,family-negative-statement-relative-date,It is not true that record that the invoice was not sent for the travel plan on Tue Aug 4.,"{""ambiguity_policy"":""act"",""item_count"":1,""items"":[{""date"":""Tue Aug 4"",""facts"":[""record that the invoice was not sent for the travel plan""],""forbidden_facts"":[],""location"":null,""needs_review"":false,""negation"":true,""person"":null,""prohibition"":false,""recurrence"":null,""route"":""Memory"",""state"":""informational"",""time"":null,""title"":""record that the invoice was not sent for the travel plan"",""type"":""memory""}],""operations"":[],""shared_context"":{""location"":null,""person"":null,""temporal"":null}}","{""items"":[{""analysis"":""It is not true that record that the invoice was not sent for the travel plan on Tue Aug 4."",""delivery"":""none"",""due"":null,""location"":""nil"",""needsReview"":false,""person"":null,""quote"":""It is not true that record that the invoice was not sent for the travel plan on Tue Aug 4."",""rawQuote"":""It is not true that record that the invoice was not sent for the travel plan on Tue Aug 4."",""recurrence"":""nil"",""reminder"":null,""route"":""Memory"",""state"":""resolved"",""title"":""It is not true that record that the invoice was not sent for the travel plan on Tue Aug 4"",""type"":""note"",""wasRepaired"":false}],""operations"":[],""text"":""It is not true that record that the invoice was not sent for the travel plan on Tue Aug 4.""}",date_preservation|type:0327d4378127553b,safety_critical|failure
rd-bcc45dedfde0682de16c3061,,family-two-independent-tasks-relative-date,"Buy oat milk for the travel plan on Tue Aug 4. Also, call Maya about dinner.","{""ambiguity_policy"":""act"",""item_count"":2,""items"":[{""date"":""Tue Aug 4"",""facts"":[""buy oat milk for the travel plan""],""forbidden_facts"":[],""location"":null,""needs_review"":false,""negation"":false,""person"":null,""prohibition"":false,""recurrence"":null,""route"":""Today"",""state"":""outstanding"",""time"":null,""title"":""buy oat milk for the travel plan"",""type"":""task""},{""date"":null,""facts"":[""call Maya about dinner""],""forbidden_facts"":[],""location"":null,""needs_review"":false,""negation"":false,""person"":null,""prohibition"":false,""recurrence"":null,""route"":""Today"",""state"":""outstanding"",""time"":null,""title"":""call Maya about dinner"",""type"":""task""}],""operations"":[],""shared_context"":{""location"":null,""person"":null,""temporal"":null}}","{""items"":[{""analysis"":""Buy oat milk for the travel plan on Tue Aug 4"",""delivery"":""none"",""due"":1785816000,""location"":""nil"",""needsReview"":false,""person"":null,""quote"":""Buy oat milk for the travel plan on Tue Aug 4"",""rawQuote"":""Buy oat milk for the travel plan on Tue Aug 4"",""recurrence"":""nil"",""reminder"":null,""route"":""Today"",""state"":""resolved"",""title"":""Buy oat milk for the travel plan on Tue Aug 4"",""type"":""shopping"",""wasRepaired"":false},{""analysis"":""call Maya about dinner"",""delivery"":""none"",""due"":null,""location"":""nil"",""needsReview"":false,""person"":""Maya"",""quote"":""call Maya about dinner"",""rawQuote"":""call Maya about dinner"",""recurrence"":""nil"",""reminder"":null,""route"":""Today"",""state"":""resolved"",""title"":""Call Maya about dinner"",""type"":""personFollowUp"",""wasRepaired"":false}],""operations"":[],""text"":""Buy oat milk for the travel plan on Tue Aug 4. Also, call Maya about dinner.""}",invented_information|person_preservation|type:86dd6c58726ec962,failure|hash_random_fill
rd-6a24a4e5d967dc7366833758,,family-change-of-mind-shared-context,Order the blue notebook for the launch with Elena Costa at Farm Boy on Fri Aug 7 at 14:00.,"{""ambiguity_policy"":""act"",""item_count"":1,""items"":[{""date"":""Fri Aug 7"",""facts"":[""order the blue notebook for the launch""],""forbidden_facts"":[""order the red notebook""],""location"":""Farm Boy"",""needs_review"":false,""negation"":false,""person"":""Elena Costa"",""prohibition"":false,""recurrence"":null,""route"":""Today"",""state"":""outstanding"",""time"":""14:00"",""title"":""order the blue notebook for the launch"",""type"":""task""}],""operations"":[],""shared_context"":{""location"":null,""person"":null,""temporal"":null}}","{""items"":[{""analysis"":""Order the blue notebook for the launch with Elena Costa at Farm Boy on Fri Aug 7 at 2:00 pm."",""delivery"":""none"",""due"":1786125600,""location"":""nil"",""needsReview"":false,""person"":null,""quote"":""Order the blue notebook for the launch with Elena Costa at Farm Boy on Fri Aug 7 at 2:00 pm."",""rawQuote"":""Order the blue notebook for the launch with Elena Costa at Farm Boy on Fri Aug 7 at 14:00"",""recurrence"":""nil"",""reminder"":null,""route"":""Today"",""state"":""resolved"",""title"":""Order the blue notebook for the launch with Elena Costa at Farm Boy on Fri Aug 7 at 2:00 pm"",""type"":""shopping"",""wasRepaired"":true}],""operations"":[],""text"":""Order the blue notebook for the launch with Elena Costa at Farm Boy on Fri Aug 7 at 14:00.""}",location_preservation|person_preservation|time_preservation|type:a8ea155a6d94fb7f,failure|hash_random_fill
rd-ba5d6ef5663e2a2a911f8bef,,family-task-plus-question-person,"Call the venue for the client account with Maya Chen. Also, ask when the doors open.","{""ambiguity_policy"":""act"",""item_count"":2,""items"":[{""date"":null,""facts"":[""call the venue for the client account""],""forbidden_facts"":[],""location"":null,""needs_review"":false,""negation"":false,""person"":""Maya Chen"",""prohibition"":false,""recurrence"":null,""route"":""Today"",""state"":""outstanding"",""time"":null,""title"":""call the venue for the client account"",""type"":""task""},{""date"":null,""facts"":[""ask when the doors open""],""forbidden_facts"":[],""location"":null,""needs_review"":false,""negation"":false,""person"":null,""prohibition"":false,""recurrence"":null,""route"":""Memory"",""state"":""informational"",""time"":null,""title"":""ask when the doors open"",""type"":""note""}],""operations"":[],""shared_context"":{""location"":null,""person"":null,""temporal"":null}}","{""items"":[{""analysis"":""Call the venue for the client account with Maya Chen"",""delivery"":""none"",""due"":null,""location"":""nil"",""needsReview"":false,""person"":null,""quote"":""Call the venue for the client account with Maya Chen"",""rawQuote"":""Call the venue for the client account with Maya Chen"",""recurrence"":""nil"",""reminder"":null,""route"":""Today"",""state"":""resolved"",""title"":""Call the venue for the client account with Maya Chen"",""type"":""task"",""wasRepaired"":false},{""analysis"":""ask when the doors open"",""delivery"":""none"",""due"":null,""location"":""nil"",""needsReview"":true,""person"":null,""quote"":""ask when the doors open"",""rawQuote"":""ask when the doors open"",""recurrence"":""nil"",""reminder"":null,""route"":""Today"",""state"":""resolved"",""title"":""Ask when the doors open"",""type"":""personFollowUp"",""wasRepaired"":false}],""operations"":[],""text"":""Call the venue for the client account with Maya Chen. Also, ask when the doors open.""}",person_preservation|routing|type:6f2c9b72bce2643d,failure|hash_random_fill
rd-ab7f35672ace8e8b24bdcb69,future-intention,family-single-task-plain,Tomorrow I will Send the project update for the core project.,"{""ambiguity_policy"":""act"",""item_count"":1,""items"":[{""date"":null,""facts"":[""send the project update for the core project""],""forbidden_facts"":[],""location"":null,""needs_review"":false,""negation"":false,""person"":null,""prohibition"":false,""recurrence"":null,""route"":""Today"",""state"":""outstanding"",""time"":null,""title"":""send the project update for the core project"",""type"":""task""}],""operations"":[],""shared_context"":{""location"":null,""person"":null,""temporal"":null}}","{""items"":[{""analysis"":""Tomorrow I will Send the project update for the core project."",""delivery"":""none"",""due"":null,""location"":""nil"",""needsReview"":false,""person"":null,""quote"":""Tomorrow I will Send the project update for the core project."",""rawQuote"":""Tomorrow I will Send the project update for the core project."",""recurrence"":""nil"",""reminder"":null,""route"":""Memory"",""state"":""resolved"",""title"":""Tomorrow I will Send the project update for the core project"",""type"":""note"",""wasRepaired"":false}],""operations"":[],""text"":""Tomorrow I will Send the project update for the core project.""}",routing|type:d62c75534b014532,phenomenon_coverage|failure|suspicious_synthetic
rd-19ddca399edac15be34dfb05,,family-date-only-person,Note the warranty date for the client account with Maya Chen on Tue Aug 4.,"{""ambiguity_policy"":""act"",""item_count"":1,""items"":[{""date"":""Tue Aug 4"",""facts"":[""note the warranty date for the client account""],""forbidden_facts"":[],""location"":null,""needs_review"":false,""negation"":false,""person"":""Maya Chen"",""prohibition"":false,""recurrence"":null,""route"":""Memory"",""state"":""informational"",""time"":null,""title"":""note the warranty date for the client account"",""type"":""note""}],""operations"":[],""shared_context"":{""location"":null,""person"":null,""temporal"":null}}","{""items"":[{""analysis"":""Note the warranty date for the client account with Maya Chen on Tue Aug 4."",""delivery"":""none"",""due"":null,""location"":""nil"",""needsReview"":false,""person"":null,""quote"":""Note the warranty date for the client account with Maya Chen on Tue Aug 4."",""rawQuote"":""Note the warranty date for the client account with Maya Chen on Tue Aug 4."",""recurrence"":""nil"",""reminder"":null,""route"":""Memory"",""state"":""resolved"",""title"":""The warranty date for the client account with Maya Chen on Tue Aug 4"",""type"":""note"",""wasRepaired"":false}],""operations"":[],""text"":""Note the warranty date for the client account with Maya Chen on Tue Aug 4.""}",date_preservation|person_preservation:a921fdcf642aa0e2,failure|hash_random_fill
rd-a575b4ace6b75f6374837ee5,,family-partial-review-person-time,Maybe follow up about the proposal for the interview with Noah Brooks…,"{""ambiguity_policy"":""preserve-only"",""item_count"":1,""items"":[{""date"":null,""facts"":[""follow up about the proposal for the interview""],""forbidden_facts"":[],""location"":null,""needs_review"":true,""negation"":false,""person"":""Noah Brooks"",""prohibition"":false,""recurrence"":null,""route"":""Memory"",""state"":""uncertain"",""time"":null,""title"":""follow up about the proposal for the interview"",""type"":""note""}],""operations"":[],""shared_context"":{""location"":null,""person"":null,""temporal"":null}}","{""items"":[{""analysis"":""Maybe follow up about the proposal for the interview with Noah Brooks…"",""delivery"":""none"",""due"":null,""location"":""nil"",""needsReview"":false,""person"":null,""quote"":""Maybe follow up about the proposal for the interview with Noah Brooks…"",""rawQuote"":""Maybe follow up about the proposal for the interview with Noah Brooks…"",""recurrence"":""nil"",""reminder"":null,""route"":""Today"",""state"":""resolved"",""title"":""Follow up about the proposal for the interview with Noah Brooks…"",""type"":""task"",""wasRepaired"":false}],""operations"":[],""text"":""Maybe follow up about the proposal for the interview with Noah Brooks…""}",person_preservation|review_ambiguity_behavior|routing|type:6185011130765d60,failure|hash_random_fill
rd-d5e153346597060421b8f115,,family-person-fact-person,Remember the design-team detail for the client account with Maya Chen.,"{""ambiguity_policy"":""act"",""item_count"":1,""items"":[{""date"":null,""facts"":[""remember the design-team detail for the client account""],""forbidden_facts"":[],""location"":null,""needs_review"":false,""negation"":false,""person"":""Maya Chen"",""prohibition"":false,""recurrence"":null,""route"":""Memory"",""state"":""informational"",""time"":null,""title"":""remember the design-team detail for the client account"",""type"":""personFact""}],""operations"":[],""shared_context"":{""location"":null,""person"":null,""temporal"":null}}","{""items"":[{""analysis"":""Remember the design-team detail for the client account with Maya Chen."",""delivery"":""none"",""due"":null,""location"":""nil"",""needsReview"":false,""person"":null,""quote"":""Remember the design-team detail for the client account with Maya Chen."",""rawQuote"":""Remember the design-team detail for the client account with Maya Chen."",""recurrence"":""nil"",""reminder"":null,""route"":""Memory"",""state"":""resolved"",""title"":""The design-team detail for the client account with Maya Chen"",""type"":""note"",""wasRepaired"":false}],""operations"":[],""text"":""Remember the design-team detail for the client account with Maya Chen.""}",person_preservation|type:9d0cc991e51b6027,failure|hash_random_fill
rd-febe3c76ea7454264ecd8d3d,,family-person-correction-relative-date,Send the photos for the travel plan with Priya Shah on Tue Aug 4.,"{""ambiguity_policy"":""act"",""item_count"":1,""items"":[{""date"":""Tue Aug 4"",""facts"":[""send the photos for the travel plan""],""forbidden_facts"":[""Maya Chen""],""location"":null,""needs_review"":false,""negation"":false,""person"":""Priya Shah"",""prohibition"":false,""recurrence"":null,""route"":""Today"",""state"":""outstanding"",""time"":null,""title"":""send the photos for the travel plan"",""type"":""task""}],""operations"":[],""shared_context"":{""location"":null,""person"":null,""temporal"":null}}","{""items"":[{""analysis"":""Send the photos for the travel plan with Priya Shah on Tue Aug 4."",""delivery"":""none"",""due"":1785816000,""location"":""nil"",""needsReview"":false,""person"":null,""quote"":""Send the photos for the travel plan with Priya Shah on Tue Aug 4."",""rawQuote"":""Send the photos for the travel plan with Priya Shah on Tue Aug 4."",""recurrence"":""nil"",""reminder"":null,""route"":""Today"",""state"":""resolved"",""title"":""Send the photos for the travel plan with Priya Shah on Tue Aug 4"",""type"":""task"",""wasRepaired"":false}],""operations"":[],""text"":""Send the photos for the travel plan with Priya Shah on Tue Aug 4.""}",person_preservation:9d2282de9a52bc8a,failure|hash_random_fill
rd-33d4dd289bac5ef2d98de719,,family-two-tasks-shared-time-named-location,"Submit the expense report for the errand at Farm Boy on Tue Aug 4 at 16:15. Also, call Maya about dinner with Maya Chen at Farm Boy on Tue Aug 4 at 16:15.","{""ambiguity_policy"":""act"",""item_count"":2,""items"":[{""date"":""Tue Aug 4"",""facts"":[""submit the expense report for the errand""],""forbidden_facts"":[],""location"":""Farm Boy"",""needs_review"":false,""negation"":false,""person"":null,""prohibition"":false,""recurrence"":null,""route"":""Today"",""state"":""outstanding"",""time"":""16:15"",""title"":""submit the expense report for the errand"",""type"":""task""},{""date"":""Tue Aug 4"",""facts"":[""call Maya about dinner""],""forbidden_facts"":[],""location"":""Farm Boy"",""needs_review"":false,""negation"":false,""person"":""Maya Chen"",""prohibition"":false,""recurrence"":null,""route"":""Today"",""state"":""outstanding"",""time"":""16:15"",""title"":""call Maya about dinner"",""type"":""task""}],""operations"":[],""shared_context"":{""location"":null,""person"":null,""temporal"":""Tue Aug 4 16:15""}}","{""items"":[{""analysis"":""Submit the expense report for the errand at Farm Boy on Tue Aug 4 at 4:15 pm"",""delivery"":""none"",""due"":1785874500,""location"":""nil"",""needsReview"":false,""person"":null,""quote"":""Submit the expense report for the errand at Farm Boy on Tue Aug 4 at 4:15 pm"",""rawQuote"":""Submit the expense report for the errand at Farm Boy on Tue Aug 4 at 16:15. Also"",""recurrence"":""nil"",""reminder"":null,""route"":""Today"",""state"":""resolved"",""title"":""Submit the expense report for the errand at Farm Boy on Tue Aug 4 at 4:15 pm"",""type"":""task"",""wasRepaired"":true},{""analysis"":""call Maya about dinner with Maya Chen at Farm Boy on Tue Aug 4 at 4:15 pm"",""delivery"":""none"",""due"":1785874500,""location"":""nil"",""needsReview"":false,""person"":""Maya"",""quote"":""call Maya about dinner with Maya Chen at Farm Boy on Tue Aug 4 at 4:15 pm"",""rawQuote"":""call Maya about dinner with Maya Chen at Farm Boy on Tue Aug 4 at 16:15"",""recurrence"":""nil"",""reminder"":null,""route"":""Today"",""state"":""resolved"",""title"":""Call Maya about dinner with Maya Chen at Farm Boy on Tue Aug 4 at 4:15 pm"",""type"":""personFollowUp"",""wasRepaired"":true}],""operations"":[],""text"":""Submit the expense report for the errand at Farm Boy on Tue Aug 4 at 16:15. Also, call Maya about dinner with Maya Chen at Farm Boy on Tue Aug 4 at 16:15.""}",location_preservation|time_preservation|type:72062a5c2647fac3,failure|hash_random_fill
rd-2ae5b56b854ed9faa169553f,,family-two-independent-tasks-named-location,"Buy oat milk for the errand at Farm Boy. Also, call Maya about dinner.","{""ambiguity_policy"":""act"",""item_count"":2,""items"":[{""date"":null,""facts"":[""buy oat milk for the errand""],""forbidden_facts"":[],""location"":""Farm Boy"",""needs_review"":false,""negation"":false,""person"":null,""prohibition"":false,""recurrence"":null,""route"":""Today"",""state"":""outstanding"",""time"":null,""title"":""buy oat milk for the errand"",""type"":""task""},{""date"":null,""facts"":[""call Maya about dinner""],""forbidden_facts"":[],""location"":null,""needs_review"":false,""negation"":false,""person"":null,""prohibition"":false,""recurrence"":null,""route"":""Today"",""state"":""outstanding"",""time"":null,""title"":""call Maya about dinner"",""type"":""task""}],""operations"":[],""shared_context"":{""location"":null,""person"":null,""temporal"":null}}","{""items"":[{""analysis"":""Buy oat milk for the errand at Farm Boy"",""delivery"":""none"",""due"":null,""location"":""nil"",""needsReview"":false,""person"":null,""quote"":""Buy oat milk for the errand at Farm Boy"",""rawQuote"":""Buy oat milk for the errand at Farm Boy"",""recurrence"":""nil"",""reminder"":null,""route"":""Today"",""state"":""resolved"",""title"":""Buy oat milk for the errand at Farm Boy"",""type"":""shopping"",""wasRepaired"":false},{""analysis"":""call Maya about dinner"",""delivery"":""none"",""due"":null,""location"":""nil"",""needsReview"":false,""person"":""Maya"",""quote"":""call Maya about dinner"",""rawQuote"":""call Maya about dinner"",""recurrence"":""nil"",""reminder"":null,""route"":""Today"",""state"":""resolved"",""title"":""Call Maya about dinner"",""type"":""personFollowUp"",""wasRepaired"":false}],""operations"":[],""text"":""Buy oat milk for the errand at Farm Boy. Also, call Maya about dinner.""}",location_preservation|person_preservation|type:3c9b7a511157e6da,failure|hash_random_fill
rd-fc0dc910314e3026ef24ab25,repetition,family-single-task-plain,Send the the project update for the core project.,"{""ambiguity_policy"":""act"",""item_count"":1,""items"":[{""date"":null,""facts"":[""send the project update for the core project""],""forbidden_facts"":[],""location"":null,""needs_review"":false,""negation"":false,""person"":null,""prohibition"":false,""recurrence"":null,""route"":""Today"",""state"":""outstanding"",""time"":null,""title"":""send the project update for the core project"",""type"":""task""}],""operations"":[],""shared_context"":{""location"":null,""person"":null,""temporal"":null}}","{""items"":[{""analysis"":""Send the the project update for the core project."",""delivery"":""none"",""due"":null,""location"":""nil"",""needsReview"":false,""person"":null,""quote"":""Send the the project update for the core project."",""rawQuote"":""Send the the project update for the core project."",""recurrence"":""nil"",""reminder"":null,""route"":""Today"",""state"":""resolved"",""title"":""Send the the project update for the core project"",""type"":""task"",""wasRepaired"":false}],""operations"":[],""text"":""Send the the project update for the core project.""}",lost_information|title_content_preservation:0ed975de8cafff00,phenomenon_coverage|failure
rd-7a7a5f41e7e0a0abc18b7707,,family-ambiguous-review-person-date,Maybe send the document to her for the birthday with Priya Shah…,"{""ambiguity_policy"":""review"",""item_count"":1,""items"":[{""date"":null,""facts"":[""send the document to her for the birthday""],""forbidden_facts"":[],""location"":null,""needs_review"":true,""negation"":false,""person"":""Priya Shah"",""prohibition"":false,""recurrence"":null,""route"":""Memory"",""state"":""uncertain"",""time"":null,""title"":""send the document to her for the birthday"",""type"":""note""}],""operations"":[],""shared_context"":{""location"":null,""person"":null,""temporal"":null}}","{""items"":[{""analysis"":""Maybe send the document to her for the birthday with Priya Shah…"",""delivery"":""none"",""due"":null,""location"":""nil"",""needsReview"":false,""person"":null,""quote"":""Maybe send the document to her for the birthday with Priya Shah…"",""rawQuote"":""Maybe send the document to her for the birthday with Priya Shah…"",""recurrence"":""nil"",""reminder"":null,""route"":""Today"",""state"":""resolved"",""title"":""Send the document to her for the birthday with Priya Shah…"",""type"":""task"",""wasRepaired"":false}],""operations"":[],""text"":""Maybe send the document to her for the birthday with Priya Shah…""}",person_preservation|review_ambiguity_behavior|routing|type:6185011130765d60,failure|hash_random_fill
rd-6ae9896f7b3a07c4cb47d4d0,,family-memory-relative-date,Remember the window-seat preference for the travel plan on Tue Aug 4.,"{""ambiguity_policy"":""act"",""item_count"":1,""items"":[{""date"":""Tue Aug 4"",""facts"":[""remember the window-seat preference for the travel plan""],""forbidden_facts"":[],""location"":null,""needs_review"":false,""negation"":false,""person"":null,""prohibition"":false,""recurrence"":null,""route"":""Memory"",""state"":""informational"",""time"":null,""title"":""remember the window-seat preference for the travel plan"",""type"":""memory""}],""operations"":[],""shared_context"":{""location"":null,""person"":null,""temporal"":null}}","{""items"":[{""analysis"":""Remember the window-seat preference for the travel plan on Tue Aug 4."",""delivery"":""none"",""due"":null,""location"":""nil"",""needsReview"":false,""person"":null,""quote"":""Remember the window-seat preference for the travel plan on Tue Aug 4."",""rawQuote"":""Remember the window-seat preference for the travel plan on Tue Aug 4."",""recurrence"":""nil"",""reminder"":null,""route"":""Memory"",""state"":""resolved"",""title"":""The window-seat preference for the travel plan on Tue Aug 4"",""type"":""note"",""wasRepaired"":false}],""operations"":[],""text"":""Remember the window-seat preference for the travel plan on Tue Aug 4.""}",date_preservation|type:0327d4378127553b,failure|hash_random_fill
rd-5b0cf3934bfe7735f48eeded,,family-time-correction-weekend-context,Call the clinic for the family trip with Xochitl Rivera at Farm Boy on Sat Aug 8 at 16:00.,"{""ambiguity_policy"":""act"",""item_count"":1,""items"":[{""date"":""Sat Aug 8"",""facts"":[""call the clinic for the family trip""],""forbidden_facts"":[""15:00""],""location"":""Farm Boy"",""needs_review"":false,""negation"":false,""person"":""Xochitl Rivera"",""prohibition"":false,""recurrence"":null,""route"":""Today"",""state"":""outstanding"",""time"":""16:00"",""title"":""call the clinic for the family trip"",""type"":""task""}],""operations"":[],""shared_context"":{""location"":null,""person"":null,""temporal"":null}}","{""items"":[{""analysis"":""Call the clinic for the family trip with Xochitl Rivera at Farm Boy on Sat Aug 8 at 4:00 pm."",""delivery"":""none"",""due"":1786219200,""location"":""nil"",""needsReview"":false,""person"":null,""quote"":""Call the clinic for the family trip with Xochitl Rivera at Farm Boy on Sat Aug 8 at 4:00 pm."",""rawQuote"":""Call the clinic for the family trip with Xochitl Rivera at Farm Boy on Sat Aug 8 at 16:00"",""recurrence"":""nil"",""reminder"":null,""route"":""Today"",""state"":""resolved"",""title"":""Call the clinic for the family trip with Xochitl Rivera at Farm Boy on Sat Aug 8 at 4:00 pm"",""type"":""task"",""wasRepaired"":true}],""operations"":[],""text"":""Call the clinic for the family trip with Xochitl Rivera at Farm Boy on Sat Aug 8 at 16:00.""}",location_preservation|person_preservation|time_preservation:3c5d20b22ef4ee19,failure|hash_random_fill
rd-d30d7e200e60bdda4a4cf0e1,,family-exact-date-time-weekend-context,Join the dentist appointment for the family trip with Xochitl Rivera at Farm Boy on Sat Aug 8 at 11:00.,"{""ambiguity_policy"":""act"",""item_count"":1,""items"":[{""date"":""Sat Aug 8"",""facts"":[""join the dentist appointment for the family trip""],""forbidden_facts"":[],""location"":""Farm Boy"",""needs_review"":false,""negation"":false,""person"":""Xochitl Rivera"",""prohibition"":false,""recurrence"":null,""route"":""Today"",""state"":""outstanding"",""time"":""11:00"",""title"":""join the dentist appointment for the family trip"",""type"":""reminder""}],""operations"":[],""shared_context"":{""location"":null,""person"":null,""temporal"":null}}","{""items"":[{""analysis"":""Join the dentist appointment for the family trip with Xochitl Rivera at Farm Boy on Sat Aug 8 at 11:00."",""delivery"":""none"",""due"":1786201200,""location"":""nil"",""needsReview"":false,""person"":null,""quote"":""Join the dentist appointment for the family trip with Xochitl Rivera at Farm Boy on Sat Aug 8 at 11:00."",""rawQuote"":""Join the dentist appointment for the family trip with Xochitl Rivera at Farm Boy on Sat Aug 8 at 11:00."",""recurrence"":""nil"",""reminder"":null,""route"":""Today"",""state"":""resolved"",""title"":""Join the dentist appointment for the family trip with Xochitl Rivera at Farm Boy on Sat Aug 8 at 11:00"",""type"":""event"",""wasRepaired"":false}],""operations"":[],""text"":""Join the dentist appointment for the family trip with Xochitl Rivera at Farm Boy on Sat Aug 8 at 11:00.""}",location_preservation|person_preservation|time_preservation|type:a8ea155a6d94fb7f,failure|hash_random_fill
rd-e8bcb823b731f08aee4c09c3,,family-task-plus-question-relative-date,"Call the venue for the travel plan on Tue Aug 4. Also, ask when the doors open.","{""ambiguity_policy"":""act"",""item_count"":2,""items"":[{""date"":""Tue Aug 4"",""facts"":[""call the venue for the travel plan""],""forbidden_facts"":[],""location"":null,""needs_review"":false,""negation"":false,""person"":null,""prohibition"":false,""recurrence"":null,""route"":""Today"",""state"":""outstanding"",""time"":null,""title"":""call the venue for the travel plan"",""type"":""task""},{""date"":null,""facts"":[""ask when the doors open""],""forbidden_facts"":[],""location"":null,""needs_review"":false,""negation"":false,""person"":null,""prohibition"":false,""recurrence"":null,""route"":""Memory"",""state"":""informational"",""time"":null,""title"":""ask when the doors open"",""type"":""note""}],""operations"":[],""shared_context"":{""location"":null,""person"":null,""temporal"":null}}","{""items"":[{""analysis"":""Call the venue for the travel plan on Tue Aug 4"",""delivery"":""none"",""due"":1785816000,""location"":""nil"",""needsReview"":false,""person"":null,""quote"":""Call the venue for the travel plan on Tue Aug 4"",""rawQuote"":""Call the venue for the travel plan on Tue Aug 4"",""recurrence"":""nil"",""reminder"":null,""route"":""Today"",""state"":""resolved"",""title"":""Call the venue for the travel plan on Tue Aug 4"",""type"":""task"",""wasRepaired"":false},{""analysis"":""ask when the doors open"",""delivery"":""none"",""due"":null,""location"":""nil"",""needsReview"":true,""person"":null,""quote"":""ask when the doors open"",""rawQuote"":""ask when the doors open"",""recurrence"":""nil"",""reminder"":null,""route"":""Today"",""state"":""resolved"",""title"":""Ask when the doors open"",""type"":""personFollowUp"",""wasRepaired"":false}],""operations"":[],""text"":""Call the venue for the travel plan on Tue Aug 4. Also, ask when the doors open.""}",routing|type:d62c75534b014532,failure|hash_random_fill
rd-49cd313ac56979c6b51f02be,shared-location,family-two-tasks-shared-location-named-location,"At the same place, Print the handouts for the errand at Farm Boy. Also, call Maya about dinner with Maya Chen at Farm Boy.","{""ambiguity_policy"":""act"",""item_count"":2,""items"":[{""date"":null,""facts"":[""print the handouts for the errand""],""forbidden_facts"":[],""location"":""Farm Boy"",""needs_review"":false,""negation"":false,""person"":null,""prohibition"":false,""recurrence"":null,""route"":""Today"",""state"":""outstanding"",""time"":null,""title"":""print the handouts for the errand"",""type"":""task""},{""date"":null,""facts"":[""call Maya about dinner""],""forbidden_facts"":[],""location"":""Farm Boy"",""needs_review"":false,""negation"":false,""person"":""Maya Chen"",""prohibition"":false,""recurrence"":null,""route"":""Today"",""state"":""outstanding"",""time"":null,""title"":""call Maya about dinner"",""type"":""task""}],""operations"":[],""shared_context"":{""location"":""Farm Boy"",""person"":null,""temporal"":null}}","{""items"":[{""analysis"":""At the same place"",""delivery"":""none"",""due"":null,""location"":""nil"",""needsReview"":false,""person"":null,""quote"":""At the same place"",""rawQuote"":""At the same place"",""recurrence"":""nil"",""reminder"":null,""route"":""Memory"",""state"":""resolved"",""title"":""At the same place"",""type"":""note"",""wasRepaired"":false},{""analysis"":""Print the handouts for the errand at Farm Boy"",""delivery"":""none"",""due"":null,""location"":""nil"",""needsReview"":false,""person"":null,""quote"":""Print the handouts for the errand at Farm Boy"",""rawQuote"":""Print the handouts for the errand at Farm Boy"",""recurrence"":""nil"",""reminder"":null,""route"":""Today"",""state"":""resolved"",""title"":""Print the handouts for the errand at Farm Boy"",""type"":""task"",""wasRepaired"":false},{""analysis"":""call Maya about dinner with Maya Chen at Farm Boy"",""delivery"":""none"",""due"":null,""location"":""nil"",""needsReview"":false,""person"":""Maya"",""quote"":""call Maya about dinner with Maya Chen at Farm Boy"",""rawQuote"":""call Maya about dinner with Maya Chen at Farm Boy"",""recurrence"":""nil"",""reminder"":null,""route"":""Today"",""state"":""resolved"",""title"":""Call Maya about dinner with Maya Chen at Farm Boy"",""type"":""personFollowUp"",""wasRepaired"":false}],""operations"":[],""text"":""At the same place, Print the handouts for the errand at Farm Boy. Also, call Maya about dinner with Maya Chen at Farm Boy.""}",item_count|location_preservation|over_split|person_preservation|routing|type|wrong_merge:7a4b1f0a4471c5d1,phenomenon_coverage|failure|compound_failure|unusual_item_count
rd-a39fe2d88a43738725f9b641,,family-event-person,Attend the planning session for the client account with Maya Chen.,"{""ambiguity_policy"":""act"",""item_count"":1,""items"":[{""date"":null,""facts"":[""attend the planning session for the client account""],""forbidden_facts"":[],""location"":null,""needs_review"":false,""negation"":false,""person"":""Maya Chen"",""prohibition"":false,""recurrence"":null,""route"":""Today"",""state"":""outstanding"",""time"":null,""title"":""attend the planning session for the client account"",""type"":""event""}],""operations"":[],""shared_context"":{""location"":null,""person"":null,""temporal"":null}}","{""items"":[{""analysis"":""Attend the planning session for the client account with Maya Chen."",""delivery"":""none"",""due"":null,""location"":""nil"",""needsReview"":false,""person"":null,""quote"":""Attend the planning session for the client account with Maya Chen."",""rawQuote"":""Attend the planning session for the client account with Maya Chen."",""recurrence"":""nil"",""reminder"":null,""route"":""Today"",""state"":""resolved"",""title"":""Attend the planning session for the client account with Maya Chen"",""type"":""task"",""wasRepaired"":false}],""operations"":[],""text"":""Attend the planning session for the client account with Maya Chen.""}",person_preservation|type:9d0cc991e51b6027,failure|hash_random_fill
rd-c30db03168dbc72685a6855f,multiple-thoughts,family-task-plus-memory-plain,"Book the train for the core project. Also, Maya prefers the quiet car with Maya Chen","{""ambiguity_policy"":""act"",""item_count"":2,""items"":[{""date"":null,""facts"":[""book the train for the core project""],""forbidden_facts"":[],""location"":null,""needs_review"":false,""negation"":false,""person"":null,""prohibition"":false,""recurrence"":null,""route"":""Today"",""state"":""outstanding"",""time"":null,""title"":""book the train for the core project"",""type"":""task""},{""date"":null,""facts"":[""Maya prefers the quiet car""],""forbidden_facts"":[],""location"":null,""needs_review"":false,""negation"":false,""person"":""Maya Chen"",""prohibition"":false,""recurrence"":null,""route"":""Memory"",""state"":""informational"",""time"":null,""title"":""Maya prefers the quiet car"",""type"":""memory""}],""operations"":[],""shared_context"":{""location"":null,""person"":null,""temporal"":null}}","{""items"":[{""analysis"":""Book the train for the core project"",""delivery"":""none"",""due"":null,""location"":""nil"",""needsReview"":false,""person"":null,""quote"":""Book the train for the core project"",""rawQuote"":""Book the train for the core project"",""recurrence"":""nil"",""reminder"":null,""route"":""Today"",""state"":""resolved"",""title"":""Book the train for the core project"",""type"":""task"",""wasRepaired"":false},{""analysis"":""Maya prefers the quiet car with Maya Chen"",""delivery"":""none"",""due"":null,""location"":""nil"",""needsReview"":false,""person"":""Maya"",""quote"":""Maya prefers the quiet car with Maya Chen"",""rawQuote"":""Maya prefers the quiet car with Maya Chen"",""recurrence"":""nil"",""reminder"":null,""route"":""Memory"",""state"":""resolved"",""title"":""Maya prefers the quiet car with Maya Chen"",""type"":""note"",""wasRepaired"":false}],""operations"":[],""text"":""Book the train for the core project. Also, Maya prefers the quiet car with Maya Chen""}",type:177d7631d2f6bfa4,phenomenon_coverage|failure
rd-7667c92cd3c071ec66597857,,family-date-correction-person-time,Renew the membership for the interview with Noah Brooks on Sat Aug 8 at 09:30.,"{""ambiguity_policy"":""act"",""item_count"":1,""items"":[{""date"":""Sat Aug 8"",""facts"":[""renew the membership for the interview""],""forbidden_facts"":[""Fri Aug 7""],""location"":null,""needs_review"":false,""negation"":false,""person"":""Noah Brooks"",""prohibition"":false,""recurrence"":null,""route"":""Today"",""state"":""outstanding"",""time"":""09:30"",""title"":""renew the membership for the interview"",""type"":""task""}],""operations"":[],""shared_context"":{""location"":null,""person"":null,""temporal"":null}}","{""items"":[{""analysis"":""Renew the membership for the interview with Noah Brooks on Sat Aug 8 at 09:30."",""delivery"":""none"",""due"":1786195800,""location"":""nil"",""needsReview"":false,""person"":null,""quote"":""Renew the membership for the interview with Noah Brooks on Sat Aug 8 at 09:30."",""rawQuote"":""Renew the membership for the interview with Noah Brooks on Sat Aug 8 at 09:30."",""recurrence"":""nil"",""reminder"":null,""route"":""Today"",""state"":""resolved"",""title"":""Renew the membership for the interview with Noah Brooks on Sat Aug 8 at 09:30"",""type"":""task"",""wasRepaired"":false}],""operations"":[],""text"":""Renew the membership for the interview with Noah Brooks on Sat Aug 8 at 09:30.""}",person_preservation|time_preservation:166c60e27900812c,failure|hash_random_fill
rd-7aa45618264decd963ffa9c1,,family-prohibition-exact-time,Do not send the confidential draft for the appointment on Thu Aug 6 at 16:15.,"{""ambiguity_policy"":""act"",""item_count"":1,""items"":[{""date"":""Thu Aug 6"",""facts"":[""send the confidential draft for the appointment""],""forbidden_facts"":[],""location"":null,""needs_review"":false,""negation"":true,""person"":null,""prohibition"":true,""recurrence"":null,""route"":""Today"",""state"":""outstanding"",""time"":""16:15"",""title"":""send the confidential draft for the appointment"",""type"":""task""}],""operations"":[],""shared_context"":{""location"":null,""person"":null,""temporal"":null}}","{""items"":[],""operations"":[{""operation"":""cancel"",""scoped"":false,""target"":""send the confidential draft for the appointment on thu aug 6 at 4:15 pm""}],""text"":""Do not send the confidential draft for the appointment on Thu Aug 6 at 16:15.""}",cancellation_correctness|date_preservation|false_negative_item_creation|item_count|location_preservation|lost_information|person_preservation|recurrence_preservation|routing|time_preservation|title_content_preservation|type|under_split|wrong_merge:38bbeb4049f60a00,safety_critical|failure|compound_failure|unusual_item_count
rd-2a7aa9a37e57669335736191,self-correction-person|hesitation|sign-off-trailing-noise,family-memory-person-time,"This is for Sam— sorry, for Noah Brooks. remember that the window-seat preference for the interview with Noah Brooks on Tue Aug 4 at 09:30, okay that's all.","{""ambiguity_policy"":""act"",""item_count"":1,""items"":[{""date"":""Tue Aug 4"",""facts"":[""remember the window-seat preference for the interview""],""forbidden_facts"":[],""location"":null,""needs_review"":false,""negation"":false,""person"":""Noah Brooks"",""prohibition"":false,""recurrence"":null,""route"":""Memory"",""state"":""informational"",""time"":""09:30"",""title"":""remember the window-seat preference for the interview"",""type"":""memory""}],""operations"":[],""shared_context"":{""location"":null,""person"":null,""temporal"":null}}","{""items"":[{""analysis"":""for Noah Brooks"",""delivery"":""none"",""due"":null,""location"":""nil"",""needsReview"":false,""person"":null,""quote"":""for Noah Brooks"",""rawQuote"":""for Sam— sorry, for Noah Brooks"",""recurrence"":""nil"",""reminder"":null,""route"":""Memory"",""state"":""resolved"",""title"":""For Noah Brooks"",""type"":""note"",""wasRepaired"":true},{""analysis"":""remember that the window-seat preference for the interview with Noah Brooks on Tue Aug 4 at 09:30, okay that's all"",""delivery"":""none"",""due"":null,""location"":""nil"",""needsReview"":false,""person"":null,""quote"":""remember that the window-seat preference for the interview with Noah Brooks on Tue Aug 4 at 09:30, okay that's all"",""rawQuote"":""remember that the window-seat preference for the interview with Noah Brooks on Tue Aug 4 at 09:30, okay that's all"",""recurrence"":""nil"",""reminder"":null,""route"":""Memory"",""state"":""resolved"",""title"":""The window-seat preference for the interview with Noah Brooks on Tue Aug 4 at 09:30, okay that's all"",""type"":""note"",""wasRepaired"":false}],""operations"":[],""text"":""This is for Sam— sorry, for Noah Brooks. remember that the window-seat preference for the interview with Noah Brooks on Tue Aug 4 at 09:30, okay that's all.""}",date_preservation|item_count|lost_information|over_split|person_preservation|routing|time_preservation|title_content_preservation|type|wrong_merge:cc61ef26d50da6e9,phenomenon_coverage|multi_phenomenon|failure|compound_failure|unusual_item_count|ai_candidate
rd-581227442044bf1955f5384b,self-correction-date|hesitation|sign-off-trailing-noise,family-reminder-relative-date,"On Wednesday— sorry, on Tue Aug 4. make sure I remember to water the basil for the travel plan on Tue Aug 4, okay that's all.","{""ambiguity_policy"":""act"",""item_count"":1,""items"":[{""date"":""Tue Aug 4"",""facts"":[""water the basil for the travel plan""],""forbidden_facts"":[],""location"":null,""needs_review"":false,""negation"":false,""person"":null,""prohibition"":false,""recurrence"":null,""route"":""Today"",""state"":""outstanding"",""time"":null,""title"":""water the basil for the travel plan"",""type"":""reminder""}],""operations"":[],""shared_context"":{""location"":null,""person"":null,""temporal"":null}}","{""items"":[{""analysis"":""on Tue Aug 4"",""delivery"":""none"",""due"":1785816000,""location"":""nil"",""needsReview"":false,""person"":null,""quote"":""on Tue Aug 4"",""rawQuote"":""On Wednesday— sorry, on Tue Aug 4"",""recurrence"":""nil"",""reminder"":null,""route"":""Today"",""state"":""resolved"",""title"":""On Tue Aug 4"",""type"":""event"",""wasRepaired"":true},{""analysis"":""make sure I remember to water the basil for the travel plan on Tue Aug 4, okay that's all"",""delivery"":""none"",""due"":1785816000,""location"":""nil"",""needsReview"":false,""person"":null,""quote"":""make sure I remember to water the basil for the travel plan on Tue Aug 4, okay that's all"",""rawQuote"":""make sure I remember to water the basil for the travel plan on Tue Aug 4, okay that's all"",""recurrence"":""nil"",""reminder"":null,""route"":""Today"",""state"":""resolved"",""title"":""Water the basil for the travel plan on Tue Aug 4, okay that's all"",""type"":""task"",""wasRepaired"":false}],""operations"":[],""text"":""On Wednesday— sorry, on Tue Aug 4. make sure I remember to water the basil for the travel plan on Tue Aug 4, okay that's all.""}",item_count|over_split|routing|type|wrong_merge:41caf148a3bc59f8,phenomenon_coverage|multi_phenomenon|failure|compound_failure|unusual_item_count|ai_candidate
rd-6c09ae3b2ac740e25b9a5c0e,,family-cancellation-named-location,Cancel the saved reminder to water the basil for the errand.,"{""ambiguity_policy"":""act"",""item_count"":0,""items"":[],""operations"":[{""operation"":""cancel"",""scoped"":false,""target"":""water the basil for the errand""}],""shared_context"":{""location"":null,""person"":null,""temporal"":null}}","{""items"":[],""operations"":[{""operation"":""cancel"",""scoped"":false,""target"":""saved reminder to water the basil for the errand""}],""text"":""Cancel the saved reminder to water the basil for the errand.""}",cancellation_correctness:78b75480f29ec647,safety_critical|failure
rd-6fdf0960e00efe86debd2a8c,uncommon-proper-noun,family-single-task-weekend-context,Send the project update for the family trip with Xochitl Rivera at Farm Boy on Sat Aug 8 at 11:00 with Xochitl.,"{""ambiguity_policy"":""act"",""item_count"":1,""items"":[{""date"":""Sat Aug 8"",""facts"":[""send the project update for the family trip""],""forbidden_facts"":[],""location"":""Farm Boy"",""needs_review"":false,""negation"":false,""person"":""Xochitl Rivera"",""prohibition"":false,""recurrence"":null,""route"":""Today"",""state"":""outstanding"",""time"":""11:00"",""title"":""send the project update for the family trip"",""type"":""task""}],""operations"":[],""shared_context"":{""location"":null,""person"":null,""temporal"":null}}","{""items"":[{""analysis"":""Send the project update for the family trip with Xochitl Rivera at Farm Boy on Sat Aug 8 at 11:00 with Xochitl."",""delivery"":""none"",""due"":1786201200,""location"":""nil"",""needsReview"":false,""person"":null,""quote"":""Send the project update for the family trip with Xochitl Rivera at Farm Boy on Sat Aug 8 at 11:00 with Xochitl."",""rawQuote"":""Send the project update for the family trip with Xochitl Rivera at Farm Boy on Sat Aug 8 at 11:00 with Xochitl."",""recurrence"":""nil"",""reminder"":null,""route"":""Today"",""state"":""resolved"",""title"":""Send the project update for the family trip with Xochitl Rivera at Farm Boy on Sat Aug 8 at 11:00 with Xochitl"",""type"":""task"",""wasRepaired"":false}],""operations"":[],""text"":""Send the project update for the family trip with Xochitl Rivera at Farm Boy on Sat Aug 8 at 11:00 with Xochitl.""}",location_preservation|person_preservation|time_preservation:3c5d20b22ef4ee19,phenomenon_coverage|failure|suspicious_synthetic
rd-b584f0a0a6d21fdb6b842e59,,family-negative-statement-person-date,Make a note that the invoice was not sent for the birthday with Priya Shah on Tue Aug 4.,"{""ambiguity_policy"":""act"",""item_count"":1,""items"":[{""date"":""Tue Aug 4"",""facts"":[""record that the invoice was not sent for the birthday""],""forbidden_facts"":[],""location"":null,""needs_review"":false,""negation"":true,""person"":""Priya Shah"",""prohibition"":false,""recurrence"":null,""route"":""Memory"",""state"":""informational"",""time"":null,""title"":""record that the invoice was not sent for the birthday"",""type"":""memory""}],""operations"":[],""shared_context"":{""location"":null,""person"":null,""temporal"":null}}","{""items"":[{""analysis"":""Make a note that the invoice was not sent for the birthday with Priya Shah on Tue Aug 4."",""delivery"":""none"",""due"":null,""location"":""nil"",""needsReview"":false,""person"":null,""quote"":""Make a note that the invoice was not sent for the birthday with Priya Shah on Tue Aug 4."",""rawQuote"":""Make a note that the invoice was not sent for the birthday with Priya Shah on Tue Aug 4."",""recurrence"":""nil"",""reminder"":null,""route"":""Memory"",""state"":""resolved"",""title"":""The invoice was not sent for the birthday with Priya Shah on Tue Aug 4"",""type"":""note"",""wasRepaired"":false}],""operations"":[],""text"":""Make a note that the invoice was not sent for the birthday with Priya Shah on Tue Aug 4.""}",date_preservation|lost_information|person_preservation|title_content_preservation|type:83bc173f45bc750e,safety_critical|failure|compound_failure|ai_candidate
rd-bf0ec6cf8c3b9557b354df6e,rambling-introduction,family-single-task-plain,"Long story short, after everything that happened this week, Send the project update for the core project.","{""ambiguity_policy"":""act"",""item_count"":1,""items"":[{""date"":null,""facts"":[""send the project update for the core project""],""forbidden_facts"":[],""location"":null,""needs_review"":false,""negation"":false,""person"":null,""prohibition"":false,""recurrence"":null,""route"":""Today"",""state"":""outstanding"",""time"":null,""title"":""send the project update for the core project"",""type"":""task""}],""operations"":[],""shared_context"":{""location"":null,""person"":null,""temporal"":null}}","{""items"":[{""analysis"":""Long story short, after everything that happened this week"",""delivery"":""none"",""due"":null,""location"":""nil"",""needsReview"":false,""person"":null,""quote"":""Long story short, after everything that happened this week"",""rawQuote"":""Long story short, after everything that happened this week"",""recurrence"":""nil"",""reminder"":null,""route"":""Memory"",""state"":""resolved"",""title"":""Long story short, after everything that happened this week"",""type"":""note"",""wasRepaired"":false},{""analysis"":""Send the project update for the core project"",""delivery"":""none"",""due"":null,""location"":""nil"",""needsReview"":false,""person"":null,""quote"":""Send the project update for the core project"",""rawQuote"":""Send the project update for the core project"",""recurrence"":""nil"",""reminder"":null,""route"":""Today"",""state"":""resolved"",""title"":""Send the project update for the core project"",""type"":""task"",""wasRepaired"":false}],""operations"":[],""text"":""Long story short, after everything that happened this week, Send the project update for the core project.""}",item_count|over_split|routing|type|wrong_merge:41caf148a3bc59f8,phenomenon_coverage|failure|compound_failure|unusual_item_count
rd-d429c4c43a47ffe12657cdbe,ordinary-word-name,family-single-task-priority-context,Send the project update for the tax filing with Hope Reed on Wed Aug 5 with Hope.,"{""ambiguity_policy"":""act"",""item_count"":1,""items"":[{""date"":""Wed Aug 5"",""facts"":[""send the project update for the tax filing""],""forbidden_facts"":[],""location"":null,""needs_review"":false,""negation"":false,""person"":""Hope Reed"",""prohibition"":false,""recurrence"":null,""route"":""Today"",""state"":""outstanding"",""time"":null,""title"":""send the project update for the tax filing"",""type"":""task""}],""operations"":[],""shared_context"":{""location"":null,""person"":null,""temporal"":null}}","{""items"":[{""analysis"":""Send the project update for the tax filing with Hope Reed on Wed Aug 5 with Hope."",""delivery"":""none"",""due"":1785902400,""location"":""nil"",""needsReview"":false,""person"":null,""quote"":""Send the project update for the tax filing with Hope Reed on Wed Aug 5 with Hope."",""rawQuote"":""Send the project update for the tax filing with Hope Reed on Wed Aug 5 with Hope."",""recurrence"":""nil"",""reminder"":null,""route"":""Today"",""state"":""resolved"",""title"":""Send the project update for the tax filing with Hope Reed on Wed Aug 5 with Hope"",""type"":""task"",""wasRepaired"":false}],""operations"":[],""text"":""Send the project update for the tax filing with Hope Reed on Wed Aug 5 with Hope.""}",person_preservation:9d2282de9a52bc8a,phenomenon_coverage|failure|suspicious_synthetic
rd-c4c249160eee3600b066b8ce,filler-words|rephrasing|rambling-ending,family-exact-date-time-relative-date,"Okay, so, make sure I remember to join the dentist appointment for the travel plan on Tue Aug 4 at 16:15—yeah, that's what I meant.","{""ambiguity_policy"":""act"",""item_count"":1,""items"":[{""date"":""Tue Aug 4"",""facts"":[""join the dentist appointment for the travel plan""],""forbidden_facts"":[],""location"":null,""needs_review"":false,""negation"":false,""person"":null,""prohibition"":false,""recurrence"":null,""route"":""Today"",""state"":""outstanding"",""time"":""16:15"",""title"":""join the dentist appointment for the travel plan"",""type"":""reminder""}],""operations"":[],""shared_context"":{""location"":null,""person"":null,""temporal"":null}}","{""items"":[{""analysis"":""make sure I remember to join the dentist appointment for the travel plan on Tue Aug 4 at 4:15 pm—yeah, that's."",""delivery"":""none"",""due"":1785874500,""location"":""nil"",""needsReview"":false,""person"":null,""quote"":""make sure I remember to join the dentist appointment for the travel plan on Tue Aug 4 at 4:15 pm—yeah, that's."",""rawQuote"":""make sure I remember to join the dentist appointment for the travel plan on Tue Aug 4 at 16:15—yeah, that's"",""recurrence"":""nil"",""reminder"":null,""route"":""Today"",""state"":""resolved"",""title"":""Join the dentist appointment for the travel plan on Tue Aug 4 at 4:15 pm—yeah, that's"",""type"":""event"",""wasRepaired"":true}],""operations"":[],""text"":""Okay, so, make sure I remember to join the dentist appointment for the travel plan on Tue Aug 4 at 16:15—yeah, that's what I meant.""}",time_preservation|type:956fb00c919831ff,phenomenon_coverage|multi_phenomenon|failure|ai_candidate
rd-a25513f97aaca777ef5b7be4,question-mixed-with-action,family-task-plus-question-plain,"When do the doors open, and Call the venue for the core project. Also, ask when the doors open?","{""ambiguity_policy"":""act"",""item_count"":2,""items"":[{""date"":null,""facts"":[""call the venue for the core project""],""forbidden_facts"":[],""location"":null,""needs_review"":false,""negation"":false,""person"":null,""prohibition"":false,""recurrence"":null,""route"":""Today"",""state"":""outstanding"",""time"":null,""title"":""call the venue for the core project"",""type"":""task""},{""date"":null,""facts"":[""ask when the doors open""],""forbidden_facts"":[],""location"":null,""needs_review"":false,""negation"":false,""person"":null,""prohibition"":false,""recurrence"":null,""route"":""Memory"",""state"":""informational"",""time"":null,""title"":""ask when the doors open"",""type"":""note""}],""operations"":[],""shared_context"":{""location"":null,""person"":null,""temporal"":null}}","{""items"":[{""analysis"":""When do the doors open, and Call the venue for the core project. Also, ask when the doors open?"",""delivery"":""none"",""due"":null,""location"":""nil"",""needsReview"":true,""person"":null,""quote"":""When do the doors open, and Call the venue for the core project. Also, ask when the doors open?"",""rawQuote"":""When do the doors open, and Call the venue for the core project. Also, ask when the doors open?"",""recurrence"":""nil"",""reminder"":null,""route"":""Memory"",""state"":""resolved"",""title"":""When do the doors open, and Call the venue for the core project. Also, ask when the doors open?"",""type"":""unclear"",""wasRepaired"":false}],""operations"":[],""text"":""When do the doors open, and Call the venue for the core project. Also, ask when the doors open?""}",date_preservation|item_count|location_preservation|person_preservation|recurrence_preservation|routing|time_preservation|type|under_split|wrong_merge:d9a3178f3aa5350a,phenomenon_coverage|failure|compound_failure|unusual_item_count|suspicious_synthetic
rd-359daa1f9853f5c63e0def38,false-start|restart|sign-off-trailing-noise,family-change-of-mind-named-location,"I was going to say— no, let me start over. I need to order the blue notebook for the errand at Farm Boy, okay that's all.","{""ambiguity_policy"":""act"",""item_count"":1,""items"":[{""date"":null,""facts"":[""order the blue notebook for the errand""],""forbidden_facts"":[""order the red notebook""],""location"":""Farm Boy"",""needs_review"":false,""negation"":false,""person"":null,""prohibition"":false,""recurrence"":null,""route"":""Today"",""state"":""outstanding"",""time"":null,""title"":""order the blue notebook for the errand"",""type"":""task""}],""operations"":[],""shared_context"":{""location"":null,""person"":null,""temporal"":null}}","{""items"":[{""analysis"":""let me start over"",""delivery"":""none"",""due"":null,""location"":""nil"",""needsReview"":false,""person"":null,""quote"":""let me start over"",""rawQuote"":""let me start over"",""recurrence"":""nil"",""reminder"":null,""route"":""Memory"",""state"":""resolved"",""title"":""Let me start over"",""type"":""note"",""wasRepaired"":false},{""analysis"":""I need to order the blue notebook for the errand at Farm Boy, okay that's all"",""delivery"":""none"",""due"":null,""location"":""nil"",""needsReview"":false,""person"":null,""quote"":""I need to order the blue notebook for the errand at Farm Boy, okay that's all"",""rawQuote"":""I need to order the blue notebook for the errand at Farm Boy, okay that's all"",""recurrence"":""nil"",""reminder"":null,""route"":""Today"",""state"":""resolved"",""title"":""Order the blue notebook for the errand at Farm Boy, okay that's all"",""type"":""shopping"",""wasRepaired"":false}],""operations"":[],""text"":""I was going to say— no, let me start over. I need to order the blue notebook for the errand at Farm Boy, okay that's all.""}",item_count|location_preservation|over_split|routing|type|wrong_merge:e0e7cda5f91fed24,phenomenon_coverage|multi_phenomenon|failure|compound_failure|unusual_item_count|ai_candidate
rd-b8acd3e9f557f37d00aae45f,,family-prohibition-person-time,Do not send the confidential draft for the interview with Noah Brooks on Tue Aug 4 at 09:30.,"{""ambiguity_policy"":""act"",""item_count"":1,""items"":[{""date"":""Tue Aug 4"",""facts"":[""send the confidential draft for the interview""],""forbidden_facts"":[],""location"":null,""needs_review"":false,""negation"":true,""person"":""Noah Brooks"",""prohibition"":true,""recurrence"":null,""route"":""Today"",""state"":""outstanding"",""time"":""09:30"",""title"":""send the confidential draft for the interview"",""type"":""task""}],""operations"":[],""shared_context"":{""location"":null,""person"":null,""temporal"":null}}","{""items"":[],""operations"":[{""operation"":""cancel"",""scoped"":false,""target"":""send the confidential draft for the interview with noah brooks on tue aug 4 at 09:30""}],""text"":""Do not send the confidential draft for the interview with Noah Brooks on Tue Aug 4 at 09:30.""}",cancellation_correctness|date_preservation|false_negative_item_creation|item_count|location_preservation|lost_information|person_preservation|recurrence_preservation|routing|time_preservation|title_content_preservation|type|under_split|wrong_merge:38bbeb4049f60a00,safety_critical|failure|compound_failure|unusual_item_count
rd-edc78571adcd1b744dcfc88c,,family-cancellation-person-date,Cancel the saved reminder to water the basil for the birthday.,"{""ambiguity_policy"":""act"",""item_count"":0,""items"":[],""operations"":[{""operation"":""cancel"",""scoped"":false,""target"":""water the basil for the birthday""}],""shared_context"":{""location"":null,""person"":null,""temporal"":null}}","{""items"":[],""operations"":[{""operation"":""cancel"",""scoped"":false,""target"":""saved reminder to water the basil for the birthday""}],""text"":""Cancel the saved reminder to water the basil for the birthday.""}",cancellation_correctness:78b75480f29ec647,safety_critical|failure
rd-fc0a26ce3bb014b715789ed4,self-correction-person|hesitation|multiple-tasks|numbered-list|sign-off-trailing-noise,family-two-independent-tasks-priority-context,"Okay, two things. First, I need a reminder to buy oat milk for the tax filing with Hope Reed on Wed Aug 5. One more thing, make a task to call Maya about dinner, okay that's all.","{""ambiguity_policy"":""act"",""item_count"":2,""items"":[{""date"":""Wed Aug 5"",""facts"":[""buy oat milk for the tax filing""],""forbidden_facts"":[],""location"":null,""needs_review"":false,""negation"":false,""person"":""Hope Reed"",""prohibition"":false,""recurrence"":null,""route"":""Today"",""state"":""outstanding"",""time"":null,""title"":""buy oat milk for the tax filing"",""type"":""task""},{""date"":null,""facts"":[""call Maya about dinner""],""forbidden_facts"":[],""location"":null,""needs_review"":false,""negation"":false,""person"":null,""prohibition"":false,""recurrence"":null,""route"":""Today"",""state"":""outstanding"",""time"":null,""title"":""call Maya about dinner"",""type"":""task""}],""operations"":[],""shared_context"":{""location"":null,""person"":null,""temporal"":null}}","{""items"":[{""analysis"":""two things"",""delivery"":""none"",""due"":null,""location"":""nil"",""needsReview"":false,""person"":null,""quote"":""two things"",""rawQuote"":""two things"",""recurrence"":""nil"",""reminder"":null,""route"":""Memory"",""state"":""resolved"",""title"":""Two things"",""type"":""note"",""wasRepaired"":false},{""analysis"":""I need a reminder to buy oat milk for the tax filing with Hope Reed on Wed Aug 5"",""delivery"":""notification"",""due"":1785902400,""location"":""nil"",""needsReview"":false,""person"":null,""quote"":""I need a reminder to buy oat milk for the tax filing with Hope Reed on Wed Aug 5"",""rawQuote"":""I need a reminder to buy oat milk for the tax filing with Hope Reed on Wed Aug 5"",""recurrence"":""nil"",""reminder"":1785934800,""route"":""Today"",""state"":""resolved"",""title"":""Buy oat milk for the tax filing with Hope Reed on Wed Aug 5"",""type"":""shopping"",""wasRepaired"":false},{""analysis"":""make a task to call Maya about dinner, okay that's all"",""delivery"":""none"",""due"":null,""location"":""nil"",""needsReview"":false,""person"":""Maya"",""quote"":""make a task to call Maya about dinner, okay that's all"",""rawQuote"":""make a task to call Maya about dinner, okay that's all"",""recurrence"":""nil"",""reminder"":null,""route"":""Today"",""state"":""resolved"",""title"":""Make a task to call Maya about dinner, okay that's all"",""type"":""task"",""wasRepaired"":false}],""operations"":[],""text"":""Okay, two things. First, I need a reminder to buy oat milk for the tax filing with Hope Reed on Wed Aug 5. One more thing, make a task to call Maya about dinner, okay that's all.""}",date_preservation|item_count|over_split|person_preservation|routing|time_preservation|type|wrong_merge:526b222cdfd9ae67,phenomenon_coverage|multi_phenomenon|failure|compound_failure|unusual_item_count|ai_candidate
rd-fd86673b46bd7c06417fb263,false-start|sign-off-trailing-noise,family-cancellation-shared-context,"I nearly forgot— cancel the saved reminder to water the basil for the launch. Thanks, that's it.","{""ambiguity_policy"":""act"",""item_count"":0,""items"":[],""operations"":[{""operation"":""cancel"",""scoped"":false,""target"":""water the basil for the launch""}],""shared_context"":{""location"":null,""person"":null,""temporal"":null}}","{""items"":[{""analysis"":""I nearly forgot— cancel the saved reminder to water the basil for the launch"",""delivery"":""none"",""due"":null,""location"":""nil"",""needsReview"":false,""person"":null,""quote"":""I nearly forgot— cancel the saved reminder to water the basil for the launch"",""rawQuote"":""I nearly forgot— cancel the saved reminder to water the basil for the launch"",""recurrence"":""nil"",""reminder"":null,""route"":""Memory"",""state"":""resolved"",""title"":""I nearly forgot— cancel the saved reminder to water the basil for the launch"",""type"":""note"",""wasRepaired"":false},{""analysis"":""Thanks, that's it"",""delivery"":""none"",""due"":null,""location"":""nil"",""needsReview"":false,""person"":null,""quote"":""Thanks, that's it"",""rawQuote"":""Thanks, that's it"",""recurrence"":""nil"",""reminder"":null,""route"":""Memory"",""state"":""resolved"",""title"":""Thanks, that's it"",""type"":""note"",""wasRepaired"":false}],""operations"":[],""text"":""I nearly forgot— cancel the saved reminder to water the basil for the launch. Thanks, that's it.""}",cancellation_correctness|false_positive_item_creation|item_count|over_split|routing|type|wrong_merge:ac0ac0aa1037c5c2,phenomenon_coverage|safety_critical|multi_phenomenon|failure|compound_failure|unusual_item_count|ai_candidate
rd-442628e9869a7577a8f651f1,punctuation-loss,family-single-task-plain,Send the project update for the core project,"{""ambiguity_policy"":""act"",""item_count"":1,""items"":[{""date"":null,""facts"":[""send the project update for the core project""],""forbidden_facts"":[],""location"":null,""needs_review"":false,""negation"":false,""person"":null,""prohibition"":false,""recurrence"":null,""route"":""Today"",""state"":""outstanding"",""time"":null,""title"":""send the project update for the core project"",""type"":""task""}],""operations"":[],""shared_context"":{""location"":null,""person"":null,""temporal"":null}}","{""items"":[{""analysis"":""Send the project update for the core project"",""delivery"":""none"",""due"":null,""location"":""nil"",""needsReview"":false,""person"":null,""quote"":""Send the project update for the core project"",""rawQuote"":""Send the project update for the core project"",""recurrence"":""nil"",""reminder"":null,""route"":""Today"",""state"":""resolved"",""title"":""Send the project update for the core project"",""type"":""task"",""wasRepaired"":false}],""operations"":[],""text"":""Send the project update for the core project""}",,phenomenon_coverage
rd-ee6b03669b48743091b247ba,rambling-introduction|filler-words,family-change-of-mind-shared-context,"Right, just getting this out of my head: remind me to order the blue notebook for the launch with Elena Costa at Farm Boy on Fri Aug 7 at 14:00.","{""ambiguity_policy"":""act"",""item_count"":1,""items"":[{""date"":""Fri Aug 7"",""facts"":[""order the blue notebook for the launch""],""forbidden_facts"":[""order the red notebook""],""location"":""Farm Boy"",""needs_review"":false,""negation"":false,""person"":""Elena Costa"",""prohibition"":false,""recurrence"":null,""route"":""Today"",""state"":""outstanding"",""time"":""14:00"",""title"":""order the blue notebook for the launch"",""type"":""task""}],""operations"":[],""shared_context"":{""location"":null,""person"":null,""temporal"":null}}","{""items"":[{""analysis"":""just getting this out of my head: remind me to order the blue notebook for the launch with Elena Costa at Farm Boy on Fri Aug 7 at 2:00 pm."",""delivery"":""notification"",""due"":1786125600,""location"":""nil"",""needsReview"":false,""person"":null,""quote"":""just getting this out of my head: remind me to order the blue notebook for the launch with Elena Costa at Farm Boy on Fri Aug 7 at 2:00 pm."",""rawQuote"":""just getting this out of my head: remind me to order the blue notebook for the launch with Elena Costa at Farm Boy on Fri Aug 7 at 14:00"",""recurrence"":""nil"",""reminder"":1786125600,""route"":""Today"",""state"":""resolved"",""title"":""Getting this out of my head: remind me to order the blue notebook for the launch with Elena Costa at Farm Boy on Fri Aug 7 at 2:00 pm"",""type"":""task"",""wasRepaired"":true}],""operations"":[],""text"":""Right, just getting this out of my head: remind me to order the blue notebook for the launch with Elena Costa at Farm Boy on Fri Aug 7 at 14:00.""}",location_preservation|person_preservation:f96a2e27ff510dea,phenomenon_coverage|multi_phenomenon|failure|ai_candidate
rd-56cd28643194a8b75ea20a17,ambiguous-pronoun,family-ambiguous-review-plain,Maya told Priya to do this for her: Maybe send the document to her for the core project.,"{""ambiguity_policy"":""review"",""item_count"":1,""items"":[{""date"":null,""facts"":[""send the document to her for the core project""],""forbidden_facts"":[],""location"":null,""needs_review"":true,""negation"":false,""person"":null,""prohibition"":false,""recurrence"":null,""route"":""Memory"",""state"":""uncertain"",""time"":null,""title"":""send the document to her for the core project"",""type"":""note""}],""operations"":[],""shared_context"":{""location"":null,""person"":null,""temporal"":null}}","{""items"":[{""analysis"":""Maya told Priya to do this for her: Maybe"",""delivery"":""none"",""due"":null,""location"":""nil"",""needsReview"":false,""person"":""Maya"",""quote"":""Maya told Priya to do this for her: Maybe"",""rawQuote"":""Maya told Priya to do this for her: Maybe"",""recurrence"":""nil"",""reminder"":null,""route"":""Memory"",""state"":""resolved"",""title"":""Maya told Priya to do this for her: Maybe"",""type"":""note"",""wasRepaired"":false},{""analysis"":""send the document to her for the core project"",""delivery"":""none"",""due"":null,""location"":""nil"",""needsReview"":false,""person"":""Maya"",""quote"":""send the document to her for the core project"",""rawQuote"":""send the document to her for the core project"",""recurrence"":""nil"",""reminder"":null,""route"":""Today"",""state"":""resolved"",""title"":""Send the document to her for the core project"",""type"":""task"",""wasRepaired"":false}],""operations"":[],""text"":""Maya told Priya to do this for her: Maybe send the document to her for the core project.""}",invented_information|item_count|over_split|person_preservation|review_ambiguity_behavior|routing|type|wrong_merge:ddd9ef3ee141ba18,phenomenon_coverage|failure|compound_failure|unusual_item_count
rd-fe68c20ea705e6add2eeffe4,uncertainty|change-of-intent|sign-off-trailing-noise,family-ambiguous-review-plain,"Maybe this is a task, maybe it's only a thought— I'm not sure whether this is a task or just something to keep, but I want to remember that send the document to her for the core project, okay that's all.","{""ambiguity_policy"":""review"",""item_count"":1,""items"":[{""date"":null,""facts"":[""send the document to her for the core project""],""forbidden_facts"":[],""location"":null,""needs_review"":true,""negation"":false,""person"":null,""prohibition"":false,""recurrence"":null,""route"":""Memory"",""state"":""uncertain"",""time"":null,""title"":""send the document to her for the core project"",""type"":""note""}],""operations"":[],""shared_context"":{""location"":null,""person"":null,""temporal"":null}}","{""items"":[{""analysis"":""Maybe this is a task, maybe it's only a thought— I'm not sure whether this is a task or just something to keep, but I want to remember that send the document to her for the core project, okay that's all."",""delivery"":""none"",""due"":null,""location"":""nil"",""needsReview"":false,""person"":null,""quote"":""Maybe this is a task, maybe it's only a thought— I'm not sure whether this is a task or just something to keep, but I want to remember that send the document to her for the core project, okay that's all."",""rawQuote"":""Maybe this is a task, maybe it's only a thought— I'm not sure whether this is a task or just something to keep, but I want to remember that send the document to her for the core project, okay that's all."",""recurrence"":""nil"",""reminder"":null,""route"":""Today"",""state"":""resolved"",""title"":""This is a task, maybe it's only a thought— I'm not sure whether this is a task or just something to keep, but I want to remember that send the document to her for the core project, okay that's all"",""type"":""task"",""wasRepaired"":false}],""operations"":[],""text"":""Maybe this is a task, maybe it's only a thought— I'm not sure whether this is a task or just something to keep, but I want to remember that send the document to her for the core project, okay that's all.""}",review_ambiguity_behavior|routing|type:f8100f4eecde71a2,phenomenon_coverage|multi_phenomenon|failure|ai_candidate|suspicious_synthetic
rd-49194f6d81a6db7e64ab531b,uncertainty|change-of-intent|sign-off-trailing-noise,family-ambiguous-review-relative-date,"Maybe this is a task, maybe it's only a thought— I'm not sure whether this is a task or just something to keep, but a note for later: send the document to her for the travel plan, okay that's all.","{""ambiguity_policy"":""review"",""item_count"":1,""items"":[{""date"":null,""facts"":[""send the document to her for the travel plan""],""forbidden_facts"":[],""location"":null,""needs_review"":true,""negation"":false,""person"":null,""prohibition"":false,""recurrence"":null,""route"":""Memory"",""state"":""uncertain"",""time"":null,""title"":""send the document to her for the travel plan"",""type"":""note""}],""operations"":[],""shared_context"":{""location"":null,""person"":null,""temporal"":null}}","{""items"":[{""analysis"":""Maybe this is a task, maybe it's only a thought— I'm not sure whether this is a task or just something to keep, but a note for later:"",""delivery"":""none"",""due"":null,""location"":""nil"",""needsReview"":false,""person"":null,""quote"":""Maybe this is a task, maybe it's only a thought— I'm not sure whether this is a task or just something to keep, but a note for later:"",""rawQuote"":""Maybe this is a task, maybe it's only a thought— I'm not sure whether this is a task or just something to keep, but a note for later:"",""recurrence"":""nil"",""reminder"":null,""route"":""Memory"",""state"":""resolved"",""title"":""This is a task, maybe it's only a thought— I'm not sure whether this is a task or just something to keep, but a note for later"",""type"":""note"",""wasRepaired"":false},{""analysis"":""send the document to her for the travel plan, okay that's all"",""delivery"":""none"",""due"":null,""location"":""nil"",""needsReview"":false,""person"":null,""quote"":""send the document to her for the travel plan, okay that's all"",""rawQuote"":""send the document to her for the travel plan, okay that's all"",""recurrence"":""nil"",""reminder"":null,""route"":""Today"",""state"":""resolved"",""title"":""Send the document to her for the travel plan, okay that's all"",""type"":""task"",""wasRepaired"":false}],""operations"":[],""text"":""Maybe this is a task, maybe it's only a thought— I'm not sure whether this is a task or just something to keep, but a note for later: send the document to her for the travel plan, okay that's all.""}",item_count|over_split|review_ambiguity_behavior|routing|type|wrong_merge:833bef5128c2d87b,phenomenon_coverage|multi_phenomenon|failure|compound_failure|unusual_item_count|ai_candidate|suspicious_synthetic
rd-03a1d4cebf1f5bad7036ead4,negation,family-negative-statement-plain,"Okay, it is not true that record that the invoice was not sent for the core project.","{""ambiguity_policy"":""act"",""item_count"":1,""items"":[{""date"":null,""facts"":[""record that the invoice was not sent for the core project""],""forbidden_facts"":[],""location"":null,""needs_review"":false,""negation"":true,""person"":null,""prohibition"":false,""recurrence"":null,""route"":""Memory"",""state"":""informational"",""time"":null,""title"":""record that the invoice was not sent for the core project"",""type"":""memory""}],""operations"":[],""shared_context"":{""location"":null,""person"":null,""temporal"":null}}","{""items"":[{""analysis"":""it is not true that record that the invoice was not sent for the core project."",""delivery"":""none"",""due"":null,""location"":""nil"",""needsReview"":false,""person"":null,""quote"":""it is not true that record that the invoice was not sent for the core project."",""rawQuote"":""it is not true that record that the invoice was not sent for the core project"",""recurrence"":""nil"",""reminder"":null,""route"":""Memory"",""state"":""resolved"",""title"":""It is not true that record that the invoice was not sent for the core project"",""type"":""note"",""wasRepaired"":false}],""operations"":[],""text"":""Okay, it is not true that record that the invoice was not sent for the core project.""}",type:177d7631d2f6bfa4,phenomenon_coverage|safety_critical|failure|suspicious_synthetic
rd-26ddb728d7440e1b038c2cdc,rephrasing,family-single-task-plain,"Send the project update for the core project; in other words, make sure that gets done.","{""ambiguity_policy"":""act"",""item_count"":1,""items"":[{""date"":null,""facts"":[""send the project update for the core project""],""forbidden_facts"":[],""location"":null,""needs_review"":false,""negation"":false,""person"":null,""prohibition"":false,""recurrence"":null,""route"":""Today"",""state"":""outstanding"",""time"":null,""title"":""send the project update for the core project"",""type"":""task""}],""operations"":[],""shared_context"":{""location"":null,""person"":null,""temporal"":null}}","{""items"":[{""analysis"":""Send the project update for the core project"",""delivery"":""none"",""due"":null,""location"":""nil"",""needsReview"":false,""person"":null,""quote"":""Send the project update for the core project"",""rawQuote"":""Send the project update for the core project"",""recurrence"":""nil"",""reminder"":null,""route"":""Today"",""state"":""resolved"",""title"":""Send the project update for the core project"",""type"":""task"",""wasRepaired"":false},{""analysis"":""in other words"",""delivery"":""none"",""due"":null,""location"":""nil"",""needsReview"":false,""person"":null,""quote"":""in other words"",""rawQuote"":""in other words"",""recurrence"":""nil"",""reminder"":null,""route"":""Memory"",""state"":""resolved"",""title"":""In other words"",""type"":""note"",""wasRepaired"":false},{""analysis"":""make sure that gets done"",""delivery"":""none"",""due"":null,""location"":""nil"",""needsReview"":false,""person"":null,""quote"":""make sure that gets done"",""rawQuote"":""make sure that gets done"",""recurrence"":""nil"",""reminder"":null,""route"":""Today"",""state"":""resolved"",""title"":""Make sure that gets done"",""type"":""task"",""wasRepaired"":false}],""operations"":[],""text"":""Send the project update for the core project; in other words, make sure that gets done.""}",item_count|over_split|routing|type|wrong_merge:41caf148a3bc59f8,phenomenon_coverage|failure|compound_failure|unusual_item_count
rd-46972e81db1a1c89dc6c6116,exact-time,family-exact-date-time-exact-time,Join the dentist appointment for the appointment on Thu Aug 6 at 16:15 at exactly four fifteen.,"{""ambiguity_policy"":""act"",""item_count"":1,""items"":[{""date"":""Thu Aug 6"",""facts"":[""join the dentist appointment for the appointment""],""forbidden_facts"":[],""location"":null,""needs_review"":false,""negation"":false,""person"":null,""prohibition"":false,""recurrence"":null,""route"":""Today"",""state"":""outstanding"",""time"":""16:15"",""title"":""join the dentist appointment for the appointment"",""type"":""reminder""}],""operations"":[],""shared_context"":{""location"":null,""person"":null,""temporal"":null}}","{""items"":[{""analysis"":""Join the dentist appointment for the appointment on Thu Aug 6 at 4:15 pm at exactly four fifteen."",""delivery"":""none"",""due"":1786047300,""location"":""nil"",""needsReview"":false,""person"":null,""quote"":""Join the dentist appointment for the appointment on Thu Aug 6 at 4:15 pm at exactly four fifteen."",""rawQuote"":""Join the dentist appointment for the appointment on Thu Aug 6 at 16:15 at exactly four fifteen"",""recurrence"":""nil"",""reminder"":null,""route"":""Today"",""state"":""resolved"",""title"":""Join the dentist appointment for the appointment on Thu Aug 6 at 4:15 pm at exactly four fifteen"",""type"":""event"",""wasRepaired"":true}],""operations"":[],""text"":""Join the dentist appointment for the appointment on Thu Aug 6 at 16:15 at exactly four fifteen.""}",time_preservation|type:956fb00c919831ff,phenomenon_coverage|failure|suspicious_synthetic
rd-99932c9b128db43487b05450,self-correction-person|hesitation|sign-off-trailing-noise,family-exact-date-time-person,"This is for Sam— sorry, for Maya Chen. make sure I remember to join the dentist appointment for the client account with Maya Chen on Tue Aug 4 at 16:15, okay that's all.","{""ambiguity_policy"":""act"",""item_count"":1,""items"":[{""date"":""Tue Aug 4"",""facts"":[""join the dentist appointment for the client account""],""forbidden_facts"":[],""location"":null,""needs_review"":false,""negation"":false,""person"":""Maya Chen"",""prohibition"":false,""recurrence"":null,""route"":""Today"",""state"":""outstanding"",""time"":""16:15"",""title"":""join the dentist appointment for the client account"",""type"":""reminder""}],""operations"":[],""shared_context"":{""location"":null,""person"":null,""temporal"":null}}","{""items"":[{""analysis"":""for Maya Chen"",""delivery"":""none"",""due"":null,""location"":""nil"",""needsReview"":false,""person"":null,""quote"":""for Maya Chen"",""rawQuote"":""for Sam— sorry, for Maya Chen"",""recurrence"":""nil"",""reminder"":null,""route"":""Memory"",""state"":""resolved"",""title"":""For Maya Chen"",""type"":""note"",""wasRepaired"":true},{""analysis"":""make sure I remember to join the dentist appointment for the client account with Maya Chen on Tue Aug 4 at 4:15 pm, okay that's all"",""delivery"":""none"",""due"":1785874500,""location"":""nil"",""needsReview"":false,""person"":null,""quote"":""make sure I remember to join the dentist appointment for the client account with Maya Chen on Tue Aug 4 at 4:15 pm, okay that's all"",""rawQuote"":""make sure I remember to join the dentist appointment for the client account with Maya Chen on Tue Aug 4 at 16:15, okay that's all"",""recurrence"":""nil"",""reminder"":null,""route"":""Today"",""state"":""resolved"",""title"":""Join the dentist appointment for the client account with Maya Chen on Tue Aug 4 at 4:15 pm, okay that's all"",""type"":""event"",""wasRepaired"":true}],""operations"":[],""text"":""This is for Sam— sorry, for Maya Chen. make sure I remember to join the dentist appointment for the client account with Maya Chen on Tue Aug 4 at 16:15, okay that's all.""}",date_preservation|item_count|over_split|person_preservation|routing|time_preservation|type|wrong_merge:526b222cdfd9ae67,phenomenon_coverage|multi_phenomenon|failure|compound_failure|unusual_item_count|ai_candidate
rd-51779ecbdca80a31b0b0147f,self-correction-person|hesitation|sign-off-trailing-noise,family-completed-action-priority-context,"This is for Sam— sorry, for Hope Reed. I already file the tax receipt for the tax filing with Hope Reed on Wed Aug 5, okay that's all.","{""ambiguity_policy"":""act"",""item_count"":1,""items"":[{""date"":""Wed Aug 5"",""facts"":[""file the tax receipt for the tax filing""],""forbidden_facts"":[],""location"":null,""needs_review"":false,""negation"":false,""person"":""Hope Reed"",""prohibition"":false,""recurrence"":null,""route"":""Memory"",""state"":""completed"",""time"":null,""title"":""file the tax receipt for the tax filing"",""type"":""memory""}],""operations"":[],""shared_context"":{""location"":null,""person"":null,""temporal"":null}}","{""items"":[{""analysis"":""for Hope Reed"",""delivery"":""none"",""due"":null,""location"":""nil"",""needsReview"":false,""person"":null,""quote"":""for Hope Reed"",""rawQuote"":""for Sam— sorry, for Hope Reed"",""recurrence"":""nil"",""reminder"":null,""route"":""Memory"",""state"":""resolved"",""title"":""For Hope Reed"",""type"":""note"",""wasRepaired"":true},{""analysis"":""I already file the tax receipt for the tax filing with Hope Reed on Wed Aug 5, okay that's all"",""delivery"":""none"",""due"":null,""location"":""nil"",""needsReview"":false,""person"":null,""quote"":""I already file the tax receipt for the tax filing with Hope Reed on Wed Aug 5, okay that's all"",""rawQuote"":""I already file the tax receipt for the tax filing with Hope Reed on Wed Aug 5, okay that's all"",""recurrence"":""nil"",""reminder"":null,""route"":""Memory"",""state"":""resolved"",""title"":""I already file the tax receipt for the tax filing with Hope Reed on Wed Aug 5, okay that's all"",""type"":""note"",""wasRepaired"":false}],""operations"":[],""text"":""This is for Sam— sorry, for Hope Reed. I already file the tax receipt for the tax filing with Hope Reed on Wed Aug 5, okay that's all.""}",date_preservation|item_count|over_split|person_preservation|routing|type|wrong_merge:59da48662667f98e,phenomenon_coverage|multi_phenomenon|failure|compound_failure|unusual_item_count|ai_candidate
rd-53ae66282f5bb1a976fb7d33,self-correction-time|hesitation|multiple-tasks|numbered-list|sign-off-trailing-noise,family-two-tasks-shared-time-named-location,"Okay, two things. First, remind me to submit the expense report for the errand at Farm Boy on Tue Aug 4 at 16:15; and also I need a reminder to call Maya about dinner with Maya Chen at Farm Boy on Tue Aug 4 at 16:15, okay that's all.","{""ambiguity_policy"":""act"",""item_count"":2,""items"":[{""date"":""Tue Aug 4"",""facts"":[""submit the expense report for the errand""],""forbidden_facts"":[],""location"":""Farm Boy"",""needs_review"":false,""negation"":false,""person"":null,""prohibition"":false,""recurrence"":null,""route"":""Today"",""state"":""outstanding"",""time"":""16:15"",""title"":""submit the expense report for the errand"",""type"":""task""},{""date"":""Tue Aug 4"",""facts"":[""call Maya about dinner""],""forbidden_facts"":[],""location"":""Farm Boy"",""needs_review"":false,""negation"":false,""person"":""Maya Chen"",""prohibition"":false,""recurrence"":null,""route"":""Today"",""state"":""outstanding"",""time"":""16:15"",""title"":""call Maya about dinner"",""type"":""task""}],""operations"":[],""shared_context"":{""location"":null,""person"":null,""temporal"":""Tue Aug 4 16:15""}}","{""items"":[{""analysis"":""two things"",""delivery"":""none"",""due"":null,""location"":""nil"",""needsReview"":false,""person"":null,""quote"":""two things"",""rawQuote"":""two things"",""recurrence"":""nil"",""reminder"":null,""route"":""Memory"",""state"":""resolved"",""title"":""Two things"",""type"":""note"",""wasRepaired"":false},{""analysis"":""remind me to submit the expense report for the errand at Farm Boy on Tue Aug 4 at 4:15 pm"",""delivery"":""notification"",""due"":1785874500,""location"":""nil"",""needsReview"":false,""person"":null,""quote"":""remind me to submit the expense report for the errand at Farm Boy on Tue Aug 4 at 4:15 pm"",""rawQuote"":""remind me to submit the expense report for the errand at Farm Boy on Tue Aug 4 at 16:15; and"",""recurrence"":""nil"",""reminder"":1785874500,""route"":""Today"",""state"":""resolved"",""title"":""Submit the expense report for the errand at Farm Boy on Tue Aug 4"",""type"":""task"",""wasRepaired"":true},{""analysis"":""I need a reminder to call Maya about dinner with Maya Chen at Farm Boy on Tue Aug 4 at 4:15 pm, okay that's all"",""delivery"":""notification"",""due"":1785874500,""location"":""nil"",""needsReview"":false,""person"":""Maya"",""quote"":""I need a reminder to call Maya about dinner with Maya Chen at Farm Boy on Tue Aug 4 at 4:15 pm, okay that's all"",""rawQuote"":""I need a reminder to call Maya about dinner with Maya Chen at Farm Boy on Tue Aug 4 at 16:15, okay that's all"",""recurrence"":""nil"",""reminder"":1785874500,""route"":""Today"",""state"":""resolved"",""title"":""Call Maya about dinner with Maya Chen at Farm Boy on Tue Aug 4 at 4:15 pm, okay that's all"",""type"":""personFollowUp"",""wasRepaired"":true}],""operations"":[],""text"":""Okay, two things. First, remind me to submit the expense report for the errand at Farm Boy on Tue Aug 4 at 16:15; and also I need a reminder to call Maya about dinner with Maya Chen at Farm Boy on Tue Aug 4 at 16:15, okay that's all.""}",date_preservation|item_count|location_preservation|over_split|person_preservation|routing|time_preservation|type|wrong_merge:db1ec0a9416b5b37,phenomenon_coverage|multi_phenomenon|failure|compound_failure|unusual_item_count|ai_candidate
rd-c6857defa7453f576b541d16,information-mixed-with-action,family-information-plus-task-plain,"The shelf is empty, and The tea shelf is empty. Also, order more tea for the core project.","{""ambiguity_policy"":""act"",""item_count"":2,""items"":[{""date"":null,""facts"":[""the tea shelf is empty""],""forbidden_facts"":[],""location"":null,""needs_review"":false,""negation"":false,""person"":null,""prohibition"":false,""recurrence"":null,""route"":""Memory"",""state"":""informational"",""time"":null,""title"":""the tea shelf is empty"",""type"":""memory""},{""date"":null,""facts"":[""order more tea for the core project""],""forbidden_facts"":[],""location"":null,""needs_review"":false,""negation"":false,""person"":null,""prohibition"":false,""recurrence"":null,""route"":""Today"",""state"":""outstanding"",""time"":null,""title"":""order more tea for the core project"",""type"":""task""}],""operations"":[],""shared_context"":{""location"":null,""person"":null,""temporal"":null}}","{""items"":[{""analysis"":""The shelf is empty"",""delivery"":""none"",""due"":null,""location"":""nil"",""needsReview"":false,""person"":null,""quote"":""The shelf is empty"",""rawQuote"":""The shelf is empty"",""recurrence"":""nil"",""reminder"":null,""route"":""Memory"",""state"":""resolved"",""title"":""The shelf is empty"",""type"":""note"",""wasRepaired"":false},{""analysis"":""The tea shelf is empty"",""delivery"":""none"",""due"":null,""location"":""nil"",""needsReview"":false,""person"":null,""quote"":""The tea shelf is empty"",""rawQuote"":""The tea shelf is empty"",""recurrence"":""nil"",""reminder"":null,""route"":""Memory"",""state"":""resolved"",""title"":""The tea shelf is empty"",""type"":""note"",""wasRepaired"":false},{""analysis"":""order more tea for the core project"",""delivery"":""none"",""due"":null,""location"":""nil"",""needsReview"":false,""person"":null,""quote"":""order more tea for the core project"",""rawQuote"":""order more tea for the core project"",""recurrence"":""nil"",""reminder"":null,""route"":""Today"",""state"":""resolved"",""title"":""Order more tea for the core project"",""type"":""shopping"",""wasRepaired"":false}],""operations"":[],""text"":""The shelf is empty, and The tea shelf is empty. Also, order more tea for the core project.""}",item_count|over_split|routing|type|wrong_merge:41caf148a3bc59f8,phenomenon_coverage|failure|compound_failure|unusual_item_count|suspicious_synthetic
rd-6b5b2d7c599994a72b0cc8d7,filler-words|rephrasing|rambling-ending,family-person-fact-person-time,"Okay, so, remember that the design-team detail for the interview with Noah Brooks on Tue Aug 4 at 09:30—yeah, that's what I meant.","{""ambiguity_policy"":""act"",""item_count"":1,""items"":[{""date"":""Tue Aug 4"",""facts"":[""remember the design-team detail for the interview""],""forbidden_facts"":[],""location"":null,""needs_review"":false,""negation"":false,""person"":""Noah Brooks"",""prohibition"":false,""recurrence"":null,""route"":""Memory"",""state"":""informational"",""time"":""09:30"",""title"":""remember the design-team detail for the interview"",""type"":""personFact""}],""operations"":[],""shared_context"":{""location"":null,""person"":null,""temporal"":null}}","{""items"":[{""analysis"":""remember that the design-team detail for the interview with Noah Brooks on Tue Aug 4 at 09:30—yeah, that's."",""delivery"":""none"",""due"":null,""location"":""nil"",""needsReview"":false,""person"":null,""quote"":""remember that the design-team detail for the interview with Noah Brooks on Tue Aug 4 at 09:30—yeah, that's."",""rawQuote"":""remember that the design-team detail for the interview with Noah Brooks on Tue Aug 4 at 09:30—yeah, that's"",""recurrence"":""nil"",""reminder"":null,""route"":""Memory"",""state"":""resolved"",""title"":""The design-team detail for the interview with Noah Brooks on Tue Aug 4 at 09:30—yeah, that's"",""type"":""note"",""wasRepaired"":false}],""operations"":[],""text"":""Okay, so, remember that the design-team detail for the interview with Noah Brooks on Tue Aug 4 at 09:30—yeah, that's what I meant.""}",date_preservation|lost_information|person_preservation|time_preservation|title_content_preservation|type:0fbebdf060ccbc56,phenomenon_coverage|multi_phenomenon|failure|compound_failure|ai_candidate
rd-d9a57975c873d6e56bace6b1,,family-cancellation-relative-date,Cancel the saved reminder to water the basil for the travel plan.,"{""ambiguity_policy"":""act"",""item_count"":0,""items"":[],""operations"":[{""operation"":""cancel"",""scoped"":false,""target"":""water the basil for the travel plan""}],""shared_context"":{""location"":null,""person"":null,""temporal"":null}}","{""items"":[{""analysis"":""Cancel the saved reminder to water the basil for the travel plan."",""delivery"":""none"",""due"":null,""location"":""nil"",""needsReview"":false,""person"":null,""quote"":""Cancel the saved reminder to water the basil for the travel plan."",""rawQuote"":""Cancel the saved reminder to water the basil for the travel plan."",""recurrence"":""nil"",""reminder"":null,""route"":""Today"",""state"":""resolved"",""title"":""Cancel the saved reminder to water the basil for the travel plan"",""type"":""task"",""wasRepaired"":false}],""operations"":[],""text"":""Cancel the saved reminder to water the basil for the travel plan.""}",cancellation_correctness|false_positive_item_creation|item_count|over_split|routing|type|wrong_merge:ac0ac0aa1037c5c2,safety_critical|failure|compound_failure|unusual_item_count
rd-da29547a1dfa575bc11c3987,hesitation|sign-off-trailing-noise,family-recurrence-person-date,"Hmm, I need a reminder to take out the recycling for the birthday with Priya Shah on Tue Aug 4 every Tuesday; yeah, keep that for me.","{""ambiguity_policy"":""act"",""item_count"":1,""items"":[{""date"":""Tue Aug 4"",""facts"":[""take out the recycling for the birthday""],""forbidden_facts"":[],""location"":null,""needs_review"":false,""negation"":false,""person"":""Priya Shah"",""prohibition"":false,""recurrence"":""weekly:tuesday"",""route"":""Today"",""state"":""outstanding"",""time"":null,""title"":""take out the recycling for the birthday"",""type"":""reminder""}],""operations"":[],""shared_context"":{""location"":null,""person"":null,""temporal"":null}}","{""items"":[{""analysis"":""I need a reminder to take out the recycling for the birthday with Priya Shah on Tue Aug 4 every Tuesday"",""delivery"":""notification"",""due"":1785848400,""location"":""nil"",""needsReview"":false,""person"":null,""quote"":""I need a reminder to take out the recycling for the birthday with Priya Shah on Tue Aug 4 every Tuesday"",""rawQuote"":""I need a reminder to take out the recycling for the birthday with Priya Shah on Tue Aug 4 every Tuesday"",""recurrence"":""weekly x1 days[3]"",""reminder"":1785848400,""route"":""Today"",""state"":""resolved"",""title"":""Take out the recycling for the birthday with Priya Shah on Tue Aug 4 every Tuesday"",""type"":""task"",""wasRepaired"":false},{""analysis"":""yeah, keep that for me"",""delivery"":""none"",""due"":null,""location"":""nil"",""needsReview"":false,""person"":null,""quote"":""yeah, keep that for me"",""rawQuote"":""yeah, keep that for me"",""recurrence"":""nil"",""reminder"":null,""route"":""Today"",""state"":""resolved"",""title"":""Keep that for me"",""type"":""task"",""wasRepaired"":false}],""operations"":[],""text"":""Hmm, I need a reminder to take out the recycling for the birthday with Priya Shah on Tue Aug 4 every Tuesday; yeah, keep that for me.""}",item_count|over_split|person_preservation|routing|time_preservation|type|wrong_merge:fec4b5ad8290f659,phenomenon_coverage|multi_phenomenon|failure|compound_failure|unusual_item_count|ai_candidate
rd-480d7ff3d7204072a2a7a1c3,self-correction-quantity,family-single-task-plain,Get two— make that three. Send the project update for the core project.,"{""ambiguity_policy"":""act"",""item_count"":1,""items"":[{""date"":null,""facts"":[""send the project update for the core project""],""forbidden_facts"":[],""location"":null,""needs_review"":false,""negation"":false,""person"":null,""prohibition"":false,""recurrence"":null,""route"":""Today"",""state"":""outstanding"",""time"":null,""title"":""send the project update for the core project"",""type"":""task""}],""operations"":[],""shared_context"":{""location"":null,""person"":null,""temporal"":null}}","{""items"":[{""analysis"":""Get three"",""delivery"":""none"",""due"":null,""location"":""nil"",""needsReview"":false,""person"":null,""quote"":""Get three"",""rawQuote"":""Get two— make that three"",""recurrence"":""nil"",""reminder"":null,""route"":""Today"",""state"":""resolved"",""title"":""Get three"",""type"":""shopping"",""wasRepaired"":true},{""analysis"":""Send the project update for the core project"",""delivery"":""none"",""due"":null,""location"":""nil"",""needsReview"":false,""person"":null,""quote"":""Send the project update for the core project"",""rawQuote"":""Send the project update for the core project"",""recurrence"":""nil"",""reminder"":null,""route"":""Today"",""state"":""resolved"",""title"":""Send the project update for the core project"",""type"":""task"",""wasRepaired"":false}],""operations"":[],""text"":""Get two— make that three. Send the project update for the core project.""}",item_count|over_split|routing|type|wrong_merge:41caf148a3bc59f8,phenomenon_coverage|failure|compound_failure|unusual_item_count|suspicious_synthetic
rd-8a0d1ae4729cc14800474a9e,store-brand-product-name,family-single-task-named-location,Send the project update for the errand at Farm Boy at Farm Boy using Oatly.,"{""ambiguity_policy"":""act"",""item_count"":1,""items"":[{""date"":null,""facts"":[""send the project update for the errand""],""forbidden_facts"":[],""location"":""Farm Boy"",""needs_review"":false,""negation"":false,""person"":null,""prohibition"":false,""recurrence"":null,""route"":""Today"",""state"":""outstanding"",""time"":null,""title"":""send the project update for the errand"",""type"":""task""}],""operations"":[],""shared_context"":{""location"":null,""person"":null,""temporal"":null}}","{""items"":[{""analysis"":""Send the project update for the errand at Farm Boy at Farm Boy using Oatly."",""delivery"":""none"",""due"":null,""location"":""nil"",""needsReview"":false,""person"":null,""quote"":""Send the project update for the errand at Farm Boy at Farm Boy using Oatly."",""rawQuote"":""Send the project update for the errand at Farm Boy at Farm Boy using Oatly."",""recurrence"":""nil"",""reminder"":null,""route"":""Today"",""state"":""resolved"",""title"":""Send the project update for the errand at Farm Boy at Farm Boy using Oatly"",""type"":""task"",""wasRepaired"":false}],""operations"":[],""text"":""Send the project update for the errand at Farm Boy at Farm Boy using Oatly.""}",location_preservation:ebb663aabb81d6cd,phenomenon_coverage|failure|suspicious_synthetic
rd-9f8b1db9973f7e3ebcbd7f3c,hesitation|sign-off-trailing-noise,family-information-plus-task-person-date,"Hmm, a note for later: the tea shelf is empty. One more thing, make sure I remember to order more tea for the birthday with Priya Shah on Tue Aug 4; yeah, keep that for me.","{""ambiguity_policy"":""act"",""item_count"":2,""items"":[{""date"":null,""facts"":[""the tea shelf is empty""],""forbidden_facts"":[],""location"":null,""needs_review"":false,""negation"":false,""person"":null,""prohibition"":false,""recurrence"":null,""route"":""Memory"",""state"":""informational"",""time"":null,""title"":""the tea shelf is empty"",""type"":""memory""},{""date"":""Tue Aug 4"",""facts"":[""order more tea for the birthday""],""forbidden_facts"":[],""location"":null,""needs_review"":false,""negation"":false,""person"":""Priya Shah"",""prohibition"":false,""recurrence"":null,""route"":""Today"",""state"":""outstanding"",""time"":null,""title"":""order more tea for the birthday"",""type"":""task""}],""operations"":[],""shared_context"":{""location"":null,""person"":null,""temporal"":null}}","{""items"":[{""analysis"":""a note for later: the tea shelf is empty"",""delivery"":""none"",""due"":null,""location"":""nil"",""needsReview"":false,""person"":null,""quote"":""a note for later: the tea shelf is empty"",""rawQuote"":""a note for later: the tea shelf is empty"",""recurrence"":""nil"",""reminder"":null,""route"":""Memory"",""state"":""resolved"",""title"":""A note for later: the tea shelf is empty"",""type"":""note"",""wasRepaired"":false},{""analysis"":""make sure I remember to order more tea for the birthday with Priya Shah on Tue Aug 4"",""delivery"":""none"",""due"":1785816000,""location"":""nil"",""needsReview"":false,""person"":null,""quote"":""make sure I remember to order more tea for the birthday with Priya Shah on Tue Aug 4"",""rawQuote"":""make sure I remember to order more tea for the birthday with Priya Shah on Tue Aug 4"",""recurrence"":""nil"",""reminder"":null,""route"":""Today"",""state"":""resolved"",""title"":""Order more tea for the birthday with Priya Shah on Tue Aug 4"",""type"":""shopping"",""wasRepaired"":false},{""analysis"":""yeah, keep that for me"",""delivery"":""none"",""due"":null,""location"":""nil"",""needsReview"":false,""person"":null,""quote"":""yeah, keep that for me"",""rawQuote"":""yeah, keep that for me"",""recurrence"":""nil"",""reminder"":null,""route"":""Today"",""state"":""resolved"",""title"":""Keep that for me"",""type"":""task"",""wasRepaired"":false}],""operations"":[],""text"":""Hmm, a note for later: the tea shelf is empty. One more thing, make sure I remember to order more tea for the birthday with Priya Shah on Tue Aug 4; yeah, keep that for me.""}",item_count|over_split|person_preservation|routing|type|wrong_merge:4c4ae53501d94c23,phenomenon_coverage|multi_phenomenon|failure|compound_failure|unusual_item_count|ai_candidate
rd-c9f410bad1f0704aec730085,false-start,family-single-task-plain,"I was going to send— sorry, Send the project update for the core project.","{""ambiguity_policy"":""act"",""item_count"":1,""items"":[{""date"":null,""facts"":[""send the project update for the core project""],""forbidden_facts"":[],""location"":null,""needs_review"":false,""negation"":false,""person"":null,""prohibition"":false,""recurrence"":null,""route"":""Today"",""state"":""outstanding"",""time"":null,""title"":""send the project update for the core project"",""type"":""task""}],""operations"":[],""shared_context"":{""location"":null,""person"":null,""temporal"":null}}","{""items"":[{""analysis"":""Send the project update for the core project."",""delivery"":""none"",""due"":null,""location"":""nil"",""needsReview"":false,""person"":null,""quote"":""Send the project update for the core project."",""rawQuote"":""send— sorry, Send the project update for the core project"",""recurrence"":""nil"",""reminder"":null,""route"":""Today"",""state"":""resolved"",""title"":""Send the project update for the core project"",""type"":""task"",""wasRepaired"":true}],""operations"":[],""text"":""I was going to send— sorry, Send the project update for the core project.""}",,phenomenon_coverage
rd-07bc54aae85101b47e3cc763,rambling-ending,family-single-task-plain,"Send the project update for the core project, because this whole week has been a bit chaotic and I do not want it to slip.","{""ambiguity_policy"":""act"",""item_count"":1,""items"":[{""date"":null,""facts"":[""send the project update for the core project""],""forbidden_facts"":[],""location"":null,""needs_review"":false,""negation"":false,""person"":null,""prohibition"":false,""recurrence"":null,""route"":""Today"",""state"":""outstanding"",""time"":null,""title"":""send the project update for the core project"",""type"":""task""}],""operations"":[],""shared_context"":{""location"":null,""person"":null,""temporal"":null}}","{""items"":[{""analysis"":""Send the project update for the core project, because this whole week has been a bit chaotic"",""delivery"":""none"",""due"":null,""location"":""nil"",""needsReview"":false,""person"":null,""quote"":""Send the project update for the core project, because this whole week has been a bit chaotic"",""rawQuote"":""Send the project update for the core project, because this whole week has been a bit chaotic"",""recurrence"":""nil"",""reminder"":null,""route"":""Today"",""state"":""resolved"",""title"":""Send the project update for the core project, because this whole week has been a bit chaotic"",""type"":""task"",""wasRepaired"":false},{""analysis"":""I do not want it to slip"",""delivery"":""none"",""due"":null,""location"":""nil"",""needsReview"":true,""person"":null,""quote"":""I do not want it to slip"",""rawQuote"":""I do not want it to slip"",""recurrence"":""nil"",""reminder"":null,""route"":""Memory"",""state"":""resolved"",""title"":""I do not want it to slip"",""type"":""unclear"",""wasRepaired"":false}],""operations"":[],""text"":""Send the project update for the core project, because this whole week has been a bit chaotic and I do not want it to slip.""}",item_count|over_split|routing|type|wrong_merge:41caf148a3bc59f8,phenomenon_coverage|failure|compound_failure|unusual_item_count
rd-ccc876ad8f5e2370e9929595,partial-thought,family-partial-review-plain,Maybe follow up about the p…,"{""ambiguity_policy"":""preserve-only"",""item_count"":1,""items"":[{""date"":null,""facts"":[""follow up about the proposal for the core project""],""forbidden_facts"":[],""location"":null,""needs_review"":true,""negation"":false,""person"":null,""prohibition"":false,""recurrence"":null,""route"":""Memory"",""state"":""uncertain"",""time"":null,""title"":""follow up about the proposal for the core project"",""type"":""note""}],""operations"":[],""shared_context"":{""location"":null,""person"":null,""temporal"":null}}","{""items"":[{""analysis"":""Maybe follow up about the p…"",""delivery"":""none"",""due"":null,""location"":""nil"",""needsReview"":false,""person"":null,""quote"":""Maybe follow up about the p…"",""rawQuote"":""Maybe follow up about the p…"",""recurrence"":""nil"",""reminder"":null,""route"":""Today"",""state"":""resolved"",""title"":""Follow up about the p…"",""type"":""task"",""wasRepaired"":false}],""operations"":[],""text"":""Maybe follow up about the p…""}",lost_information|review_ambiguity_behavior|routing|title_content_preservation|type:0a06fa634e9cedb4,phenomenon_coverage|failure|compound_failure
rd-480be73105a03c000d451984,,family-prohibition-person-date,Do not send the confidential draft for the birthday with Priya Shah on Tue Aug 4.,"{""ambiguity_policy"":""act"",""item_count"":1,""items"":[{""date"":""Tue Aug 4"",""facts"":[""send the confidential draft for the birthday""],""forbidden_facts"":[],""location"":null,""needs_review"":false,""negation"":true,""person"":""Priya Shah"",""prohibition"":true,""recurrence"":null,""route"":""Today"",""state"":""outstanding"",""time"":null,""title"":""send the confidential draft for the birthday"",""type"":""task""}],""operations"":[],""shared_context"":{""location"":null,""person"":null,""temporal"":null}}","{""items"":[],""operations"":[{""operation"":""cancel"",""scoped"":false,""target"":""send the confidential draft for the birthday with priya shah on tue aug 4""}],""text"":""Do not send the confidential draft for the birthday with Priya Shah on Tue Aug 4.""}",cancellation_correctness|date_preservation|false_negative_item_creation|item_count|location_preservation|lost_information|person_preservation|recurrence_preservation|routing|time_preservation|title_content_preservation|type|under_split|wrong_merge:38bbeb4049f60a00,safety_critical|failure|compound_failure|unusual_item_count
rd-83e1f6798f76237bd28894fb,short-fragment,family-single-task-plain,project update for the core project.,"{""ambiguity_policy"":""act"",""item_count"":1,""items"":[{""date"":null,""facts"":[""send the project update for the core project""],""forbidden_facts"":[],""location"":null,""needs_review"":false,""negation"":false,""person"":null,""prohibition"":false,""recurrence"":null,""route"":""Today"",""state"":""outstanding"",""time"":null,""title"":""send the project update for the core project"",""type"":""task""}],""operations"":[],""shared_context"":{""location"":null,""person"":null,""temporal"":null}}","{""items"":[{""analysis"":""project update for the core project."",""delivery"":""none"",""due"":null,""location"":""nil"",""needsReview"":false,""person"":null,""quote"":""project update for the core project."",""rawQuote"":""project update for the core project."",""recurrence"":""nil"",""reminder"":null,""route"":""Memory"",""state"":""resolved"",""title"":""Project update for the core project"",""type"":""note"",""wasRepaired"":false}],""operations"":[],""text"":""project update for the core project.""}",lost_information|routing|title_content_preservation|type:a1b169908c850816,phenomenon_coverage|failure
rd-39c7ddd890ad868987b29af7,self-correction-person|hesitation|sign-off-trailing-noise,family-person-fact-exact-time,"This is for Sam— sorry, for Maya Chen. I want to remember that the design-team detail for the appointment with Maya Chen on Thu Aug 6 at 16:15, okay that's all.","{""ambiguity_policy"":""act"",""item_count"":1,""items"":[{""date"":""Thu Aug 6"",""facts"":[""remember the design-team detail for the appointment""],""forbidden_facts"":[],""location"":null,""needs_review"":false,""negation"":false,""person"":""Maya Chen"",""prohibition"":false,""recurrence"":null,""route"":""Memory"",""state"":""informational"",""time"":""16:15"",""title"":""remember the design-team detail for the appointment"",""type"":""personFact""}],""operations"":[],""shared_context"":{""location"":null,""person"":null,""temporal"":null}}","{""items"":[{""analysis"":""for Maya Chen"",""delivery"":""none"",""due"":null,""location"":""nil"",""needsReview"":false,""person"":null,""quote"":""for Maya Chen"",""rawQuote"":""for Sam— sorry, for Maya Chen"",""recurrence"":""nil"",""reminder"":null,""route"":""Memory"",""state"":""resolved"",""title"":""For Maya Chen"",""type"":""note"",""wasRepaired"":true},{""analysis"":""I want to remember that the design-team detail for the appointment with Maya Chen on Thu Aug 6 at 4:15 pm, okay that's all"",""delivery"":""none"",""due"":null,""location"":""nil"",""needsReview"":false,""person"":null,""quote"":""I want to remember that the design-team detail for the appointment with Maya Chen on Thu Aug 6 at 4:15 pm, okay that's all"",""rawQuote"":""I want to remember that the design-team detail for the appointment with Maya Chen on Thu Aug 6 at 16:15, okay that's all"",""recurrence"":""nil"",""reminder"":null,""route"":""Memory"",""state"":""resolved"",""title"":""The design-team detail for the appointment with Maya Chen on Thu Aug 6 at 4:15 pm, okay that's all"",""type"":""note"",""wasRepaired"":true}],""operations"":[],""text"":""This is for Sam— sorry, for Maya Chen. I want to remember that the design-team detail for the appointment with Maya Chen on Thu Aug 6 at 16:15, okay that's all.""}",date_preservation|item_count|lost_information|over_split|person_preservation|routing|time_preservation|title_content_preservation|type|wrong_merge:5aea71c436e466bc,phenomenon_coverage|multi_phenomenon|failure|compound_failure|unusual_item_count|ai_candidate
rd-caa968c1ae59184059f3b279,uncertainty|change-of-intent|sign-off-trailing-noise,family-ambiguous-review-priority-context,"Maybe this is a task, maybe it's only a thought— I'm not sure whether this is a task or just something to keep, but remember that send the document to her for the tax filing with Hope Reed, okay that's all.","{""ambiguity_policy"":""review"",""item_count"":1,""items"":[{""date"":null,""facts"":[""send the document to her for the tax filing""],""forbidden_facts"":[],""location"":null,""needs_review"":true,""negation"":false,""person"":""Hope Reed"",""prohibition"":false,""recurrence"":null,""route"":""Memory"",""state"":""uncertain"",""time"":null,""title"":""send the document to her for the tax filing"",""type"":""note""}],""operations"":[],""shared_context"":{""location"":null,""person"":null,""temporal"":null}}","{""items"":[{""analysis"":""Maybe this is a task, maybe it's only a thought— I'm not sure whether this is a task or just something to keep, but remember that send the document to her for the tax filing with Hope Reed, okay that's all."",""delivery"":""none"",""due"":null,""location"":""nil"",""needsReview"":false,""person"":null,""quote"":""Maybe this is a task, maybe it's only a thought— I'm not sure whether this is a task or just something to keep, but remember that send the document to her for the tax filing with Hope Reed, okay that's all."",""rawQuote"":""Maybe this is a task, maybe it's only a thought— I'm not sure whether this is a task or just something to keep, but remember that send the document to her for the tax filing with Hope Reed, okay that's all."",""recurrence"":""nil"",""reminder"":null,""route"":""Memory"",""state"":""resolved"",""title"":""This is a task, maybe it's only a thought— I'm not sure whether this is a task or just something to keep, but remember that send the document to her for the tax filing with Hope Reed, okay that's all"",""type"":""note"",""wasRepaired"":false}],""operations"":[],""text"":""Maybe this is a task, maybe it's only a thought— I'm not sure whether this is a task or just something to keep, but remember that send the document to her for the tax filing with Hope Reed, okay that's all.""}",person_preservation|review_ambiguity_behavior:70d7a26bcbf573eb,phenomenon_coverage|multi_phenomenon|failure|ai_candidate|suspicious_synthetic
rd-683e78c36e81492f70f18d6c,lowercase,family-single-task-plain,send the project update for the core project.,"{""ambiguity_policy"":""act"",""item_count"":1,""items"":[{""date"":null,""facts"":[""send the project update for the core project""],""forbidden_facts"":[],""location"":null,""needs_review"":false,""negation"":false,""person"":null,""prohibition"":false,""recurrence"":null,""route"":""Today"",""state"":""outstanding"",""time"":null,""title"":""send the project update for the core project"",""type"":""task""}],""operations"":[],""shared_context"":{""location"":null,""person"":null,""temporal"":null}}","{""items"":[{""analysis"":""send the project update for the core project."",""delivery"":""none"",""due"":null,""location"":""nil"",""needsReview"":false,""person"":null,""quote"":""send the project update for the core project."",""rawQuote"":""send the project update for the core project."",""recurrence"":""nil"",""reminder"":null,""route"":""Today"",""state"":""resolved"",""title"":""Send the project update for the core project"",""type"":""task"",""wasRepaired"":false}],""operations"":[],""text"":""send the project update for the core project.""}",,phenomenon_coverage
rd-e2b1f8ffe420c1135006393b,location-inheritance,family-two-tasks-shared-location-named-location,"At the office, Print the handouts for the errand at Farm Boy. Also, call Maya about dinner with Maya Chen at Farm Boy.","{""ambiguity_policy"":""act"",""item_count"":2,""items"":[{""date"":null,""facts"":[""print the handouts for the errand""],""forbidden_facts"":[],""location"":""Farm Boy"",""needs_review"":false,""negation"":false,""person"":null,""prohibition"":false,""recurrence"":null,""route"":""Today"",""state"":""outstanding"",""time"":null,""title"":""print the handouts for the errand"",""type"":""task""},{""date"":null,""facts"":[""call Maya about dinner""],""forbidden_facts"":[],""location"":""Farm Boy"",""needs_review"":false,""negation"":false,""person"":""Maya Chen"",""prohibition"":false,""recurrence"":null,""route"":""Today"",""state"":""outstanding"",""time"":null,""title"":""call Maya about dinner"",""type"":""task""}],""operations"":[],""shared_context"":{""location"":""Farm Boy"",""person"":null,""temporal"":null}}","{""items"":[{""analysis"":""At the office"",""delivery"":""none"",""due"":null,""location"":""nil"",""needsReview"":false,""person"":null,""quote"":""At the office"",""rawQuote"":""At the office"",""recurrence"":""nil"",""reminder"":null,""route"":""Memory"",""state"":""resolved"",""title"":""At the office"",""type"":""note"",""wasRepaired"":false},{""analysis"":""Print the handouts for the errand at Farm Boy"",""delivery"":""none"",""due"":null,""location"":""nil"",""needsReview"":false,""person"":null,""quote"":""Print the handouts for the errand at Farm Boy"",""rawQuote"":""Print the handouts for the errand at Farm Boy"",""recurrence"":""nil"",""reminder"":null,""route"":""Today"",""state"":""resolved"",""title"":""Print the handouts for the errand at Farm Boy"",""type"":""task"",""wasRepaired"":false},{""analysis"":""call Maya about dinner with Maya Chen at Farm Boy"",""delivery"":""none"",""due"":null,""location"":""nil"",""needsReview"":false,""person"":""Maya"",""quote"":""call Maya about dinner with Maya Chen at Farm Boy"",""rawQuote"":""call Maya about dinner with Maya Chen at Farm Boy"",""recurrence"":""nil"",""reminder"":null,""route"":""Today"",""state"":""resolved"",""title"":""Call Maya about dinner with Maya Chen at Farm Boy"",""type"":""personFollowUp"",""wasRepaired"":false}],""operations"":[],""text"":""At the office, Print the handouts for the errand at Farm Boy. Also, call Maya about dinner with Maya Chen at Farm Boy.""}",item_count|location_preservation|over_split|person_preservation|routing|type|wrong_merge:7a4b1f0a4471c5d1,phenomenon_coverage|failure|compound_failure|unusual_item_count|suspicious_synthetic
rd-f071d16a5ce5b42a8c5eb566,filler-words|hesitation|rambling-introduction,family-reminder-relative-date,"So there's one thing, um, I need a reminder to water the basil for the travel plan on Tue Aug 4, and that's everything.","{""ambiguity_policy"":""act"",""item_count"":1,""items"":[{""date"":""Tue Aug 4"",""facts"":[""water the basil for the travel plan""],""forbidden_facts"":[],""location"":null,""needs_review"":false,""negation"":false,""person"":null,""prohibition"":false,""recurrence"":null,""route"":""Today"",""state"":""outstanding"",""time"":null,""title"":""water the basil for the travel plan"",""type"":""reminder""}],""operations"":[],""shared_context"":{""location"":null,""person"":null,""temporal"":null}}","{""items"":[{""analysis"":""there's one thing, I need a reminder to water the basil for the travel plan on Tue Aug 4"",""delivery"":""notification"",""due"":1785816000,""location"":""nil"",""needsReview"":false,""person"":null,""quote"":""there's one thing, I need a reminder to water the basil for the travel plan on Tue Aug 4"",""rawQuote"":""there's one thing, um, I need a reminder to water the basil for the travel plan on Tue Aug 4"",""recurrence"":""nil"",""reminder"":1785848400,""route"":""Today"",""state"":""resolved"",""title"":""There's one thing, I need a reminder to water the basil for the travel plan on Tue Aug 4"",""type"":""task"",""wasRepaired"":true},{""analysis"":""that's everything"",""delivery"":""none"",""due"":null,""location"":""nil"",""needsReview"":false,""person"":null,""quote"":""that's everything"",""rawQuote"":""that's everything"",""recurrence"":""nil"",""reminder"":null,""route"":""Memory"",""state"":""resolved"",""title"":""That's everything"",""type"":""note"",""wasRepaired"":false}],""operations"":[],""text"":""So there's one thing, um, I need a reminder to water the basil for the travel plan on Tue Aug 4, and that's everything.""}",item_count|over_split|routing|time_preservation|type|wrong_merge:5e5842ef74e4a709,phenomenon_coverage|multi_phenomenon|failure|compound_failure|unusual_item_count|ai_candidate
